ref:FR:prix-carburants,brand,name,operator,branch
65310001,Carrefour,Carrefour,Casino,
73230001,Avia,Avia,Avia,
36000016,TotalEnergies,Relais Total De Tout Vent,Total,
20115001,Esso,Esso,Esso,
36000009,TotalEnergies,Total Access,,
38220002,Total,Total,Total,
4100001,,La station U,,
2880001,,Station Marché Sa Auto Pieces,Groupement des Mousquetaires,
41500001,Station U,,Super U,
45500008,TotalEnergies,TotalEnergies,Total,
76290001,Auchan,Auchan,Auchan,
69210002,,,Carrefour,
42300012,TotalEnergies,TotalEnergies,,
42640001,TotalEnergies,Total Contact,,
42470006,TotalEnergies,TotalEnergies,,
14990002,Intermarché,,,
1090001,Auchan,Auchan,Groupe Auchan,
41170002,Super U,Super U,,
75007004,Total,Total,,
75016026,Eni,ENI,,
51490001,Intermarché,,,
34700001,Super U,,,
80570001,Carrefour Contact,Carrefour Contact,,
80460003,Carrefour Contact,Carrefour,,
28150001,,,Carrefour Market,
69500009,TotalÉnergies Access,,Total,
14470001,TotalEnergies,TotalEnergies,,
74540001,TotalEnergies,TotalEnergies,Total,
14520004,Super U,Super U,Super U,
31270007,Total Access,Total Access,,
77190005,Total Access,Total Access,,
91190001,Carrefour,Carrefour,,
53100001,Carrefour,Carrefour,,
6320003,Esso,Esso,,
62840004,Carrefour,,,
95270004,Avia,Avia,,
83980002,,Garage Saint-Christophe,Garage Saint-Christophe,
80380001,Total,Total,,
62130006,Total Energies,Station Essence,,
62560003,Carrefour Contact,Carrefour Contact,,
22290003,Goëlo Services,,,
74500002,Carrefour,Carrefour,,
76330002,Carrefour,Carrefour,Carrefour,
62240003,Esso Express,Esso Express,Esso Express,
80240001,Carrefour,,,
24350002,Intermarché,Intermarché,,
24480001,Total,Total,Poilleux,
74000014,Total Access,Relais des Alluèges,Total,
50000001,Carrefour,Carrefour station,Carrefour,
78170006,BP,Esso,Esso,
68200004,,Cora,Cora,
22220001,,La Station U,,
31450009,Dyneff,Dyneff,E. Leclerc,
73420004,E.Leclerc,Station Service E. Leclerc,,
13200016,TotalEnergies,Total Access,,
69220008,Netto,Netto,,
67550003,TotalEnergies,Total,,
67170008,TotalEnergies,TotalEnergies,Total,
45000008,Total Access,Total Access,Total,
36500004,Intermarché,,,
84700007,Carrefour,Nano Carrefour,,
56450007,Carrefour,Carrefour Market,Carrefour Market,
50750002,Elan,Elan,Elan,
32340001,,,SA Val Fleuri de Miradoux,
62550002,Carrefour,Carrefour,,
7200010,Carrefour Market,Carrefour Market,,
78980001,Intermarché,Intermarché,Groupement des Mousquetaires,
92500015,Esso,Esso,,
64100010,Carrefour,Carrefour Market,,
64240005,Carrefour,Carrefour Market,,
64300007,Système U,Station U,,
40110001,Système U,Station U,,
40110003,Total,Total,,
40120001,Carrefour,Carrefour Contact,,
64480005,Total,Total Contact,,
64370001,Carrefour,Carrefour Contact,,
40150001,Intermarché,Intermarché,,
40160001,Super U,Super U,Super U,
40310001,Système U,Station U,,
40190003,Carrefour,Carrefour Market,,
40270005,Total,Total,,
40320001,,Aire C,,
60260001,Carrefour Market,Carrefour Market,,
27150003,Super U,,,
40370001,Carrefour,Carrefour Express,,
40320002,,Aire C,,
40465002,Intermarché,Intermarché,,
72120004,Elan,Elan,Garage Roquain,
69430004,Dyneff,Dyneff,Garage Deprele,
69460006,,Automobiles Germain Calvignac,,
69430001,Total,Total,,
50160001,Carrefour,Carrefour,Carrefour Market,
69380008,Intermarché,Intermarché,,
29160005,Total,Total,,
69150001,Esso Express,Esso Express,,
27290001,Intermarché,,Groupement des Mousquetaires,
64150003,Total,,,
54970001,Intermarché,Intermarché,,
59550003,Gulf,,,
38300022,Fuel For Planet,,,
45160006,Total,Relais du Coudray,Total Access,
76116003,Total,Total,,
31770004,Esso Express,Esso Express,Esso,
45400006,TotalEnergies,Total,Relais Total des Aubrais,
71120002,Intermarché,Intermarché,Groupement des Mousquetaires,
80210001,Carrefour,Carrefour,,
76220009,Total,Total,Total,
14230003,Carrefour,Carrefour,,
54700010,Total,Total,Total,
59222001,Carrefour,Carrefour,,
59440001,Carrefour,Carrefour,,
59620005,E.Leclerc,Station Service E.Leclerc,,
38000018,Eni,Eni,,
78250003,Auchan,Auchan,Auchan,
60110006,TotalEnergies,TotalEnergies Access,TotalEnergies,
21160001,Carrefour,Carrefour,Carrefour,
9500001,TotalEnergies,TotalEnergies,,
80420004,Intermarché,Intermarché,,
80470001,BP,BP,,
80580001,E.Leclerc,E. Leclerc,,
43190002,,3c Carburants,,
52100008,Esso,Station Esso Express,Esso,
80690001,Elan,Elan,,
73000014,TotalEnergies,Total Access,Total,
54200007,,Carrefour,Cora,
31290004,Total,Total,Mr Martinez,
38142001,Avia,Le Relais de l'Oisans,Avia,
38620002,Carrefour,,,
5700001,Système U,Station U,,
45370002,Carrefour,Carrefour Contact,,
53500003,Total,Total,,
26390001,Intermarché,Intermarché Hauterives,SAS Blaisani,
25320001,Carrefour Contact,Carrefour Contact,,
6600010,,,Esso,
72650004,Système U,Système U,,
82100007,Total,Total Contact,Total,
69680003,Intermarché,Intermarché,,
62100014,,Ets Caron,Ets Caron,
26210001,Super U,,Unico,
8400004,Carrefour,Carrefour,Carrefour,
13011016,TotalEnergies,TotalEnergies,,
93120005,TotalEnergies,TotalEnergies,,
16700007,Dyneff,Dyneff,,
22000013,TotalEnergies,Total - La Croix St Lambert,,
22000011,TotalEnergies,Total Access,,
13230001,Intermarché,Intermarché,Groupement des Mousquetaires,
63210002,Avia,Avia,,
62210002,Auchan,Auchan,,
29520005,E.Leclerc,E. Leclerc,,
22400011,TotalEnergies,Total,,
21110003,Esso,Esso,Esso,
18000014,Carrefour,Carrefour Market,,
31130011,TotalEnergies,,,
40550001,Carrefour Market,Carrefour Market,Carrefour Market,
22240001,TotalEnergies,Total Contact,Total,
45200001,Carrefour,Carrefour,Carrefour,
25640009,Shell,Shell,,
47500007,Intermarché,Bricomarché,,
38150001,Carrefour,Carrefour Station-Service,Carrefour,
78970001,Carrefour Market,Carrefour Market,,
76750001,Carrefour,Carrefour,,
54300011,TotalEnergies,TotalEnergies,TotalEnergies,
62370002,,G20,,
8300006,Intermarché,,,
62330001,Carrefour,Carrefour,,
50440002,Système U,Station U,,
2340002,Gulf,,,
62380003,E.Leclerc,E. Leclerc,,
62380002,Système U,Station U,,
14310004,E.Leclerc,E. Leclerc,,
65200005,Intermarché,Intermarché,Groupement des Mousquetaires,
83560011,TotalEnergies,Total Energies,,
54240002,Esso Express,Esso Express,,
50160004,Esso,Esso,Esso,
62620002,Carrefour,Carrefour,,
94000004,Esso Express,Esso Express,,
60005001,TotalEnergies,Total Energies,,
84740002,TotalEnergies,TotalEnergies,Total Energie,
71510001,Avia,Avia,,
71800001,Avia,Avia,,
94290003,Intermarché,Intermarché,Groupement des Mousquetaires,
21270001,Avia,Avia,,
55140001,Intermarché,Intermarché,Groupement des Mousquetaires,
74270006,Netto,Netto,SAS Aunibo,Netto
5130004,Système U,,,
62800001,Carrefour,Carrefour,,
62990001,Carrefour,Carrefour Market,,
62730003,,C4T,,
94440001,Intermarché,Intermarché,,
6150011,Eni,Eni,,
8140003,Casino,Géant Casino,,
1120008,TotalEnergies,Total,Total,
41150005,Intermarché,Intermarché,,
63350001,Auchan,Auchan,Auchan,
59246005,Carrefour,Carrefour,,
61400001,Super U,,Super U,
50220002,Carrefour,,,
77390003,Carrefour Market,Carrefour Market,,
51210001,Carrefour,Carrefour,,
28170001,Carrefour,,,
22100010,E. Leclerc,,,
50540001,Total,,,
64100014,Total Access,Total Access,,
1120009,Avia,Avia,Avia,
76680005,TotalEnergies,TotalEnergies,TotalEnergies,
37210002,Système U,Système U,Super U,
37100012,Système U,Système U,,
4120006,Auchan,Auchan,Auchan,
12300005,Super U,Super U,,
11500005,Carrefour,Carrefour,,
25115001,Super U,Super U,Super U,
1440002,Total,SVI Viriat,,
8240001,TotalEnergies,TotalEnergies - Garage de la Bar,,
73200003,Carrefour,,,
63960002,Avia,Avia,,
88360002,Intermarché,,,
70300007,E. Leclerc,,,
56100012,Total,Station Total,Total,
56850003,Total,,SAS AUVENDIS SAS AUVENDIS,
29000015,Intermarché,Intermarché,Intermarché,
1120009,Avia,Avia,Avia,
33187002,TotalEnergies,TotalEnergies,Total,
11000013,Intermarché,Intermarché,,
62280003,Auchan,C. C. Auchan,Auchan,
1640003,TotalEnergies,Total,SARL CEYZERIAT,
33127002,TotalEnergies,TotalEnergies,,
34250003,Total,Total Access,Total,
13170013,Eni,Eni,,
1390013,Carrefour,Carrefour,,
1250007,Fulli,Fulli,Fulli,
68000015,,,Pôle position,
29380001,,,Groupement des Mousquetaires,
36260002,Carrefour,Carrefour,,
93100015,TotalEnergies,TotalEnergies,,
62147001,Avia,Station Avia,Avia,
1480006,Intermarché,Intermarché,,
12200006,Elan,Elan,Elan,
35131002,Carrefour,Carrefour,Carrefour,
35220002,Système U,Station U,,
61000009,Total,Total,,
30240004,,La Station du Sud,,
82400009,,Louda,BP,
8210001,Esso,Esso,,
35133002,,Bolloré Energy,,
8130003,Carrefour,Carrefour Contact,,
64140006,Netto,Intermarché,,
38200017,Carrefour Market,Carrefour Market,Carrefour,
31140005,Aire C,,,
67100007,Avia,Avia,Avia,
6160008,Eni,Eni,Agip,
18000018,Total,Relais Total Bourges Camping,Total,
57071001,Carrefour,Carrefour,Carrefour,
82000015,TotalEnergies,Relais Total du Tescou,Total,
83600024,BP,BP,,
29200004,TotalEnergies,Total Access,Ateliers Caugant SA,
20240004,,Vito,,
10100001,Carrefour,Carrefour,,
36400006,,Etablissements Aubrun,,
93100017,BP,Esso,,
69360010,Système U,Station U,,
24800004,Intermarché,Intermarché,,
69009007,TotalEnergies,Total,,
30460001,,Super Lasalle,,
82300005,Intermarché,Intermarché,,
13124004,E.Leclerc,Station Service E.Leclerc,,
20137006,Total,Total,Total,
69380007,Avia,Avia,Avia,
75001003,OIL!,Oil France,,
33720009,Carrefour,Carrefour Contact,,
59190005,Elan,Elan,,
11100002,Dyneff,Dyneff,,
74330004,E.Leclerc,Station Service E.Leclerc,,
76200004,Total Access,Total Access,TotalEnergies,
50340006,TotalEnergies,Total,,
42500013,E.Leclerc,Station E. Leclerc,,
50200012,TotalEnergies,Total,,
38160007,Avia,Avia,,
72130001,Système U,Station U,,
87230003,TotalEnergies,Total Contact,,
33110003,Monoprix,Monoprix,Groupe Casino,
50000009,Intermarché,Intermarché,,
50420002,Carrefour Contact,Carrefour contact,,
38140009,Netto,,,
66160004,TotalEnergies,TotalEnergies,,
19600001,Carrefour Contact,Carrefour Contact,,
38300026,Eni,Eni,,
38300027,Carrefour Market,Super Eco,Super Eco,
38300025,Netto,Netto,Netto,
38460005,,Mancipoz,,
72220002,Total,Total,Total,
26300013,Carrefour,,,
74120011,Auchan,Auchan,,
15100012,E.Leclerc,Station Service E. Leclerc,,
50590004,Carrefour,Carrefour,Carrefour Contact,
50500008,TotalEnergies,Total,,
69110006,TotalEnergies,TotalEnergies,,
69120013,Eni,Eni,,
94420005,Esso,Esso,,
78370001,Auchan,Auchan,,
62120006,Esso,Esso,,
62350002,Carrefour,,,
47160002,U,U Express,,
50680001,TotalEnergies,Total,,
88630003,Avia,Avia,,
74570011,Avia,Avia,,
74600016,Avia,Avia,SARL DKPV,
6380002,,Station-service Sospel,,
67600001,,Match,,
13600022,Esso,Esso,,
45520003,TotalEnergies,Relais D'Orléans Saran,Total,
59114007,Dyneff,Dyneff,,
67390001,Système U,Station U,,
94250001,Esso Express,,esso,
61000012,Carrefour,Carrefour,,
61400005,TotalEnergies,Total,Total,
8000011,Système U,Station U,Système U,
86700004,TotalEnergies,Total,,
14790002,TotalEnergies,TotalEnergies,,
67700001,Match,Match,,
51430007,Total,Total,,
77130012,Fulli,Fullli,Fulli,
67000002,,Match,,
29850001,Total,Total,,
3290003,Esso,Esso,,
60300007,Total,Total,,
25150006,Fulli,Fulli,Fulli,
71240008,Fulli,Fulli,Fulli,
14420003,Carrefour,Carrefour,,
29290002,Elan,Elan,,
2390002,,Origny-Sainte-Benoite,,
42190003,Intermarché,Intermarché,Groupement des Mousquetaires,
74220002,TotalEnergies,Total,Garage du Rocher,
72540003,Carrefour,Carrefour,,
72310002,TotalEnergies,Total,,
72500005,TotalEnergies,Total,,
23300011,Carrefour Market,Carrefour Market,Carrefour,
19110003,TotalEnergies,Total,,
74130018,,Les Clus,,
75016029,TotalEnergies,Total,,
74440004,TotalEnergies,TotalEnergies,,
51800014,Intermarché,Intermarché,,
37420003,Carrefour,,,
60800005,,Roady,Groupement des Mousquetaires,
47220002,,Aire C,Val fleuri SARL,
47290002,Total,Total Contact,,
47140002,Intermarché,Intermarché,,
47200004,Total,Total Contact,,
47290003,,Aire C,,
59163001,Carrefour,Carrefour,,
56270007,TotalEnergies,Total Lann Bihoué,Total,
67600006,Intermarché,Intermarché,,
51170003,Intermarché,Intermarché,,
18160002,TotalEnergies,Total,Garage du Moulinet,
45770001,Carrefour,Carrefour Saran,,
60400001,Auchan,Auchan,Auchan,
42330003,Auchan,Auchan,Auchan,
76240001,Super U,La Station U,Les Coopérateurs de Normandie Picardie,
87160002,Esso,Esso,Esso,
51420001,Carrefour,Carrefour,Carrefour,
60490001,Carrefour,,,
19100015,Esso,Esso,,
87280009,Dyneff,Dyneff,Avia,
59210003,Intermarché,Intermarché,,
30110004,Netto,,,
59630003,Intermarché,Intermarché,,
71000024,TotalEnergies,Total Contact,Total,
87290002,,Station-service Intercommunale,,
6300008,Esso,Station Esso Saint-Roch,Esso,
64400005,Intermarché,Intermarché,,
87380003,Saint Germain Distribution,Station-service,Mairie de Saint-Germain-les-Belles,
30320009,Eni,Eni,,
4200007,,Station Louis,,
87400007,U,U Express,,
63410005,Eni,Eni,,
59460002,Intermarché,Intermarché,,
59282001,Intermarché,Intermarché,,
59270001,Esso Express,Esso Express,,
70000005,TotalEnergies,Total,ETS DORMOY FRERES 1,
70004001,TotalEnergies,Total,ETS DORMOY FRERES 1,
29500004,Avia,Brétéché,,
88800001,TotalEnergies,TotalEnergies,,
87000029,Total,Total,Total,
69200001,Carrefour,Carrefour,Carrefour,
35740001,Elan,Elan,,
54000014,Carrefour,Carrefour,,
93330004,Système U,Système U,,
51200004,Esso Express,Esso Express,,
93800003,Esso,Esso,Esso,
68000020,Eni,Eni,Eni,
63450004,,,Total,
12400003,,,Groupement des Mousquetaires,
61120004,Avia,Avia,Avia,
64170013,Eni,Eni,Eni,
45430006,TotalEnergies,Total Access,,
92230003,Carrefour,Carrefour,,
86130010,Avia,Avia,Avia,
34300013,Eni,Eni,Eni,
71590001,Super U,Super U,,
47360001,,Aire C,Val Fleuri SARL,
15000019,,GAVARRY DISTRIBUTION,,
51500002,,PETRO-EST,,
1330002,Super U,Super U,,
47450003,Total,Total Contact,,
59750004,Carrefour,Carrefour Market,,
34000018,Intermarché,Intermarché,,
25750002,TotalEnergies,TotalEnergies,,
31460003,Carrefour Contact,Carrefour Contact,,
89200009,Intermarché,Intermarché,,
71490007,Carrefour,Carrefour,,
1310005,Netto,Netto,,
30900023,Auchan,Auchan,,
46300011,Total Contact,Total Contact,,
63780001,,Station Intermarché,,
67116002,E.Leclerc,E. Leclerc Express,,
77160002,E.Leclerc,E.Leclerc Station Service,,
80450001,Intermarché,Intermarché,,
42700004,E.Leclerc,Station Service E.Leclerc,,
44600010,Total,Total,,
32120002,Super U,Super U,Super U,
25420006,Carrefour Contact,Carrefour Contact,,
48600002,,ETS Pignol,,
22400009,TotalEnergies,Total Access,,
38760004,Eni,Eni,Eni,
58240003,Total Access,Total Access,Total,
9500002,,Antaq,,
38690007,Eni,Eni,Eni,
67700010,Avia,AVIA,,
12560001,,Station La Vallée du Lot,,
55110003,,Station communale de Dun-sur-Meuse,,
49230002,Carrefour,Carrefour Contact,,
35130001,Super U,Super U,,
46170001,Spar,Spar,,
67600009,E.Leclerc,Station Service E. Leclerc,,
73200006,Total,Total,,
78820001,Système U,Système U,Super U,
53100007,TotalEnergies,Total Access,,
26600011,Avia,Avia,Avia,
10270010,Carrefour,,,
67270003,Intermarché,Intermarché,,
62000015,Eni,Eni,,
67260007,TotalEnergies,TotalEnergies,Total,
2870001,Gulf,Gulf,Clid Express,
30390002,Carrefour Contact,Carrefour Contact,,
76120011,BP,BP,,
64480004,Total,Total,SARL Garage Etchegaray,
63500006,Total,,,
41600007,Eni,Eni,,
71250007,Total,Total,,
44250004,TotalEnergies,Total,,
3350002,Carrefour,Carrefour Contact,,
5200005,,Centre Auto Vianor,,
92500017,Avia,Avia,,
26400010,Auchan,Auchan,,
67640004,Total,Relais Total Des Trois Arbres,Total,
91590009,Total Access,Relais Moulin du Gué,,
22100004,Intermarché,Intermarché,,
91630007,Total Access,Relais Total De Torfou,Total,
67130003,Intermarché,Intermarché,Groupement des Mousquetaires,
62660003,E.Leclerc,Station Service E. Leclerc,,
80200005,Esso,Esso,,
77400012,Esso,Esso,Esso,
75013023,TotalEnergies,TotalEnergies,,
93140004,BP,,,
39130004,TotalEnergies,TotalEnergies,,
89130002,Intermarché,,Groupement des Mousquetaires,
28600003,Total,,,
60490007,TotalEnergies,Relais Ressons Est,Total,
33790001,Intermarché,Intermarché,Groupement des Mousquetaires,
74350003,Esso,,,
51200001,Carrefour,Carrefour,,
71600004,Avia,Avia,,
51200005,E.Leclerc,E. Leclerc,,
51130001,Carrefour,Carrefour Market,,
51160002,E.Leclerc,E. Leclerc,,
67170005,Super U,Super U,Super U,
67260004,E.Leclerc,Station Service E.Leclerc,E. Leclerc,
56170003,Super U,Super U,,
72310001,Super U,Super U,Super U,
56440003,Total,Total,Total,
68350001,Station U,Super U,,
51800001,Système U,Station U,,
51480001,Total,Total Contact,,
80800004,Auchan,Auchan,,
40600004,Station U,Station U,Les Magasins U,
71260006,TotalEnergies,TotalEnergies,,
82120001,Aire C,Aire C,Sarl Val Fleuri Lavit,
80250001,Intermarché,Intermarché,,
81290001,Dyneff,Dyneff,,
3400003,Avia,Avia,,
14700001,Carrefour Market,Carrefour Market,Carrefour,
14450001,Carrefour,Carrefour,,
31200022,Total Access,Total Access,Total,
28480001,Total,,,
76150002,Esso,Esso,,
10120001,Total,TotalEnergies,TotalEnergies,
93230005,Total,Relais des Fontaines,Total,
36100001,Carrefour Market,Carrefour Market,Carrefour,
38250003,Avia,Avia,Avia,
24310002,Carrefour,Carrefour,Carrefour,
62100028,Esso,Esso,BP,
14540001,Carrefour,,,
68130002,Système U,Station U,,
81200001,TotalEnergies,TotalEnergies,,
67202003,Total Access,Total,Total,
78800001,Auchan,Auchan,Auchan,
72400017,Eni,Eni,Eni,
22200007,Garage Bahezre,,Bahezre,
49480005,Esso,Esso,BP,
38340018,Eni,Eni,,
59270002,E.Leclerc,,,
35370004,Intermarché,Intermarché,,
76190003,Intermarché,Intermarché,,
19250001,Elan,Elan,,
78190011,Auchan,Auchan,,
29760004,Carrefour,Carrefour,Carrefour,
64480001,Super U,Super U,,
13400001,Auchan,C. C. Auchan,,
47310004,Intermarché,Intermarché,,
47330001,Intermarché,Intermarché,,
32140001,Super U,Super U,,
47200012,Intermarché,Intermarché,,
83140006,Intermarché,,Groupement des Mousquetaires,
92140014,Total,Total,Total,
27310010,E.Leclerc,Station Service E.Leclerc,Total,
69400015,Intermarché,Intermarché,,
45110001,Super U,Super U,Super U,
91400005,E.Leclerc,Station Service E. Leclerc,,
12220001,Système U,U Express,,
57260001,Independent,Match,,
22400010,Carrefour,Carrefour Express,Carrefour Express,
24110002,E.Leclerc,E. Leclerc,,
48000006,,Boissonnade Combustibles,,
47200002,Total,Total,,
93270006,BP,BP,,
39570004,Super U,Station U,Super U,
49070005,Système U,Station U,,
43170002,Independent,Lonjon,Lonjon,
29390002,E.Leclerc,E. Leclerc,,
56100009,Intermarché,Intermarché,,
42152003,Intermarché,Intermarché,,
42230002,DL LUB S.A.S,DL Lub,DL LUB S.A.S,
42120005,Intermarché,Intermarché,,
21000013,,Sa Piretti,,
56160001,Intermarché,,,
66700001,Intermarché,Intermarché,Groupement des Mousquetaires,
38080007,Avia,Avia - Aire de l’Isle d’Abeau,SARL Karedemir,
31620014,E.Leclerc,Station Service E.Leclerc,BP,
69400005,Esso Express,Esso Express,Esso,
42380005,,Michalon,,
42720001,Esso,Esso,,
55300003,Intermarché,Intermarché Super,,
42800005,,Netto,,
17100001,TotalEnergies,Total,,
93470002,Intermarché,Intermarché,,
69230001,Auchan,Auchan Saint-Genis-Laval,Auchan Saint-Genis-Laval,
8110005,Carrefour,Carrefour,,
79320001,Système U,Station U,,
79300001,Carrefour,Station Carrefour,,
17600004,E.Leclerc,,,
8460001,TotalEnergies,Total,Garage Monjoli,
79430001,Total,Total Contact,,
17330001,,,Sarl Garage Roy,
79200011,Avia,Avia,,
43100001,Carrefour,Carrefour Market,,
43120001,Carrefour,Carrefour Market,,
47400003,Intermarché,Intermarché,,
67920001,,Station U,Super U,
16260001,Total,Total,,
14220002,XBEE,Garade Amand,,
21120003,Independent,Sarl Rondot,Sarl Rondot,
2370005,Carrefour Contact,Carrefour contact,Carrefour,
46150001,,Spar,,
16320005,,Petit 24/24,,
28210003,Total,Total,,
12350002,Spar,Spar Station,,
60500011,TotalEnergies,Total Access,,
60500008,Carrefour Market,Carrefour Market,Carrefour,
40700004,Carrefour Market,Carrefour Market,,
44370005,Super U,Super U,Super U,
56130003,Groupement mousquetaires,station service netto,netto nivillac,
30750001,Dyneff,Dyneff,,
34140004,Intermarché,,,
69960006,Total Contact,,,
87290001,Intermarché,Intermarché Contact,Intermarché contact,
41200009,TotalEnergies,TotalEnergies,,
30100003,Système U,Station U,,
65240001,Carrefour,Carrefour Contact,,
55500002,Total,Total,,
80000009,Esso Express,Esso Express,Esso,
56130001,Total,Total Contact,,
34560002,Carrefour,,,
30150002,Intermarché,Intermarché,Sorodis Roquemaure,
1430005,Total,Total,,
56480001,,Station 24/24,,
56500004,Intermarché,Intermarché,,
64100009,Intermarché,,,
13710004,Intermarché,Intermarché,,
76000009,Intermarché,Intermarché,Saratoga,
2200015,Total,Total,,
56910001,Elan,Elan,,
78241001,Carrefour,Carrefour,Carrefour,
43300002,Système U,Station U,,
71220002,Station U,,Super U,
43350001,Intermarché,Intermarché,,
43340001,,J.V.F.,,
74600017,Auchan,Auchan,Auchan,
47200011,Elan,Elan,,
7140001,,,Carrefour,
62176001,Intermarché,Intermarché,,
70000001,Carrefour,Carrefour,Carrefour,
46200001,Total Access,Le Relais de Blazy,,
95540005,BP,Esso,BP,
63330002,Intermarché,Intermarché Contact,Groupement des Mousquetaires,
85560001,,,Elan,
59230002,E.Leclerc,Station Service E. Leclerc,E. Leclerc,
54960001,Carrefour,,,
49400006,Carrefour Market,Carrefour Market,,
6296001,,Station du MIN,,
34300009,Total,,Total,
4320001,Eni,Eni,,
94800007,Total Access,TotalEnergies Access,,
26800007,TotalEnergies,Relais Total du Valentinois,Total,
13680008,TotalEnergies,Total,,
13680007,TotalEnergies,Relais Lançon de Provence,,
18170001,Système U,Station U,,
73130004,Total,Total Contact,Elan,
83210004,Independent,Contact,,
13520001,Total Access,,,
13320010,Système U,,,
64140007,Auchan,Auchan,,
2000013,Carrefour,Carrefour,,
27320001,Carrefour Market,Carrefour Market,,
34110003,Intermarché,Intermarché,,
57430004,Total,Total,,
56300009,Netto,Netto,Netto,
13200020,TotalEnergies,Total Access,,
63000019,Agip,ciao agip,,
11260001,Intermarché,Intermarché,Groupement des Mousquetaires,
9000007,Carrefour,Carrefour,,
12330003,,Station Intermarché Salles-la-Source,Groupement des Mousquetaires,
85170011,Système U,Station U,,
21350002,Shell,Shell,Shell,
79230005,Total,Total,,
79220001,U,Station Super U,Super U,
4160007,,Poliotti Et Lm,,
51350001,,Cora,Cora,
63160001,Auchan,Auchan - Carburant,Auchan,
62460002,Carrefour,Carrefour,,
26290003,Esso,Esso,Esso,
56600001,E. Leclerc,,,
26300011,TotalEnergies,TotalEnergies,Shell,
59610001,Auchan,Auchan,,
60610002,E. Leclerc,E. Leclerc,E.Leclerc,
61100008,E.Leclerc,Station Service E. Leclerc,,
59115001,Auchan,Auchan,,
80000007,Esso Express,Esso Express,Esso,
92230011,Total Access,Total Access,,
35580003,Intermarché,Intermarché,,
35111001,Système U,Station U,,
53320002,Système U,Station U,,
53240002,,Station Gambert 24/24,,
53810001,Carrefour,Carrefour,,
22150005,Carrefour,Carrefour,,
22470001,Total,Total,,
22250002,Intermarché,Intermarché,,
22260001,Intermarché,Intermarché,,
33480007,Esso Express,Esso Express,,
15300002,Total,Total,,
26790006,,Natura' Pro Cooperative,,
14680001,Carrefour,U Express,,
79170001,Intermarché,,,
17470001,Intermarché,Intermarché,,
17400006,Esso,Esso,,
69800012,BP,Station Service BP,BP,
17220002,Intermarché,Intermarché,,
17450001,Station U,Station U,,
35200003,Carrefour Market,,EMBC Distribution,
17220003,Système U,Station U,,
17138006,Total Access,,Total,
85400008,TotalEnergies,Station Total,Total,
17440003,,,Carrefour,
52000005,Esso Express,Esso Express,,
17137001,Total,Total,,
8300007,Intermarché,Intermarché,,
29510004,Intermarché,Intermarché,Groupement des Mousquetaires,
82240001,Dyneff,Geraud Tampier,,
17550001,Intermarché,Intermarché Hyper,Groupement des Mousquetaires,
95320005,Esso,Esso,,
52160008,Avia,Avia,Avia,
68590001,Total,Total Contact,,
85000002,Carrefour,Carrefour,,
86130011,Super U,Super U,Système U,
86170005,Total,Total,Total,
59570001,,Match,,
74520011,TotalEnergies,Carburant TotalEnergies,,
55290001,,Station communale de Bure,,
55160015,Carrefour,Carrefour,,
1400006,Intermarché,,,
21320007,Eni,Eni,,
39700012,Total Access,Relais du Poirier 2,Total,
31140006,Auchan,Auchan,Auchan,
69380009,Esso,Esso,Esso,
31500008,Total,Total,,
21360003,Esso,Station Esso de la Forêt,Esso,
35520002,TotalEnergies,Total,Total,
62870002,Carrefour,Carrefour,,
67000032,Eni,Eni,Agip,
28310010,Shell,Shell,SHELL,
65190002,Carrefour,Carburant Carrefour,,
59200006,Intermarché,Intermarché,,
29480001,E.Leclerc,Station Service E. Leclerc,E. Leclerc,
80200007,Intermarché,Intermarché,,
2000009,Intermarché,Intermarché,Groupement des Mousquetaires,
59265001,Carrefour,Carrefour,,
12330004,Netto,Netto,,
69210007,,Otarie,,
54630001,Esso,Esso,,
29260005,Avia,Avia,Brétéché Ouest,
18390004,Intermarché,Intermarché,,
79800011,TotalEnergies,Relais Total du Poitou,Total,
37380003,Esso,Esso,BP,
6500004,Intermarché,Intermarché,,
6130008,Esso Express,Esso Express,,
80200011,E.Leclerc Carburant,,,
10500005,E.Leclerc,Station Service E. Leclerc,,
92400013,,Station Quai Joffre,8 à Huit,
49290001,Système U,Station U,,
93330006,Total Access,Total Access,,
75016001,Carrefour,Carrefour,,
4000003,Esso,Esso,,
93150007,Esso Express,Esso Express,Esso,
92210008,BP,,,
86220001,Carrefour,Carrefour Market,,
86220003,Total,Total Contact,,
49650003,Carrefour,Carrefour Contact,,
82110002,,Aire C,,
46140003,Carrefour,Carrefour Contact,,
57910002,Super U,Super U,Système U,
14200009,Total Access,Relais Total de la Valeuse,Total,
95370001,Carrefour,Carrefour,Carrefour,
78600004,Total Access,Total Access,,
44000009,TotalEnergies,TotalEnergies,,
85540003,Carrefour,Carrefour Contact,,
44116001,Intermarché,Intermarché,,
85540002,Intermarché,Intermarché,,
70160001,Carrefour,Carrefour,,
83400017,Intermarché,Intermarché,,
55000005,Intermarché,Intermarché,Intermarché,
70800002,Total,Total,,
11430001,Dyneff,Dyneff,Dyneff,
69220011,Fulli,Aire de Dracé,Fulli,
28240006,Netto,Netto,Groupement des Mousquetaires,
67000031,Eni,Eni,Eni,
45330002,Carrefour Market,Carrefour Market,,
11400009,Netto,Netto,Netto,
44850002,Système U,Station U,,
36500003,,Intermarché PL,,
32000005,TotalEnergies,Total,,
60170003,E.Leclerc,E. Leclerc,,
60690001,Intermarché,Intermarché,,
83400013,Total,Total Énergie,,
14123007,Total,Total,TOTAL,
5600006,Carrefour,Carrefour,Carrefour,
63150001,Auchan,Auchan,Auchan,
29150004,Intermarché,Intermarché,Groupement des Mousquetaires,
83100005,Eni,Eni,,
47430002,E.Leclerc,Station Service E. Leclerc,,
48310001,,Rossignol,,
6800029,Esso,Esso,Esso,
20260003,Vito,Vito,Vito,
74550001,Elan,Elan,,
33600009,TotalEnergies,Total,,
63540004,TotalEnergies,Total,Total,
76550001,Carrefour Market,Carrefour Market,CSF,
4510003,Avia,Avia,,
4330007,Avia,Avia,,
4200009,Avia,Avia,Avia,
4500001,Avia,Avia,,
4120004,Avia,Avia,,
13013003,Esso,Esso,Esso,
69800018,Esso,ESSO Saint-Priest Heyrieux,Esso,
17800005,Esso,Esso,Shell,
17800001,Esso,Esso,BP,
58000007,Intermarché,Intermarché,Groupement des Mousquetaires,
13850001,Intermarché,Intermarché,,
38500007,TotalEnergies,Total Access,Elf,
13007008,Eni,Eni,Eni,
42210004,Netto,Netto,Netto,
42590001,TotalEnergies,TotalEnergies,,
43210003,Intermarché,Intermarché,Intermarché,
4000001,Carrefour,Carrefour,Carrefour,
34070017,TotalEnergies,TotalEnergies,,
22420003,Carrefour Contact,Carrefour Contact,,
43000011,Avia,Avia,Avia,
6560006,Total,Total Contact,Total,
71300013,Intermarché,Intermarché,,
56340004,Intermarché,Intermarché,,
48100008,,Les Carburants de l'Aubrac,,
49680001,Avia,Avia,,
6650002,,Garage Delpy Sunnycar,,
73800003,Total,Total,total,
17210006,Avia,Avia,,
33920005,Avia,Avia,,
93400010,Total,Total Michelet,,
71480007,Avia,Avia,Avia,
77320003,Super U,Super U,Super U,
11400005,Intermarché,Intermarché,Intermarché,
36700002,Intermarché,Intermarché Super,Groupement des Mousquetaires,
86130006,Super U,Super U,,
86360004,Total Access,Total Access,Total,
86360003,Total Access,Total Access,Total,
77000011,Total,Relais Total de l'Almont,Total,
82700002,Intermarché,Intermarché,,
6220003,,Station service d'Intermarché,Groupement des Mousquetaires,
52000008,TotalEnergies,Total,Total,
9600002,,Labatut et Compagnie SARL,Labatut et Compagnie SARL,
62910001,Carrefour,,,
11000009,Intermarché,Intermarché,,
73110003,Super U,Super U,,
71350002,Intermarché,Intermarché,,
39100012,E.Leclerc,Station Service E. Leclerc,,
41400002,TotalEnergies,Total,,
30100011,Eni,Eni,,
6400001,TotalEnergies,TotalEnergies,,
6400010,TotalEnergies,TotalEnergies,,Relais du Riou
38570005,Système U,,,
6600009,Esso Express,Esso Express,Esso,
62410001,Intermarché,Intermarché Wingles,,
63500002,Carrefour,Carrefour,,
31800007,Total,Total,Total,
85300006,Esso,Esso,,
85340001,Station U,Station U,,
21000029,Total,Total,,
13680010,Carrefour Contact,Carrefour Contact,,
24550001,,Aire C,,
68200027,Eni,Eni,,
86130008,Eni,Eni,Avia,
45520004,TotalEnergies,Total,BP,
79800008,Dyneff,Dyneff,Shell,
13450001,U Express,,,
13300008,Intermarché,Intermarché,Groupement des Mousquetaires,
49000011,Intermarché,Intermarché,Groupement des Mousquetaires,
26240002,Total,Station Total Echinard et Faure,Total,
49620001,Super U,Super U,,
24100012,Intermarché,Intermarché,,
87400004,Total,Total Contact,,
24300001,Système U,Station U,,
24270001,Total,Total Contact,,
24320002,Avia,Avia,,
49170002,Station U,Station U,,
92210009,TotalEnergies,Relais Saint-Cloud Dassault,Total Access,
17300004,Intermarché,Intermarché,,
92500012,TotalEnergies,TotalEnergies,SARL GONCALVES,Relais Rueil-Malmaison
37150002,Carrefour Market,Carrefour Market,,
41100006,TotalEnergies,Total Access - Relais du Val de Loire,Total Access,
29120004,Netto,Netto,,
13300011,Carrefour,Carrefour Market,,
57790001,Intermarché Contact,,,
29700004,TotalEnergies,TotalEnergies,TotalEnergies,
75020008,Total,Total,Total,
77340009,Costco,Costco,,
59650001,Carrefour,Carrefour,Carrefour,
51210005,TotalEnergies,Relais de Montmirail,Total,
24590002,Intermarché,Intermarché,Intermarché,
24660003,Intermarché,Intermarché,,
24490002,Intermarché,Intermarché,,
78330003,Super U,Super U,,
17240001,Total,,,
24400005,,Rieupet,,
12270002,Total,Total Contact,,
12110004,Total,Total,,
12110003,Intermarché,Intermarché,,
12560002,,Les Rebels,,
12580001,,Station service du Plateau,,
17260001,Super U,Super U,Super U,
11110008,E.Leclerc,E.Leclerc,,
67370003,E.Leclerc,E. Leclerc,,
17700004,Intermarché,Intermarché,,
33113002,Intermarché,Intermarché,Groupement des Mousquetaires,
83480007,Eni,Eni,,
32200006,Total,Total Contact,,
6450003,Carrefour Market,Carrefour Market,,
19130004,Intermarché,Intermarché,,
80000014,Netto,Netto,Les Mousquetaires,
6600012,TotalEnergies,TotalEnergies,,
68200019,Total Access,Total Access,,
49410002,,,Groupement des Mousquetaires,
68200018,Total Access,Total Access,,
6510001,Total,Total,,
68170003,Total,Total,Total,
84120009,,Station Énergie,,
9400002,Esso,Esso,,
83600030,Auchan,Auchan,,
6610002,Dyneff,,,
71100008,Esso Express,Esso Express,,
51100015,Esso Express,Esso Express,,
4210004,Independent,Ets Garcin Frères,,
91150014,Carrefour,Carrefour,,
16170001,Super U,Super U,Super U,
54540002,Carrefour,Carrefour Express,,
42120003,Super U,Super U - Perreux,,
1170005,Avia,Avia,Avia,
1150001,Carrefour,,Carrefour,
1140001,,U Express,,
16730002,Intermarché,Intermarché,,
16140002,Carrefour,Carrefour,,
79340002,Avia,Avia,La quincaillerie vasléenne,
6400005,Avia,Avia,,
49600001,Super U,Station U,,
68910002,Carrefour,Carrefour,,
27810001,Carrefour Contact,Carrefour Contact,,
47300002,Total,Station Total,Total,
65300004,Avia,Avia,Madame Ghislaine CALVET,
82200001,Total,Total,Total,
12000013,Total,,,
47000001,Total,Total essence,,
40800002,Carrefour,,,
82500004,Total,Total,,
31820001,Carrefour,Carrefour,,
66300012,Netto,,,
6340001,Renault,Renault,Renault,
93600018,Esso,Esso,,
77000014,Intermarché,,,
16300001,TotalEnergies,TotalEnergies,,
2100013,Intermarché,Intermarché,Groupement des Mousquetaires,
24120008,Intermarché,Intermarché,,
78700010,Esso,Esso,,
78700011,Esso,Esso,,
16120004,Carrefour,Carrefour Contact,,
16130002,Intermarché,Intermarché,,
43200004,Station U,,Super U,
51800004,Avia,Avia,,
26620001,Avia,Station Avia,Avia,
10230001,Avia,Avia XPress,,
24100018,Intermarché,Intermarché,Les Mousquetaires,
56100008,Intermarché,Intermarché,Les Mousquetaires,
24100016,Netto,Netto,Les Mousquetaires,
17520001,Carrefour Contact,Carrefour Contact,,
69004002,Esso Express,Esso Express,,
24440001,Intermarché,Intermarché,Groupement des Mousquetaires,
71600012,Netto,Netto,Les Mousquetaires,
42120002,Avia,Avia,Sarl Garage Mulsant,
32000002,Avia,,,
86370006,Avia,Avia,Avia,
77346001,Carrefour,Carrefour,,
28310011,Système U,Station U,,
72500006,Avia,Avia,,
59420002,Avia,Avia,,
57400007,Avia,Avia,Avia,
57070003,Avia,Avia,Avia,
72000022,Avia,,,
94542003,Avia,,Avia,
80800007,Avia,Avia,Avia,
54800004,Avia,Avia,,
13990002,Avia,Le Lutin des Alpilles,Avia,
58200003,Avia,Avia,,
89400001,Avia,Avia,,
27210010,Avia,Avia,,
28700005,Avia,Avia,,
26170002,Avia,Avia,,
84000007,Avia,Avia,,
77330002,Total,Relais Ozoir la Ferrière,Avia,
50800003,Avia,Avia,,
6230003,TotalEnergies,,,
51400003,Avia,Avia,,
49300010,Avia,Avia,,
33720006,Avia,Avia,,
43200002,Avia,Avia,,
38510004,Avia,Avia,,
58110001,Avia,Avia,,
10250001,Avia,Avia,,
94120005,Avia,,,
44150001,Avia,Station Avia Picoty,Avia,
32000008,,PétrAM.,,
19000006,Intermarché,Intermarché,,
57260003,Avia,Avia,,
95480003,TotalEnergies,TotalEnergies,Total,
67220004,Avia,Avia,,
18300006,Avia,Avia,,
42800004,Avia,Avia,Avia,
59156002,Intermarché,Intermarché,,
84110006,Avia,Avia,,
35530002,Avia,Avia,,
83440005,Intermarché,,Intermarché,
49270001,Avia,Avia,,
80560001,Intermarché,Intermarché,,
12600002,Avia,Avia,,
34110002,Avia,Avia,,
89130003,Avia,,,
69200003,Super U,Super U,Super U,
45340005,Avia,Avia,Avia,
82370004,Avia,Avia,,
59125006,Avia,Avia,,
38490013,Avia,Avia,Avia,
56120005,Avia,Avia,,
11290001,Dyneff,Dyneff,,
28350001,E.Leclerc,Station Service E. Leclerc,E. Leclerc,
17600005,Avia,Avia,,
59300016,Total Access,Total Access,,
34230002,Carrefour,Carrefour Contact,,
71450001,Avia,Avia XPress,,
25430001,Avia,Avia XPress,,
62100006,Avia,Avia,,
24120009,Avia,Avia,,
82200010,Avia,Avia,,
32000006,Intermarché,Intermarché,,
19100009,Intermarché,Intermarché,,
19130002,Carrefour,Carrefour,,
19270003,Intermarché,Intermarché Contact,,
1300004,TotalEnergies,Total,,
56370007,Intermarché,Intermarché,,
31290008,TotalEnergies,TotalEnergies,,
27930002,Carrefour,Carrefour,,
51300006,Super U,Super U,Super U,
94240004,Esso,Esso,,
60200002,,Ets Guerdin,Sarl Max Guerdin,
33502001,Total,Total,,
56700003,Total,Station Total,Total,
83120006,TotalEnergies,TotalEnergies,Total,
31230003,Intermarché,Intermarché,,
87160008,Shell,Station Shell,Shell,
26400011,Comptoir Énergie,Comptoir Énergie,Comptoir Énergie,
83550006,Esso,Esso,,
31590002,Intermarché,Intermarché,,
83630002,Intermarché,Intermarché,Groupement des Mousquetaires,
3500003,TotalEnergies,TotalEnergies,,
50320001,Super U,Super U,Super U,
50110001,TotalEnergies,TotalEnergies Access,,
67129001,Carrefour,Carrefour,,
62610004,TotalEnergies,Total,,
27370001,Total,Station Total,Total,
37150004,Total,Garage du Chateau de Chenonceaux,,
64270005,E.Leclerc,E.Leclerc Express,,
22240003,Coccinelle,Coccinelle,,
50430002,Intermarché,Intermarché,Intermarché,
55200002,Match,Match,Match,
55400003,Intermarché,Intermarché,,
55130002,Station Gigot Junker,,Gigot Junker,
55200003,Total,Total,,
55270002,Carrefour,Carrefour Express,,
55800002,Intermarché,Intermarché,,
92000019,TotalEnergies,TotalEnergies,,
92500013,TotalEnergies,TotalEnergies,,
83600010,Avia,Avia,,
52100011,Intermarché,Intermarché,,
52100014,Intermarché,Intermarché,,
74500003,U,Station U,,
15500006,,Orceyre Carburants,,
30900021,Esso,Esso,Esso,
57070005,Esso,Esso,Esso,
92000024,BP,BP,BP,
93200008,BP,BP,,
85190004,Intermarché,,Intermarché,
50370003,,Station St Christophe,,
52800002,Avia,Avia,,
52800001,Système U,Station U,,
52600002,Avia,Avia,,
52330002,Avia,Avia,,
67114001,Système U,Station U,,
56150004,Intermarché,Intermarché,,
68120002,Système U,Station U,,
68100009,Total,Total,,
68270003,Système U,Station U,,
63160002,Intermarché,Intermarché Super,Groupement des Mousquetaires,
68390003,Avia,Avia,,
16190001,Système U,Station U,,
68550001,Auchan,Auchan,,
42370005,Eni,Eni,,
30140006,Eni,Eni,Eni,
69520001,Intermarché,Intermarché,,
71140002,Eni,Eni,,
83600026,Eni,ENI,,
30470001,Super U,Super U,,
85000004,TotalEnergies,TotalEnergies,Total,
32500001,Carrefour Market,,,
85150001,Avia,Poids-Lourds,,
68740001,Système U,Station U,,
68690001,Total,Total Contact,,
68640001,Intermarché,Intermarché,,
48230001,,Station Daude,,
51300014,Total,Total,,
31620013,E.Leclerc,Station Service E.Leclerc,,
59279004,Carrefour,Carrefour,,
67260003,,Super U,Marché U,
59300013,E.Leclerc,Station Service E. Leclerc,,
87270004,Esso Express,Esso Express,,
84570002,,Station Communale Villes-sur-Auzon,,
27230006,Total,Total,,
43220003,,Station communale de Riotord,,
14170001,TotalEnergies,TotalEnergies,Total,
67140003,,Garage Karrer,,
80160004,Elan,Elan,,
33720008,TotalEnergies,Station Total,Total,
31840001,Carrefour,Carrefour Market,,
11160002,Independent,,Commune de Villeneuve-Minervois,
94190002,Esso Express,Esso Express,,
85530001,Système U,Système U,,
6190004,Esso,Esso,Esso,
13110003,Carrefour,Carrefour,Carrefour,
57530001,Intermarché,Intermarché,Intermarché,
78390006,TotalEnergies,Total Access,Total,
95000011,BP,BP,,
67320001,Intermarché,Intermarché,Intermarché,
67430002,Super U,Super U,Super U,
87440001,Casino,Casino,,
64160001,Super U,Super U,,
85310001,Avia,Garage du Moulin Rouge,,
87500003,Total,Total Contact,Elan,
44240004,Intermarché,Intermarché,Groupement des Mousquetaires,
85600001,TotalEnergies,Total - Saint-Hilaire-de-Loulay,,
85600002,Intermarché,,,
60260002,Intermarché,Intermarché,,
17230002,Station U,Super U,,
85290010,Carrefour Contact,Carrefour Contact,,
40150002,Super U,Super U,,
13270014,,Relais des Pins,,
26780008,Shell,Shell A7 - Aire de Montélimar Ouest - Allan,,
28500001,Hyper-U,Station U Vernouillet,,
31150004,Intermarché,Station Intermarché,,
22600002,Total,Total,,
49300018,E.Leclerc,Station Service E. Leclerc,E.Leclerc,
74302001,TotalEnergies,Station Total,Total,
54150004,Total,Total,Elan,
18520001,Intermarché,Intermarché,Intermarché,
85140001,Système U,Station U,,
85590001,Intermarché,Intermarché,,
95370008,TotalEnergies,TotalEnergies Access,,
29430002,Intermarché,Intermarché,,
29640001,,Spar,,
29410001,Système U,Station U,,
29500003,Carrefour,Carrefour Market,,
29420002,Total,Total Contact,,
26170003,Système U,Système U,,
76400009,E.Leclerc,Station Service E. Leclerc,E. Leclerc,
58200010,,,LC Reprog,
64230004,Total,Total,,
59130001,Esso Express,Esso Express,Esso,
35500009,Total Access,Relais Total d'Erbrée,Total,
29800001,Total,Total Contact,,
29780001,Carrefour,Carrefour Market,,
30190002,,Berbon,Berbon Sarl,
41300001,,,Carrefour Market,
11500004,,Lopez et Fils,,
37220001,Super U,Super U,,
88700007,Total Contact,Total Contact,Total,
67420001,TotalEnergies,Total,,
17480003,E.Leclerc,Station Service E. Leclerc,,
51110002,Intermarché,Intermarché,,
59155007,Total Access,Total Access,Total,
80140006,BP,,,
30350002,,Carburants 7J/7,Gonzalez Jean Marc SARL,
84700006,Avia,Avia,Avia,
84100011,,,,
84470001,Esso,Esso,,
2450003,Carrefour,Carrefour,,
88200015,TotalEnergies,Total - Porte des Hautes-Vosges,Total,
29830003,Super U,Super U,,
1500008,Total,Total,,
40410005,Avia,Avia,,
79300007,TotalEnergies,TotalEnergies,,
44240011,Total Access,Relais Jonelière,,
84600003,Fage Energies,Fage Energies,Fage Energies,
56650001,Independent,Station Service,Carrefour Market,
94380003,E.Leclerc,Station Service E. Leclerc,E. Leclerc,
35480003,,,Carva SNC,
43230001,Total,Total,Total,
36210001,Système U,Station U,,
59160004,Intermarché,Intermarché,intermarché,
36400004,Intermarché,Intermarché,,
11140001,Dyneff,Station Dyneff Automate Axat,Dyneff,
57510004,DATS 24,DATS 24,,
39300004,Intermarché,Intermarché,Groupement des Mousquetaires,
33680003,,,Shopi,
28170002,,Libreco,,
17137002,Système U,Station U,,
11101001,Carrefour,Carrefour,,
30220002,Intermarché,Intermarché,Groupement des Mousquetaires,
37320008,,G20,,
37240001,Auchan,Auchan,,
17690004,Avia,Avia Xpress,,
29900005,TotalEnergies,TotalEnergies,Relais de Concarneau,
93290005,Total,Relais Total de la Croix Pigeot,,
59123001,Carrefour,Carrefour,,
42610001,Intermarché,Intermarché,,
13140002,Dyneff,Station service des Molières,,
30220001,Super U,Super U,,
85804001,Super U,Super U,Super U,
43200003,Total,Total Contact,Total,
39100011,Netto,Netto,,
92000015,BP,BP,BP,
30900015,TotalEnergies,Total,,
29540001,,Breizh Station,,
30250002,Intermarché,Intermarché,Groupement des Mousquetaires,
28800002,Elan,Elan,,
85690001,U,U Express,,
38110006,Carrefour,Carrefour,,
85160005,Système U,Système U,,
59290001,Carrefour,Station Carrefour,Carrefour,
31370001,Carrefour,Carrefour,,
37270006,Eni,Eni,,
5560002,Avia,VIA-ALTITUDE,avia,
30130010,TotalEnergies,TotalEnergies,,
86800003,E.Leclerc,Station Service E.Leclerc,,
30210007,Total,Total,,
51100045,Total Access,Total Access,Total,
84000018,TotalEnergies,Total Semard,Total,
36130004,TotalEnergies,Total Access,,
69800017,Total Access,Relais Total de Saint-Hubert,Total,
83310011,TotalEnergies,Relais Total de la Foux,Total,
92150008,BP,Esso,BP,
19130001,Huit à 8,,,
60140002,Total,Total,,
2000005,Total,,,
12290003,,,Groupement des Mousquetaires,
59161001,Auchan,Auchan,Auchan,
36100002,E.Leclerc,Station Service E.Leclerc,E. Leclerc,
2200013,Total,,,
95610008,BP,BP,BP,
91570003,BP,Station BP Chat Blanc,BP,
59400004,Esso Express,Esso Express,,
35230006,Esso Express,,,
62147006,Carrefour,Carrefour Contact,,
85300004,Intermarché,Intermarché,,
69480005,Carrefour,Carrefour,Carrefour,
66000012,Petrop,Petror,,
34800002,,Avia,,
33300005,Total Access,Total access,,
33370008,Auchan,Auchan,,
7000003,,Station Service,Agip,
65400005,Total Access,Relais d'Azun Total,,
7300003,Intermarché,Intermarché,,
53400001,Super U,Super U,,
45480002,Carrefour Contact,Carrefour Contact,,
13560002,Elan,Garage Semap,,
5300001,TotalEnergies,TotalEnergies,Total,
28160006,Intermarché,Intermarché,Groupement des Mousquetaires,
4170002,TotalEnergies,TotalEnergies,,
39570008,Intermarché,Les Mousquetaires,Intermarché,
46330001,,Proxi,,
85360001,Système U,Station U,Super U La Tranche Sur Mer,
59300011,Auchan,Auchan,,
31200023,Total Access,,Total,
63350003,Independent,Larzat Meyronne,,
26190002,Intermarché,Intermarché,,
55320001,Intermarché,Intermarché Contact,Groupement des Mousquetaires,
74960003,Esso,Esso Express,Esso,
61150001,,Station communale,,
62250007,Intermarché,Intermarché,,
71250008,Carrefour Market,Carrefour Market,Groupe Carrefour,
68140001,Total,Total,Total,
88200001,Carrefour,,Carrefour,
80800006,Intermarché,Intermarché,,
71290002,Intermarché,Intermarché,,
90100004,Avia,Avia,Garage du Stade,
54260003,Esso,Esso,,
71680002,Esso,Esso,Esso,
71150004,Eni,,,
49070009,Total Energies,TotalEnergies,,
73160003,E. Leclerc,E. Leclerc Aime-la-Plagne,,
72650001,Auchan,Auchan,Auchan,
77230009,Carrefour,Carrefour,,
77860002,,Station de Quincy,,
76870001,,,Esso,
13005012,TotalEnergies,TotalEnergies,Total,
27130003,E.Leclerc,Station Service E. Leclerc,E. Leclerc,
13500012,TotalEnergies,Relais Canto Perdrix,,
14310003,Carrefour,Carrefour,Carrefour Market,
74210002,Avia,Avia,,
69310004,TotalEnergies,TotalEnergies,Total,
76160002,Esso Express,Esso Express,Esso,
86390002,Gulf,Gulf,,
13004005,TotalEnergies,TotalEnergies,,
69310003,Esso Express,Esso Express,Esso,
75016022,Esso,Esso Paris Paul Doumer,,
13120008,TotalEnergies,TotalEnergies,,
13005013,TotalEnergies,TotalEnergies,Total,
58470003,Intermarché,Intermarché Contact,Groupement des Mousquetaires,
74570012,Avia,Avia,,
26290008,Super U,Super U,,
8400002,Esso Express,Esso Express,Esso Express,
67160003,Carrefour,Carrefour,,
28630001,,,Groupement des Mousquetaires,
62530001,Intermarché,Intermarché,,
13011018,Intermarché,Intermarché,,
50000007,,Bazin Bariteaud,,
57130004,TotalEnergies,TotalEnergies,,
84200011,Intermarché,Intermarché,,
20137010,Total,Total,,
20167008,Vito,Vito,Vito,
42140001,TotalEnergies,TotalEnergies,,
42600009,TotalEnergies,TotalEnergies,,
20270001,Vito,Vito,Vito,
20240001,Vito,Vito,Vito,
20230008,Vito,Vito,Vito,
45450003,Carrefour,Carrefour,,
64800003,Elan,Garage de la Plaine,SARL Garage de la Plaine,
59494009,Total,Total,Total,
61200007,Intermarché,Intermarché,Groupement des Mousquetaires,
67110003,Intermarché,Intermarché,Groupement des Mousquetaires,
67110001,,Match,,
67110006,U,Station essence Super U,,
13230002,Netto,Netto,,
50710003,,Station KV,,
22500001,Carrefour,Carrefour,Carrefour,
22500003,TotalEnergies,Total Access,,
37360001,Super U,Super U,,
57070001,,Station service Auchan,Auchan Supermarché,
68730001,E.Leclerc,Station Service E. Leclerc,,
19240003,Intermarché,Intermarché,,
46420001,Intermarché,Intermarché,,
63360002,Total,,,
20290009,Vito,Vito,,
46120001,Total,Total,,
20220002,Vito,Vito,,
37540001,Auchan,C. C. Auchan,Auchan,
4140001,Intermarché,Intermarché,,
38270006,Intermarché,Intermarché,,
73460002,E.Leclerc,station service E. Leclerc,,
61000008,,Bayi Carburants,,
82370003,,Puretech,,
42160005,Intermarché,Intermarché,,
1250006,Système U,La Station U,,
57800002,Esso Express,Esso Express,,
20111001,Vito,Vito,Vito,
76580001,Esso Express,Esso Express,,
5500002,Carrefour,Carrefour,,
16200005,Intermarché,Intermarché,,
12400005,Motrio,,,
42380004,,Dépôt Pétrolier Michalon,,
57260005,Intermarché,Intermarché,,
31470002,Total,Total,,
62280002,Esso,Esso,,
69620004,Avia,Avia Station des Plaines,Avia,
82440003,TotalEnergies,TotalEnergies,Total,
65120002,Independent,Station service Yves Crepel,Yves Crepel,
60220006,TotalEnergies,Total Contact,,
59411001,,C. C. Cora,Cora,
44290001,Super U,Super U Guémené-Penfao,Super U,
56320002,Carrefour Market,Carrefour,,
62120013,Netto,Netto,,
32500002,Total,Total,,
29740001,Système U,,,
62250009,Carrefour,Carrefour,,
38200018,Total Access,Total Access,,
46000001,Carrefour,Carrefour,,
49300017,Avia,Avia,,
39140001,TotalEnergies,TotalEnergies,Jonathan Rateau,
69260011,Eni,Eni Charbonnières Est,Eni,
81220002,Total,Total Contact,,
69380010,Esso,Esso Les Chères Est,,
24250004,,Périgord Quercy Automobiles,,
67860001,Super U,Super U,Super U,
74960005,E.Leclerc,E. Leclerc,,
88580001,Total,Total,,
67680001,Carrefour Contact,Carrefour Contact,,
45320001,Avia,Avia,,
64190002,Elan,TOTALEnergies,,
64190004,Intermarché,Intermarché,,
87500004,Intermarché,Intermarché,,
1120004,Super U,Station U,,
64390002,E.Leclerc,E. Leclerc,,
67160001,Match,Match,,
67660003,Intermarché,Intermarché,Groupement des Mousquetaires,
67250001,,Match,Match,
26120005,Auchan,Auchan,,
38510006,Auchan,Auchan,,
41100003,Carrefour,Carrefour,,
67360002,Super U,Super U,,
71410001,Agip,Agip,,
78530001,Intermarché,Intermarché,Groupement des Mousquetaires,
31400005,Esso Express,Esso Express,,
24250001,Carrefour,Carrefour Contact,,
92260001,Esso,,,
1340005,,Market,Carrefour,
82800001,Super U,Station U,,
83560003,,Garage Dervogne,,
88600002,Independent,,E. Leclerc,
66200003,Intermarché,Intermarché,,
67140002,Système U,Système U,,
67640005,TotalEnergies,Total Access,,
52160010,Avia,Avia,,
6300016,Total Access,Relais de Séméria,,
11430002,Intermarché,Intermarché,,
77140010,Shell,Shell,,
67210001,Auchan,Auchan,,
67570001,Eni,Eni,Garage E. Marques,
67130004,Match,Match,,
67190001,Auchan,Auchan,,
67190004,Système U,Station U,,
67120005,E.Leclerc,E. Leclerc,,
67560002,Auchan,Auchan,,
67130002,Système U,Station U,,
61700002,Intermarché,Station Service Intermarché,,
80290007,Total,Total,,
69400006,Esso Express,Esso Express,Esso,
62250001,Carrefour,Carrefour,,
36150001,Carrefour,,Carrefour Market,
80300004,Carrefour,Carrefour,Carrefour,
65130001,Intermarché,,,
13320014,Eni,Eni,Eni,
13127005,Eni,Eni,Eni,
80150003,Carrefour Contact,Carrefour Contact,Carrefour,
77515001,Intermarché,,,
41000019,TotalEnergies,Relais Total Access Anne De Bretagne,Total,
38750001,,Station France D,,
83330001,,Augier,,
54920002,,3F,,
12160002,TotalEnergies,Total,Élan,
84100004,,Station marché,Groupement des Mousquetaires,
36100003,Elan,Elan,Fougère Auto,
62120015,Carrefour,Carrefour,,
2270001,Carrefour,Carrefour,,
45270001,Auchan,Auchan,,
74370001,TotalEnergies,TotalEnergies,Total,
14700005,Elan,Elan,Elan,
13014015,Eni,Eni Marseille Sainte-Marthe,Eni,
13013014,Eni,Eni Marseille Saint-Just,Eni,
8150001,Carrefour,Carrefour,,
74500009,Eni,Eni,,
33840003,Eni,Eni,Eni,
34140003,Eni,Eni,Eni,
28160003,TotalEnergies,TotalEnergies,Total,
69300010,Total,Total,,
7120005,Total,Relais Pradons,,
39220002,Avia,Avia,Avia,
39170002,Avia,Avia,Avia,
94600003,Esso Express,Esso Express,Esso,
81000011,Fina,,Fina,
18600001,Avia,Avia,Avia,
13180002,Carrefour Market,Carrefour Market,,
21150001,Avia,Avia,Avia,
10130001,Avia,Avia,Avia,
45290001,Avia,Avia,Avia,
22150004,,,Intermarché,
47600006,Aldi,Aldi,Aldi,
2100021,Netto,Netto,,
68140003,Super U,Super U,Super U,
48100004,Carrefour,Carrefour,,
19330002,,Carrefour Contact,,
1430004,Avia,Avia,Garage Muret et Fils,
21200007,Esso,Esso,BP,
32100004,TotalEnergies,TotalEnergies,Total,
28160008,Esso,Esso,,
34410002,Carrefour,Carrefour,Carrefour,
2130006,Avia,Avia,Avia,
2120006,Carrefour,Carrefour,,
62840005,Carrefour,Carrefour,,
62690001,Carrefour Market,Carrefour Market,,
45290003,Esso,Esso,,
13140010,Total Access,Relais du Mas Neuf,,
39700017,Avia,Avia,,
11100009,Esso,Esso Mistral,,
48200007,Esso,Esso,,
2460003,Carrefour,Carrefour,Carrefour,
39700015,Avia,Avia,,
62134001,Carrefour,Carrefour,,
23150001,Intermarché,Intermarché,Intermarché,
14400010,TotalEnergies,TotalEnergies,,
14400004,Esso,Esso Montgomery,,
14400003,TotalEnergies,TotalEnergies,Total,
39500007,Shell,Shell,,
38300024,Total,Total,Sarl Garage de Saint-Savin,
12150007,,Relais 9,,
12560003,,Station du Val de Serre,,
34725001,Esso,,Esso,
93800006,Total,Relais Total Claude Debussy,Total,
14404001,E.Leclerc,Station Service E.Leclerc,E.Leclerc,
83400006,E.Leclerc,Station Service E. Leclerc,,
64200008,Esso Express,Esso Express,,
77250002,Intermarché,Intermarché,Groupement des Mousquetaires,
9300002,Super U,Super U,,
77140011,Total,Station Total,Total,
94400005,TotalEnergies,Relais de Vitry,Total,
13011025,Eni,Eni,,
33440006,Avia,Avia,,
18500006,Eni,Eni,Eni,
18500007,Esso,Esso,Esso,
51230004,Shell,Shell,,
21140001,Super U,Super U,,
59370002,Intermarché,Station Intermarché,Groupement des Mousquetaires,
21700004,Intermarché,Intermarché,,
46090003,Total,Total Lamagdelaine,Total,
27240001,Carrefour,Carrefour,,
20144002,Vito,Vito,,
83560006,BP,BP,,
59193003,Carrefour,Carrefour,,
75013028,BP,BP,BP,
24300007,TotalEnergies,Garage du Stade,Total,
29200002,Super U,Super U,,
22200006,Total Access,Total Access,,
7200014,,Relais Tabac Presse,,
38290006,Avia,Avia,,
60000012,Total,Total,Relais Total de L'espace Saint-Germain,
80200003,Total,,,
94000009,Total Access,Relais de Montaigut,Total,
79230003,TotalEnergies,TotalEnergies,Total,
42510001,Carrefour Market,Carrefour Market,,
71800002,Intermarché,Intermarché,Groupement des Mousquetaires,
53960003,Intermarché,Intermarché,Groupement des Mousquetaires,
53240001,Carrefour,Carrefour,,
27310008,Carrefour Market,Carrefour Market,,
80730001,Total,Total,Total,
71130004,Intermarché,Intermarché Super,Groupement des Mousquetaires,
13120005,E.Leclerc,Station service de Biver,,
59129004,Carrefour,Carrefour,,
63850001,,Orceyre Carburants,,
54530002,Carrefour Contact,Carrefour Contact,,
80230003,Carrefour,Carrefour,,
57270001,Total,Total,Bordoni,
85510001,Intermarché,Intermarché,,
57310002,Intermarché,Intermarché,,
26740006,,Natura' Pro Cooperative,,
78310001,Auchan,Auchan,Auchan,
51130002,E.Leclerc,E. Leclerc,,
2200010,Intermarché,Intermarché,,
44550001,Système U,Système U,,
13006003,Avia,,Garage Notre-Dame de la Garde,
65190001,Total,Pécassou Paul,Paul Pécassou,
30000011,Intermarché,Intermarché,Groupement des Mousquetaires,
3100009,Eni,Eni,,
80400004,E.Leclerc,E leclerc,,
62012001,Auchan,Auchan,,
59490001,Carrefour Market,Carrefour Market,,
3400007,Carrefour Market,Carrefour Market,Carrefour,
68180001,Esso Express,Esso Express,,
91170007,BP,BP Viry,,
24200007,Total,Total,,
94190007,Total,Esso,Total Energy,
27380004,Carrefour Market,Carrefour Market,,
3410011,TotalEnergies,TotalEnergies,Total,
18240004,Avia,Avia XPress,Avia,
34140006,Avia,Station Charvet,,
7100006,Total,Total Contact,,
7430006,Avia,Avia,,
62810002,,Total Avesnes,,
38860001,,Carbel,,
7100007,Intermarché,Intermarché,,
28260005,E.Leclerc,Station Service E.Leclerc,,
28800003,TotalEnergies,TotalEnergies Contact,TotalEnergies,
28800004,Carrefour Market,Carrefour Market,Carrefour,
28170003,TotalEnergies,Total,,
24100011,Intermarché,Intermarché,Intermarché,
46000015,Avia,Avia Xpress,Avia,
29730006,Carrefour,Carrefour,,
91300007,Carrefour,Carrefour,Cora,
43290002,TotalEnergies,TotalEnergies,Total,
43290001,,Station Blanchard,,
80260004,Total Access,Café des Sports,,
28120002,Intermarché,,,
7100008,Brossier Énergies,,,
60150003,Station U,Station U,,
24120001,Auchan,Auchan,,
59223001,Auchan,C. C. Auchan,Auchan,
66690001,Intermarché,Intermarché,,
12500003,,Station d'Olt,,
57800005,TotalEnergies,Total,Mahou,Total
58190002,Système U,Station U,,
12510001,Super U,La Station U,Super U,
21250001,Bi1,bi1,,
76430004,Carrefour Market,Carrefour Market,,
26120001,TotalEnergies,TotalEnergies,,
38930001,,La Remise,,
20245002,,Energia Suprana,,
58000011,,Station du Petit Canal,Total,
79510002,Total,Total Contact,,
68170004,E.Leclerc,E. Leclerc,,
1460001,Carrefour,,,
7130006,Avia,Avia,,
7500001,Auchan,Auchan Carburant,Auchan,
11000012,,Triay Frères,,
32190003,Intermarché,Intermarché,,
53000011,Total Access,Relais Total de La Closerie,,
51700001,,,Carrefour,
5190002,Station U,,Super U,
66310003,TotalEnergies,Total,,
26600002,Total,,,
9110003,Carrefour,Carrefour Contact,,
7500002,Intermarché,Intermarché,Intermarché,
44190001,Super U,Super U,,
33210008,Netto,,,
13012022,Total Access,Total Access - Relais la Fourragère,,
62730004,Carrefour Market,Carrefour Market,,
26600014,Total Access,Relais Pont De L'Isère RN7,,
26500002,Total Access,Total Access,,
68230002,U,U Express,,
26800005,Intermarché,Intermarché,,
19360002,Elan,,,
93160004,Esso Express,Esso Express,Esso,
21000006,Avia,Avia,,
16500006,Esso,Esso,Esso,
26500004,Intermarché,,Groupement des Mousquetaires,
34290007,Shell,Shell,Shell,
60230004,Total Access,Relais Néflier,Elf,
62240004,Carrefour,Carrefour,Carrefour,
62830002,E.Leclerc,Station Service E. Leclerc,,
38260003,,,Total Energies,
38200014,TotalEnergies,TotalEnergies,TotalEnergies,
13140001,Carrefour,,,
26270004,Intermarché,Intermarché,Groupement des Mousquetaires,
26780007,Total Access,Total Access,Total,
37700001,Carrefour,Carrefour,,
37110003,Intermarché,Intermarché,,
6250001,Carrefour,Carrefour Market (Essence),Carrefour Market,
13008004,Esso Express,Esso Express Sablier,Esso,
13008008,Carrefour,Carrefour,Carrefour,
26208001,Carrefour,Carrefour,Carrefour,
69350003,TotalEnergies,TotalEnergies,,
6500005,Intermarché,Intermarché,,
13400003,Total,Camp de Sarlier,,
69500012,Station service intermarché,Station service intermarché,Casino,
35580004,Total Access,Total Access - Station Colas,EURL Station Colas,
7250001,TotalEnergies,TotalEnergies,Garage HAKYOTO,
26270006,E.Leclerc,Station Service E.Leclerc,E. Leclerc,
26200004,E.Leclerc,Station Service E. Leclerc,,
26740003,TotalEnergies,TotalEnergies,,
26200009,Avia,L/CNG station,Primagaz,
26208001,AS 24,As24,,
26200009,TotalEnergies,TotalEnergies Proxi Sud Est (CLMB),Agence Charvet,
7250004,Avia,Avia,Avia,
26200008,Auchan,Station Service Auchan,Auchan,
68000009,Avia,Avia,Avia,
44780002,Spar,Spar,,
64150008,Carrefour,Carrefour Market,,
74130004,Shell,Shell,Shell,
49420001,Super U,Super U,Super U,
30130015,Carrefour,Carrefour,M3C PONT,
72460005,Proxi,,,
76220008,,JBeauval,,
38440004,Auchan,Auchan,,
39500006,Intermarché,Intermarché,,
13880001,Intermarché,Intermarché,,Intermarché
30510002,Avia,Avia,,
83170011,Eni,Eni Cambarette,,
16340002,Esso Express,Esso Express,,
59300021,BP,BP,,
78000021,Esso,Esso,,
69480007,Eni,Eni,Eni,
31150002,Super U,Super U,,
73800006,Total,Total,,
93150009,,,Total,
26100002,Système U,Système U,Hyper U,
7200011,,Seb Auto Service,,
39200005,Intermarché,Intermarché,,
50300001,Carrefour,Carrefour,Carrefour,
59190003,E.Leclerc,Station Service E. Leclerc,,
83260007,,La Crau,,
13160004,Carrefour,Carrefour,,
68400001,Super U,Super U,Super U,
13910001,Super U,Super U,,
44220001,Super U,,Système U,
21130009,E.Leclerc,Station Service E.Leclerc,E.Leclerc,
21130010,E.Leclerc,Station Service E.Leclerc,E.Leclerc,
31330001,U,,Super U,
45100001,Auchan,Auchan,Auchan,
87000024,U,Station U,,
30760001,,Station U,,
71420002,Avia,Avia Xpress,,
53970001,,,U Express,
34130004,Total,Relais Total de Mauguio,Total,
34070002,Auchan,Auchan,Auchan Carburants,
30300006,TotalEnergies,Total,Total,
30800002,Intermarché,,,
44260005,Station U,Station U,Hyper U,
93300010,Esso,Esso,,
40400004,Carrefour,Station Carrefour,Champion,
13200015,Total,Relais Total du pont Van Gogh,Total,
5000010,Esso,Station Esso Clement,Esso,
33770002,Elan,Elan,,
30600004,Carrefour,Carrefour,,
30300005,Eni,Eni,,
77260012,Eni,Eni,,
13150003,Intermarché,Intermarché,,
57360001,E.Leclerc,Station Service E.Leclerc,,
69560001,Système U,Station U,,
58410001,,Station du Nohain,Commune de Entrains-sur-Nohain,
10400007,Carrefour Contact,Carrefour Contact,,
57310001,Match,,,
57525001,Système U,Station U,,
68190001,,,Intermarché,
68970001,,Beysang,Beysang,
69800015,Total,Relais Saint-Priest les Brigoudes,,
27404001,TotalEnergies,Total,,
55120001,Intermarché,Intermarché,,
34000013,TotalEnergies,Total,,
31300007,TotalEnergies,Relais Toulouse Grande-Bretagne,,
74130016,TotalEnergies,Total,,
30132002,Intermarché,Intermarché,Groupement des Mousquetaires,
34990001,Intermarché,Intermarché,Groupement des Mousquetaires,
49290002,Intermarché,Intermarché,,
34000017,Eni,Eni,Eni,
34070018,Total,Total Access,Elf,
50230001,Système U,Station U,,
41800002,Intermarché,,,
30000010,Campus,Campus,Campus,
34090003,Total,Total,Total,
34973001,Carrefour,Carrefour,,
34170001,Station U,,Super U,
30980002,Netto,Netto,Netto,
34600002,Gallien,Relais Du Bel Air,,
30000019,Total Access,Total Access,Total,
57660001,Total,Total Contact,,
88320001,Carrefour,Carrefour Express,,
69320008,TotalEnergies,Total,,
30021001,Carrefour,Carrefour,Carrefour,
30310001,Système U,Station U,,
30190003,Casino,Casino,,
34150003,Intermarché,Intermarché,,
30132003,,,Dyneff,
43100002,Total,Total Contact,,
45150001,Auchan,Auchan,,
41230001,Elan,Elan,,
93240008,Total Access,Total Access,,
76490002,Carrefour,Carrefour,,
76640004,Carrefour,Carrefour,,
50700001,Carrefour,Carrefour,,
50500004,Carrefour,Carrefour,,
34530001,Tabac Station Service Lopez,Tabac Station Service Lopez,Tabac Station Service Lopez,
34570001,Total,Total,Total,
86200006,Total,Total,Total,
30320006,TotalEnergies,TotalEnergies,Total,
34190002,Intermarché,Intermarché,,
30190004,Intermarché,Intermarché,,
30120003,Intermarché,Intermarché,,
30620001,,Netto,,
30230002,Carrefour,La Bouillarguaise,,
50300002,Total,Total,,
30000012,Intermarché,Intermarché,Groupement des Mousquetaires,
34380002,Spar,Spar,,
68490001,TotalEnergies,Total - GARAGE LIEBENGUTH,,
51240002,Intermarché,Intermarché Contact,Groupement des Mousquetaires,
57210001,Total,,ALLO EUROPE SERVICES,
64440003,TotalEnergies,Total,,
64350003,Carrefour Contact,Carrefour Contact,,
34973001,Carrefour,Carrefour,Carrefour,
34790004,Système U,Station U,,
34600004,U,U Express,,
11300006,Système U,Station U,Super U,
30128001,U,U Express,,
62156002,Carrefour,Carrefour Contact,,
50390001,Système U,Station U,,
50360003,Carrefour,Carrefour Contact,,
50360002,Esso,Esso,,
50330002,Esso,Esso,,
50480002,Système U,Station U,,
30260001,Dyneff,Dyneff Coutach Pneu,,
7140002,Station U,Super U,Super U,
7170002,Agip,Agip,,
56770001,,Station Service Municipale,,
82700004,Carrefour,Carrefour,,
13000001,Intermarché,Intermarché,Groupement des Mousquetaires,
11000019,E.Leclerc,E.Leclerc,,
11360002,Super U,Super U,U Express,
30100013,Total,Total,Total,
7380002,Intermarché,Intermarché,,
90100003,Intermarché,Intermarché,,
30700004,Intermarché,Intermarché,,
38430004,Intermarché,Intermarché,,
30700001,Carrefour,Station Essence,,
7200008,Total Access,Total Access,,
30140003,Intermarché,Intermarché,Intermarché,
7200016,TotalEnergies,TotalEnergies,Garage André Chabroulin,
7110006,Independent,Carburants Sud Ardèche,Carburants Sud Ardèche,
50560001,Carrefour,Carrefour,,
30110003,Intermarché,Intermarché,,
30500001,Avia,Avia,,
30360002,Carrefour,Carrefour,,
69390005,Système U,Système U,,
30100019,Netto,Netto,,
30960003,,Relais des Cambons,,
11700007,Avia,Avia,Avia,
91470008,Carrefour Market,Carrefour Market,,
30960004,U Express,U Express,,
30580001,,Mas Neuf,Bonnaure Badine et Marion,
35760002,E.Leclerc,Station Service E. Leclerc,,
41370001,,Garage Hurault,,
67700005,TotalEnergies,Total,,
72100002,Carrefour,Carrefour,,
30340004,Eni,Eni,Eni,
78760004,Total Access,Total Access,,
30340006,,ENI,,
30380002,LOTI,LOTI,Willy Saint-Christol,
30340007,Système U,Utile,,
1350003,Intermarché,,,
46000012,Total,Relais Total du Quercy,Total,
69800013,BP,Station Service BP,BP,
85400001,Super U,Hyper U,,
45100004,Carrefour,Carrefour,,
21800009,TotalEnergies,TotalEnergies,Total,
89100017,Avia,Avia XPress,,
14000010,Intermarché,Intermarché,,
87000023,Esso Express,Esso Express Carnot Limoges,,
89520001,Super U,Super U,,
82500003,Casino,Casino,,
22390001,Carrefour Contact,Carrefour Contact,,
57160001,Carrefour,Carrefour,Carrefour,
19800004,,Pro-Tech Auto,,
25680001,Total,Total,,
56110001,,,E. Leclerc,
22230004,Total,,,
22210001,Système U,Station U,,
94550002,TotalEnergies,TotalEnergies,Total,
44340004,Elan,Elan,,
49380001,Super U,Super U,,
34550001,Esso Express,Esso Express,,
12600001,,Garage Yerles,,
81320001,,Servifioul,,
26340000,,Carburants Services,,
19240002,Carrefour Contact,Carrefour Contact,,
22980002,Intermarché,,,
42330002,Intermarché,Intermarché,,
63300003,Elan,Elan,,
78200001,Auchan,Station Service C. C. Auchan,Auchan,
47300004,,Fina - Relais de Soubirous,,
47320002,Total,Total,,
47410000,,Aire C,,
47800002,Intermarché,Intermarché,,
76950002,Carrefour,Carrefour,,
37460001,TotalEnergies,Total,,
2320002,Intermarché,Intermarché,Groupement des Mousquetaires,
41220001,Super U,La station U (station-service),,
86110004,Auchan,,,
91260001,Auchan,Auchan,,
13012016,Intermarché,,,
77340006,TotalEnergies,Total Access,Total,
78940001,Auchan,Auchan,,
22000010,Total Contact,Total,Total,
8230001,Carrefour Market,Carrefour Market,,
52100012,Esso,Esso Champagne,,
59780003,Super U,Super U,,
64100013,Esso,Esso Express,,
69290003,Intermarché,Intermarché,Groupement des Mousquetaires,
15300006,,Auvergne Carburants,,
72250001,Super U,Super U,Super U,
68520004,,Station U,Système U,
38630005,Intermarché,Intermarché,,
14480001,Carrefour,Carrefour Contact,,
68127001,Avia,Station-service Avia,,
19250003,Intermarché,Intermarché,Groupement des Mousquetaires,
35320003,,La station U,Utile,
30300010,TotalEnergies,Total Access,,
68200020,Total,Total,,
19200006,TotalEnergies,Total,,
57120001,TotalEnergies,TotalEnergies,,
7330001,Total,Station Total,,
19490002,Total,Total Contact,,
19800007,TotalEnergies,Total Contact,,
3240003,TotalEnergies,TotalEnergies Deux-Chaises,,
19130003,Total,Total,,
19350002,TotalEnergies,Total,,
7000002,Intermarché,Intermarché,Groupement des Mousquetaires,
7240002,Intermarché,Intermarché,Intermarché,
82170002,,KAI carburant,,
34330001,Elan,Station Sebe,Elan,
48100006,Elan,,,
29140003,Total Contact,Total Contact,,
62560002,Elan,Station Lemaître,,
93360002,Elan,Elan,,
64520001,Elan,Elan,,
59860003,,,Système U,
85520001,Elan,,,
49610002,Elan,Elan,,
62147005,Dyneff,Dyneff,,
88600003,Intermarché,Intermarché,,
25400005,Hyper U,,,
33124001,,Safety Carb,,
56250002,Intermarché,Intermarché,Groupement des Mousquetaires,
41320002,Super U,Utile,,
60190002,Intermarché,Intermarché,,
66140002,Intermarché,Intermarché Super,Groupement des Mousquetaires,
59430001,Carrefour,Carrefour,Carrefour,
86400001,Super U,Super U,,
85170003,Avia,Avia,,
70300008,,GME,,
62230001,Carrefour,Supeco,,
57420002,,,Total,
33430001,Système U,Station U,,
11370001,Carrefour,Carrefour Contact,,
6200014,Esso Express,Esso Express La Manda,,
46220002,Carrefour,Carrefour Market,,
87310001,,24/24 Saint-Laurent-sur-Gorre,,
89100001,Carrefour,Carrefour,Carrefour,
40990004,Intermarché,Station Intermarché,,
41700004,Super U,Super U,Super U,
33650003,Auchan,Auchan,,
44410007,Super U,Super U,,
33830005,Intermarché,Intermarché,,
49123001,Intermarché,Station Service Intermarché,,
93250009,,Carrefour city,BP,
44240012,Station U,Station U,,
53600007,Station U,Station U,,
69370002,Total,Relais Saint-Didier,,
69540001,Carrefour Market,,,
13011019,,La Source,,
44450002,Système U,Station U,,
33910001,Intermarché,Intermarché,Intermarché,
28000011,Total Access,Total Access,,
37500001,Station U,Station U,,
55600001,Système U,Station Service,Super U,
70000011,,Bocquillion,,
34070016,TotalEnergies,TotalEnergies,Total,
69650001,TotalEnergies,Total Contact,,
50370005,Total,,Total,
32160001,Intermarché,Intermarché,Intermarché,
37320010,Carrefour,Carrefour,,
54150002,Système U,Station U,,
30104001,,Station Service Carrefour,Cora,
9190004,SARL Inter Club,Station Service Inter Club,,
54700006,Intermarché,Intermarché,,
93370001,Auchan,Auchan,,
54470002,Carrefour,Carrefour Contact,,
1390010,Intermarché,Intermarché,,
76520001,Super U,Super U,Super U,
45750002,Station U,Station U,,
20167010,Vito,Vito,,
9200001,Carrefour,Carrefour Market,,
95480002,Esso,Station Esso,Esso,
27930001,Carrefour,Carrefour,,
21250002,Total,Total,,
77141003,AviaXpress,,,
10100002,Total,Total,,
6300012,,Station des Oliviers,,
21400010,Independent,Station Le Marmont,,
21130013,Netto,Netto,Netto,
21370002,Intermarché,Intermarché,,
89300003,TotalEnergies,Total,,
70170003,Netto,Netto,Netto,
70140004,,Pesmes Énergie,,
21610002,,BER Énergies,Bourgogne Espace Rural,
21440001,,Natura'lisa Gamm Vert,BER CESTRES,
70190005,Intermarché,Intermarché,,
25720013,Eni,Eni,,
25160001,Fiat,Station Service - Garage du Coude,Garage du Coude,
86120001,TotalEnergies,TotalEnergies,Total,
86000024,Total Access,Total Access,Total,
56370005,Carrefour,Carrefour Contact,,
47550007,Total Access,Relais Bon Encontre,Total,
25870002,Station U,Super U,Super U,
86000012,Super U,Super U,Groupement des Mousquetaires,
57150005,Intermarché,Intermarché,,
47600007,TotalEnergies,TotalEnergies,,
57370004,Intermarché,Intermarché,,
86100010,Intermarché,Intermarché,,
50800004,,Station service communale,,
66430002,Super U,Super U,,
62700008,Total Excellium,Relais Total De La Lawe,Total,
31220005,,Station Service,Intermarché,
64220002,Total,Total,,
7200003,Avia,Station Avia,Avia,
58230001,,Rousseau Carburant,,
7200015,Intermarché,Netto,,
63500007,TotalEnergies,Total Access,,
46240001,,Station U,,
47700001,E.Leclerc,Station Service E.Leclerc,,
88250003,Station U,Station U,,
57940001,Carrefour,Carrefour Contact,,
70300012,Intermarché,Intermarché,,
42155001,Intermarché,Intermarché,Intermarché,
38610001,Total,Total,,
88160003,Intermarché,Intermarché,,
88390003,Intermarché,Intermarché,,
88170005,Total,Total,,
88140004,Intermarché,Intermarché,,
88270001,Intermarché,Intermarché,,
50130001,Esso Express,Esso Express,,
71130002,Auchan,Station Auchan,,
3410007,Esso Express,Esso Express,,
21240003,Super U,Super U,,
66140003,Intermarché,Intermarché,,
72400002,Total Access,Total Access,,
90200003,Total,Total,,
86140002,Auchan,Auchan,Auchan,
14110002,Intermarché,Intermarché,Groupement des Mousquetaires,
91100017,Esso,Esso,,
58110003,Bi1,,,
37600004,E.Leclerc,Station Service E. Leclerc,E. Leclerc,
62100011,Carrefour,Carrefour,Carrefour,
76290003,Intermarché,Intermarché,,
92330002,Esso,Esso,,
14260002,Intermarché,,,
73000002,Carrefour,Station-service Carrefour Chamnord,,
77100010,Total,Total Contact,,
77470001,Carrefour Market,Carrefour market - Trilport,Carrefour market - Trilport,
66600001,Intermarché,Intermarché,,
66530001,Carrefour,Carrefour,,
74520010,Carrefour Market,Carrefour Market,,
66600002,Total Access,Total Access,,
37260005,G20,G20,,
66300013,Rompetrol,Rompetrol,,
13310001,Super U,,,
94170002,Esso Express,Esso Express,Esso,
19340002,,,Elan,
24450001,Carrefour,Carrefour,,
71390005,,,Intermarché,
44750002,Intermarché,Intermarché,,
66330001,Total,Total,,
80340003,,Vanderstraeten,,
14290002,Intermarché,,,
80200012,Carrefour,Carrefour,Carrefour,
60126001,Coccinelle,,,
95520005,,,BP,
21000017,Avia,Avia,Avia,
20144003,Vito,,Vito,
58200009,TotalEnergies,TotalEnergies,,
44410001,E. Leclerc,Station Leclerc Herbignac,Leclerc,
11106001,E. Leclerc,Station Service E. Leclerc,E. Leclerc,
64780001,E. Leclerc,E. Leclerc,,
40120003,E. Leclerc,Station Service E. Leclerc,,
11200002,Dyneff,Station Dyneff,Dyneff,
30126005,Esso,Station Esso,Esso,
13170007,Avia,AVIA Xpress,,
24700001,Intermarché,Intermarché,Groupement des Mousquetaires,
72300005,Shell,Station Shell,Shell,
60300009,BP,BP,BP,
89340004,Esso,Esso,Esso,
24430001,Auchan,Auchan,,
50000004,Intermarché,Intermarché,Groupement des Mousquetaires,
84700004,Intermarché,Intermarché Sorgues,Groupement des Mousquetaires,
47200008,Carrefour,Carrefour,Carrefour,
64530004,Total,Total,Total,
45160001,Auchan,Auchan,Auchan,
69340002,Esso,Esso,Esso,
35000020,Total Access,Total Access,Total Access,
6800020,Total Access,Total Access,Total,
61500004,Carrefour,,,
40460001,Intermarché,Intermarché,Groupement des Mousquetaires,
30380001,Intermarché,Intermarché,,
34980001,Carrefour,Carrefour,Carrefour,
51170002,Total,Total,Total,
87230002,Intermarché,Intermarché,Intermarché,
1210001,Carrefour,Station Service Carrefour,Carrefour,
27460003,Esso Express,Esso Express,Esso Express,
35720004,Carrefour,Carrefour Contact,Carrefour,
24200001,Carrefour,Carrefour,Carrefour,
45680004,Intermarché,Intermarché,Groupement des Mousquetaires,
22300007,Intermarché,Intermarché,Groupement des Mousquetaires,
63000008,Esso Express,Esso Express,Esso,
72380001,Station U,Super U,Super U,
81800003,Elan,Elan,,
29950001,Carrefour Market,Carrefour Market,Carrefour,
48150002,Avia,,,
31880001,Intermarché,Station Service Intermarché,Groupement des Mousquetaires,
56520006,Total Access,Relais de Guidel Nord,Total,
71100011,Intermarché,Station Essence Intermarché,Groupement des Mousquetaires,
60200005,Esso,Esso,Esso,
60210003,Intermarché,Intermarché,Groupement des Mousquetaires,
80480001,Esso Express,Esso Express,Esso,
33220004,Intermarché,Intermarché,Groupement des Mousquetaires,
60190003,Total,Total,,
38490004,Intermarché,Station service Intermarché,Groupement des Mousquetaires,
18190001,Intermarché,Intermarché Contact,Groupement des Mousquetaires,
81370003,Esso,Esso,Esso,
65300003,Elan,Elan,Elan,
6130001,Auchan,,,
25490001,Intermarché,Station Service Intermarché,Groupement des Mousquetaires,
10340001,Avia,Garage Roy,,
25290005,Avia,Avia Ornans,Avia,
78840003,Intermarché,Intermarché,Groupement des Mousquetaires,
77220004,Intermarché,Intermarché,Groupement des Mousquetaires,
74310002,Super U,,,
78520002,Carrefour,,,
73870003,Dyneff,Dyneff Saint-Julien-Mont-Denis,Total,
92400018,Total,Total - Relais de l'Alma,,
61400003,Intermarché,Intermarché,,
24360002,Intermarché,Intermarché Contact,Groupement des Mousquetaires,
6260002,Carrefour Market,Carrefour Market,,
34100001,Eni,Eni,Agip,
77580001,Esso,,,
5400003,Elan,Relais la gazoline,,
10110002,Intermarché,Intermarché,Groupement des Mousquetaires,
20200006,Total,Total,,
65170002,Carrefour Market,Carrefour Market,Carrefour,
20222001,Esso,Esso,Esso,
20090014,Esso,Esso,Esso,
93190006,BP,BP,,
40160003,Intermarché,Intermarché,Groupement des Mousquetaires,
69130003,Esso Express,Esso Express,,
1500004,Avia,Avia,Avia,
59550001,Carrefour Market,Carrefour,,
15700005,U,U Express,,
69170001,Auchan,,,
1510003,Carrefour Contact,,,
61290002,Intermarché,Intermarché,Groupement des Mousquetaires,
55100003,Esso Express,Esso Express,,
8200007,Intermarché,Intermarché,Groupement des Mousquetaires,
55500001,Carrefour Market,Carrefour Market,,
48200004,Intermarché,,,
51000006,Esso,Esso,Esso,
94200009,BP,BP,,
77480002,Carrefour,Carrefour,Carrefour,
45210005,Carrefour Market,Carrefour Market,Carrefour Market,
52400001,Carrefour Market,,,
21130004,Intermarché,Intermarché,Groupement des Mousquetaires,
8170001,Carrefour,Station service Carrefour Market,Carrefour Market,
12490002,Avia,,,
15130003,Esso,Esso,,
60350003,Total Access,Total Access,,
68510001,Hyper U,,,
55200004,Intermarché,,Groupement des Mousquetaires,
69720002,Esso,,,
69800014,Total Access,Relais Saint-Priest Mi-Plaine,,
46700001,Intermarché,,,
83690002,Intermarché,,,
1170002,Carrefour,Carrefour,Carrefour,
41400004,Carrefour,,,
72440002,Total Contact,Total Bouloire,,
84210003,Dyneff,Dyneff,,
24380001,Intermarché,Intermarché,,
15130001,Total,Total,,
18350001,Intermarché,Intermarché,,
7120004,Elan,,,
69210008,Carrefour Market,,,
6110009,Total,,,
50310002,Intermarché,Intermarché,Groupement des Mousquetaires,
13100005,Esso Express,Esso Express Les Tourelles,,
24190001,Intermarché,Intermarché,,
33430005,Intermarché,Intermarché,Groupement des Mousquetaires,
81400004,Intermarché,Station Service Intermarché Super,,
71160003,Intermarché,Intermarché Super,Groupement des Mousquetaires,
1480001,Carrefour Market,Carrefour Market,Carrefour Market,
72440001,Super U,,,
21340002,Total,Total,,
74170001,Elan,Garage Grandjacques,,
71240004,Auchan,Auchan,,
52100010,Total,Total,,
42660001,Avia,Garage Favier,,
39130008,Carrefour,Carrefour Express,Carrefour,
72100004,Total,Station service Total,Total,
24400004,Intermarché,Intermarché,,
60320001,Carrefour Market,Carrefour Market,,
88800002,Carrefour,Carrefour,,
38640001,Carrefour,,Carrefour,
80260001,Carrefour,Carrefour,,
56890004,Intermarché,Intermarché,,
35720001,Total,Total,,
1320001,Elan,Elan,Elan,
65200002,Total,Total,,
69200009,Total,Total,,
1340004,Dyneff,,,
1340002,Total,,,
69009008,Total Access,Total Access,,
3410009,E. Leclerc,Station service Poids-Lourds,E. Leclerc,
22160003,Intermarché,Intermarché,Groupement des Mousquetaires,
70120003,Total,Total,,
73200001,Carrefour,,,
22960001,Carrefour,Station Carrefour,,
49460001,Intermarché,Intermarché Contact,Groupement des Mousquetaires,
69430002,Carrefour,Carrefour,,
45500006,Intermarché,Intermarché,,
39170001,Spar,SPAR,,
40460002,Intermarché,Station Service Intermarché,Intermarché,
33600006,Esso Express,Esso Express,,
69125002,Total,Total,Total,
77000005,BP,BP,BP,
56460003,Total,,,
2300009,Carrefour,Carrefour,,
65000001,Carrefour Market,Carrefour Market,,
62300005,Esso Express,Esso Express,,
47800004,Elan,Elan,,
88240001,Intermarché,Intermarché,,
25120004,Intermarché,Station Service Intermarché,Intermarché,
27190003,Intermarché,Intermarché,,
56100003,Total,,,
69590002,Avia,Station Service Avia,,
34690004,Intermarché,Intermarché,Groupement des Mousquetaires,
14130004,Intermarché,Station-service Intermarché,,
81430001,Elan,Station Service Élan,,
14150001,Esso,Esso,,
56350002,Intermarché,Station-service Intermarché,Intermarché,
29600004,Total,Total,Total,
15250001,Total,Total Jussac,,
38200016,Intermarché,Intermarché,,
52130003,Avia,Avia,,
52220001,Total,Total,Total,
91350002,Total,Total,,
47440001,Total,Total,RIEUCAUD Jérôme,
11100010,Esso,Esso,,
1590002,Intermarché,Intermarché Drive,,
27190002,,Station marché,,
59440002,Esso Express,Esso Express,,
38380001,Netto,Netto,,
55430001,Intermarché,Intermarché,,
80120004,Auchan,Auchan,,
55100007,Total,Total Citadelle,,
49700003,Intermarché,Station Intermarché,,
52700002,Intermarché,Intermarché Super,Groupement des Mousquetaires,
31210006,Total,Total,,
31210005,Total,,,
50160003,Elan,,,
76370002,Total,,,
7340001,Total,Total,,
24330005,Elan,Elan,,
66740003,Carrefour Market,Carrefour Market,,
24650001,Intermarché,Intermarché,,
81160001,Carrefour Market,,,
56350003,Avia,Avia,Brétéché,
15310001,Elan,,,
29000011,Total,,,
69340003,Shell,Shell Roussillon,,
61170001,Intermarché,Intermarché,,
26240004,Esso,Esso,,
42570001,Intermarché,Intermarché,SAS Philae,
73320002,Avia,Avia,,
73120001,Elan,Garage du Grand Pont,,
11170002,Intermarché,,,
20166002,Total,Total,,
37250005,Esso,Esso,,
37500002,Elan,,,
27130002,Total,Total,ETS JEAN CHANOINE,
31350002,Intermarché,Intermarché,,
47320003,Carrefour,Carrefour,,
95100007,BP,BP,,
42130002,Esso,,,
58290001,Bi1,,,
1500003,Avia,Avia,,
73240001,Netto,,,
59215001,Carrefour Contact,,,
2470001,E. Leclerc,,,
76220005,Intermarché,,,
93606001,Carrefour,Carrefour,,
77240002,Auchan,Auchan,,
53190001,Intermarché,Intermarché Contact,Groupement des Mousquetaires,
54390002,Esso,Esso,,
54230001,Esso Express,Esso Express,,
86370005,Super U,Super U,,
86200004,,,E.Leclerc,
51260005,Carrefour,Carrefour,,
47340001,Carrefour,Carrefour Contact,,
88130001,Match,,,
18100016,Carrefour,,,
22400005,Intermarché,Intermarché,Groupement des Mousquetaires,
22540002,Intermarché,Intermarché,Groupement des Mousquetaires,
22640003,Intermarché,Intermarché Contact,Groupement des Mousquetaires,
29170005,Carrefour,Carrefour,Carrefour,
29700002,Intermarché,Intermarché,Groupement des Mousquetaires,
29700001,Carrefour,Carrefour,,
56550001,Super U,Super U,Super U,
56320001,Elan,Elan,Elan,
29630002,Casino,Casino,,
29610002,Casino,Casino,,
35550004,U,Station U,,
56640001,Super U,Super U,,
56580001,U,U Express 24/24,,
44110004,Intermarché,Intermarché Super,,
50600002,Carrefour,Carrefour,,
22570001,Total,Total,,
33260012,Total Access,Total Access,,
16100007,Intermarché,Intermarché Contact Station-service 24h/24 7j/7,Groupement des Mousquetaires,
44430003,Intermarché,Intermarché,,
31660004,Intermarché,Intermarché,Groupement des Mousquetaires,
81310003,Intermarché,Intermarché Contact,,
47480002,Intermarché,Intermarché,,
47220003,Intermarché,Intermarché,,
32310004,Carrefour,Carrefour,,
47600003,Intermarché,Intermarché,,
65140003,Carrefour,Carrefour Contact,,
40180003,Intermarché,Intermarché,,
15600003,Intermarché,Intermarché,,
48600001,,Gedimat,Gedimat,
38530004,Intermarché Contact,,,
69800019,Total Access,Relais Saint-Priest Mi-Plaine 2,,
43770001,Intermarché,Intermarché,Groupement des Mousquetaires,
43700002,,J.V.F.,,
71680001,Carrefour,Carrefour Crêches,Carrefour,
71260005,Esso,Esso,Esso,
1460002,Total,Total,,
71570004,Intermarché,Intermarché,,
26730006,Esso,Esso Porte de la Drôme,,
69240002,Intermarché,Intermarché Super,Groupement des Mousquetaires,
3120005,,Lapalisse Essence,,
71600005,Total,Total,,
89132001,Avia,Avia,Avia,
92160001,Auchan,Auchan Supermarché Antony,Auchan,
70200006,Total,Total,Total,
68210002,Intermarché,Intermarché Super,Groupement des Mousquetaires,
72000014,,,Groupement des Mousquetaires,
39120002,Intermarché,Intermarché Super,,
52250001,Intermarché,,,
45300007,Carrefour,,,
18200009,Intermarché,Intermarché,Groupement des Mousquetaires,
41200001,Carrefour,Carrefour,Carrefour,
71700002,Auchan,Auchan,,
53120001,Système U,Station U,,
45680003,Intermarché,Intermarché,Groupement des Mousquetaires,
6320004,,TNT,,
64360000,,,Intermarché,
32300002,Carrefour,Carrefour Market,,
33240007,,,Groupement des Mousquetaires,
22410001,Netto,Netto,Groupement des Mousquetaires,
18570002,Carrefour,Carrefour,,
1630005,Avia,Avia,,
21910001,,,Atac,
21110002,,,Total,
69740002,Esso,Esso,,
62750002,Intermarché,Intermarché,,
75013026,Esso,Esso,,
32110001,Carrefour Market,Carrefour Market,,
7410002,,Station-service de Saint-Félicien,,
70300009,Total Contact,Total Contact Saint-Sauveur,SARL BOCHER GUILLOT,
8500002,Intermarché,Intermarché,Groupement des Mousquetaires,
46160001,Total,Total,,
63230001,Total,Total,Total,
36500002,Elan,Elan,,
86700003,Intermarché,Intermarché Couhé-Verac,Intermarché,
58220001,Intermarché,Intermarché,,
18240001,Système U,Système U - Utile - Belleville Sur Loire,,
64530002,Intermarché,Intermarché,Groupement des Mousquetaires,
66000018,TotalEnergies,Relais Total Porte d'Espagne,,
66962001,Carrefour,Carrefour,Carrefour,
29290003,Carrefour,Carrefour,Carrefour,
37600001,Système U,Système U,Super U,
60700005,E.Leclerc,Station Service E.Leclerc,E. Leclerc,
66000005,Système U,,,
77680001,Esso Express,Esso Express,,
66750004,TotalEnergies,TotalEnergies,,
86170002,Super U,Super U,,
18100015,Carrefour Market,Carrefour Market,Carrefour,
86400004,Élan,,,
16110005,Esso,,,
3390004,AS24,,,
71000023,BP,BP,,
42470005,Intermarché,,,
34350003,Dyneff,Station Dyneff (Truck étape),,
42470004,Dyneff,,,
78380005,BP,,BP,
57280001,Auchan,Centre Commercial Auchan,Auchan,
1000012,Total,Total,,
62360001,Total,Total,Total,
57950002,Super U,Super U,,
24400003,Station U,Super U,Super U,
51200006,Total,Relais Total Des Sparnaciens,Total,
49430001,Station U,Super U,Super U,
54150001,Elan,Elan,Elan,
44480002,Intermarché,,Station Marché,
44220002,Station U,,Super U,
18100008,Intermarché,Station essence,Groupement des Mousquetaires,
56430001,Station U,,Super U,
33470003,Station U,,Super U,
56800001,Station U,Super U,Super U,
33133002,Station U,Super U,Super U,
88700003,Intermarché,,Groupement des Mousquetaires,
68310001,Station U,,Super U,
21150002,Station U,Super U,Super U,
56660001,Intermarché,,Groupement des Mousquetaires,
72450001,Station U,,Super U,
34770001,Total,Total Automat,Total,
50240001,Station U,Super U,,
37340001,Station U,,Super U,
22250001,Station U,,Super U,
72170001,Station U,,Super U,
1230003,Elan,Elan,,
90150001,Total,Total Trois Sapins,Total,
71760001,Avia,,,
63200002,Total,,,
66250003,OIL!,Oil France,,
13463001,Carrefour,Carrefour,,
28500011,Carrefour,Carrefour,Carrefour Contact,
1430005,Total,Total,,
30800001,Intermarché,Intermarché,Groupement des Mousquetaires,
27500004,Intermarché,,Groupement des Mousquetaires,
62164001,,Garage Dupuis Deberdt,,
35310004,Carrefour Market,,,
83200004,Esso,Esso,Esso,
76350001,Super U,,,
70100002,Carrefour,Carrefour,Carrefour,
86500001,Super U,,,
30650001,,Station Georges Pruvost,Georges Pruvost GPF,
14123010,Carrefour,Carrefour,,
24210002,Carrefour,Carrefour Contact,,
94430007,Total Access,Total Access,,
83130004,Intermarché,Intermarché,,
80500004,Total,Total,,
41210000,Carrefour,Carrefour,,
76600021,Total,Relais du Perrey Avitaillement,,
40800007,TotalEnergies,Total,,
74140003,Super U,Super U,Super U,
31700010,Total Access,Total Access,Total,
57380002,Super U,Super U,Super U,
41250001,Intermarché,Intermarché,,
41360005,,Coccinelle,,
63400001,Esso,Esso,Esso,
46300006,Total,Ets Garrigue,,
71640002,Avia,Avia,,
44350007,Avia,Station Essence,Avia,
44500004,Esso,Esso,,
41700006,Total,Total,,
62660004,Total,,,
62660001,Carrefour,,,
80600002,,Match,,
62600003,Carrefour,Carrefour,,
54120002,Total,Total Contact,,
10500001,Total,,,
27700005,Total,Total,Total,
22800003,Super U,,,
63000026,Total,Total Access,Total,
50400001,TotalEnergies,Total,Total,
50500006,E.Leclerc,Station Service E. Leclerc,,
82370005,,Ma station (Ex-Netto),,
41300002,Système U,Station U,,
22700002,Intermarché,Intermarché,Groupement des Mousquetaires,
93150012,BP,BP Avenue Paul Vaillant-Couturier,BP,
93190004,BP,,BP,
93300009,Total,,,
72300009,Total Access,Total Access,,
86440004,Netto,,,
45700002,Intermarché,Intermarché,Groupement des Mousquetaires,
33430002,Total,,,
47120002,,Le Relais des Ducs,,
47200013,Système U,,,
65500003,E. Leclerc,,,
11120002,Carrefour,,,
82800002,Intermarché,,Magener SAS,
46090004,Intermarché,,,
46220003,Intermarché,,,
47500008,Aire C,,,
15800004,,Station Communale,,
81300005,Intermarché,,,
15110003,Élan,,,
48200001,Total,,,
48400007,Dyneff,,,
13800010,Total,,,
77400015,Esso,Esso,,
95150002,Carrefour,Carrefour,,
27160001,Carrefour,,Carrefour,
69720005,Intermarché,Intermarché,Groupement des Mousquetaires,
95870009,Total Access,Total Access,,
78500001,Carrefour,Carrefour,,
27130001,Carrefour,Carrefour,SARL CARPEDIEM,
60300008,BP,BP,,
44320007,U,,,
56390001,Carrefour,Carrefour,,
44118003,Carrefour,Station Carrefour Contact,,
53000010,Total Access,Total Access,Total,
72400001,Carrefour Market,Carrefour Market,,
51700006,Intermarché,,,
58000013,,,Intermarché,
47400004,Total Access,,,
41300008,Avia,Aviaxpress,Avia,
18100017,U,,,
12150006,Total,Total Aire de l'Aveyron,,
51100001,Carrefour,Carrefour,,
65200006,TotalEnergies,Total,Total,
2260001,Carrefour,,,
13270012,Total Access,Relais Fos-sur-Mer,,
62152001,Carrefour,Carrefour,,
62690002,Total,Total,,
76730001,Carrefour,,,
80190002,Auchan,,,
80160003,Carrefour,,,
80140005,BP,,,
76400008,Intermarché,Intermarché,Groupement des Mousquetaires,
13270011,Total Access,Relais Fos-sur-Mer,,
27260002,Carrefour,,,
50500001,Total,Station Total,Totam,
50100003,Intermarché,Intermarché,,
76700001,,Aviva,,
50690003,Total,Total,,
85470002,Super U,Super U,,
41800003,U express,,U Express,
28190002,Intermarché,Intermarché,,
28130003,Intermarché,Intermarché,Groupement des Mousquetaires,
33780001,Carrefour Market,Carrefour Market,,
69530002,Carrefour Contact,Carrefour Contact,,
41300007,Avia,Aviaxpress,Avia,
77580002,Intermarché,Intermarché,Groupement des Mousquetaires,
10170001,Intermarché,Intermarché Contact,Groupement des Mousquetaires,
10600005,Esso,Esso,,
77190006,Total Access,Total Access,,
51310001,Intermarché,Intermarché,,
77120007,Total Access,Total Access,,
60650006,Carrefour,Carrefour,,
86440001,Total,Total,,
44510001,,Station-service Intermarché,,
69007006,TotalEnergies,TotalEnergies Raclet,,
45470001,Système U,,,
28160005,U,Super U Brou,Super U,
77130006,Carrefour,Carrefour essence,,
77780003,Total Access,,,
52310001,Intermarché,Intermarché,Groupement des Mousquetaires,
52140002,Total,Total,Total,
45210004,Total,,,
45330003,Intermarché,Intermarché,Groupement des Mousquetaires,
9350003,Carrefour,Carrefour Contact,Carrefour,
29290001,Carrefour,Carrefour,Carrefour,
77150004,Total,Total,,
55210001,Total,Total,Total,
91210007,Total,Total,,
73490003,Total Access,Total Access,,
13670001,,Garoucha - Relais des MIN,,
14240001,Intermarché,Intermarché,,
72100013,Total Access,Total Access,Relais Total du Bol d'or,
84800003,Intermarché,Intermarché,Groupement des Mousquetaires,
72000012,Carrefour,Carrefour,,
72130006,Total,,,
24330003,Total Contact,Total Contact,,
42700008,Intermarché,Intermarché,Intermarché,
34000011,Intermarché,Intermarché,,
82150001,Intermarché,,,
32700002,Intermarché,Intermarché,,
57185002,Station U,,Super U,
1170001,Carrefour,,,
35800003,Intermarché,Intermarché,,
71000022,Total Access,,,
39140006,Eni,Eni,ENI France SARL,
69360015,Total Access,Relais de l'Ozon,,
44150004,Super U,Super U,,
63310002,Intermarché,Intermarché,Groupement des Mousquetaires,
59138001,Total,Total,,
78690002,U,Super U,Super U,
28500008,Total,Relais Total de la Couette,Total,
23290001,Avia,,AVIA,
27210008,Carrefour,Carrefour,,
87280002,Esso,Station Esso,Esso,
41240003,Total Contact,Total Contact,Total,
71850002,TotalEnergies,Total,,
64800007,Super U,Super U,Super U,
66000003,Dyneff,,,
81500004,Station U,,Super U,
31140004,Carrefour Market,,Carrefour Market,
65100001,Carrefour,Carrefour,,
13008018,,Relais de Mermoz,,
81990003,Carrefour,,Carrefour,
33520003,Esso,Esso Aquitaine 2,Esso,
33720005,Elan,,,
12130002,Intermarché,,,
7220003,Carrefour,,,
30129002,Intermarché,,Intermarché,
83140007,Total,,Total,
83300008,,Albro,,
83136007,Total,Relais du soleil,,
83390002,Casino,,,
2310001,Système U,,Super U,
20137008,Vito,,Vito,
6800017,Total,Relais Val Fleuri,Total,
20148001,Esso,,,
15300007,,La Planèze,,
92300014,BP,Station BP Levallois Président Wilson,,
45120002,Super U,,,
77620001,G 20,,,
77550004,Total,,,
57200002,Esso,Esso,,
70100006,,GME,,
70130001,Avia,Avia,,
70200008,E.Leclerc,E. Leclerc,,
31150006,E. Leclerc,,,
78960004,BP,BP,BP,
91420004,Carrefour Market,,,
91170006,Total,Relais Total De La Grande Borne,Total,
57130001,Match,,,
70500001,Carrefour,Carrefour Market,,
70500002,Intermarché,Intermarché,,
70500004,Intermarché,Intermarché,,
80600003,Total,Total,,
80600005,Intermarché,Intermarché,,
93160008,Total,Total,Total,
27170002,Carrefour,,,
17000007,Avia,Avia XPress,,
31250004,Intermarché,Intermarché,,
25200003,Système U,Station U,,
61400004,Elan,Elan,,
35640001,Intermarché,Intermarché,Intermarché,
31800005,Auchan,Auchan,,
12800003,,Energie,,
24130004,Carrefour,,,
30210006,Avia,Avia,,
26140005,E.Leclerc,E. Leclerc,,
2290002,Intermarché,,,
55000010,Total,Total - Relais Poincaré,Total,
35140002,Elan,,,
56110002,Intermarché,,,
29720003,E. Leclerc,,,
81400001,U,,Hyper U,
17350003,Total,Total Contact,,
44310001,Station U,Super U,Super U,
25400004,Système U,Station U,,
4170003,U,U Express,U Express,
95310011,Total,Relais Total Des Oziers,Total,
68540001,Système U,,Super U,
17100005,E.Leclerc,Station Service E.Leclerc,,
21530002,Perreau Carburants,Perreau Carburants,Perreau Carburants,
58400001,Auchan,Station Auchan,Auchan,
81000003,Total,Total,Total,
25650002,Sarl Guinchard Jacquin,,Sarl Guinchard Jacquin,
89340001,Total,,Total,
9210001,Carrefour,Carrefour Market,,
60870003,TotalEnergies,Relais de la Brêche,,
19190001,Carrefour,Carrefour,,
39100008,,Petrolperret,,
34150001,Spar,,Spar,
31410008,Super U,Super U,,
39240001,Système U,Station U,,
39500001,Système U,Station U,,
61200003,Total,Total,,
39380002,Avia,Avia,,
39270002,Système U,Station U,,
85120001,Station U,,Super U,
17310001,Système U,Station U,,
21000011,Esso Express,Esso Express,,
31290011,Intermarché,Intermarché,,
24114001,E.Leclerc,Station Service E. Leclerc,,
77460001,Total,Total,,
21170001,Intermarché,Intermarché,,
18000004,Carrefour Market,Carrefour Market,,
34350005,Carrefour,,,
21460003,bi1,bi1,,
57070011,TotalEnergies,Relais des Plantières,SARL Navarro,
21130008,E.Leclerc,E. Leclerc,,
57420006,TotalEnergies,Total Contact,,
65400004,Elan,Elan,,
21500004,,Netto,,
56860003,Intermarché,Intermarché Super,,
41200010,E. Leclerc,,,
54300002,Total,Total,Total,
18230004,E.Leclerc,,,
71270004,bi1,bi1,,
71270005,Intermarché,Intermarché,,
71320001,bi1,bi1,,
71260007,Intermarché,Intermarché,,
40350001,Intermarché,Intermarché,,
71270008,Système U,Station U,,
1000001,Carrefour Market,Carrefour Market,,
31230004,Total,Total,,
85520001,Super U,Super U,,
85750002,Intermarché,Intermarché,,
40360003,Carrefour,Carrefour,,
71420003,Système U,Station U,,
31330004,Intermarché,Intermarché,,
31430002,Carrefour,Carrefour Contact,,
91470007,TotalEnergies,TotalEnergies,,
31150005,Total,Total,,
31410007,Intermarché,Intermarché,,
2800004,Carrefour,Carrefour,,
47210002,,Aire C,,
37250006,Auchan,,Auchan,
31800010,Netto,Netto,,
94700005,Esso,Esso,,
73340001,,Cattin Frères,Cattin Frères,
13127010,Total,Station Total-Relais de l'Anjoly,Total,
11000016,Carrefour,Carrefour,,
63700004,Carrefour,Carrefour Market,,
43000004,Esso Express,Esso Express,Esso,
61160001,Carrefour,Carrefour,,
31390003,,Peyssies - SARL Fontenergie,SARL Fontenergie,
11200003,Dyneff,Station Dyneff,Dyneff,
62131001,Intermarché,Intermarché,,
66530002,Esso,Esso,,
58140001,bi1,Bi1,,
40530002,Esso,Esso,Esso,
2700001,Total,Relais de Paris,Total,
50250003,Total,Total,,
15320001,,Orceyre Carburants,,
89100002,Carrefour,Carrefour,,
77500004,Intermarché,Intermarché,,
50300004,E.Leclerc,Station Service,Carrefour,
74200006,Esso Express,Esso Express,,
24410003,Carrefour Contact,Carrefour Contact,,
94220003,Avia,Avia,Avia,
85110005,TotalEnergies,Total,,
31470006,Carrefour,Carrefour Contact,,
31600008,Auchan,Auchan,,
31470007,Carrefour,Carrefour,,
54330001,,G20,,
53400002,Total,Total,Total,
39460001,Avia,,,
86130002,Total,Total,,
18000016,Esso,Esso,,
39600002,Système U,Système U,Super U,
89400004,E. Leclerc,E. Leclerc,,
71600001,Total,Total,,
28500007,TotalEnergies,Relais Total De La Couette,Total,
45240002,Auchan,Auchan,Auchan,
83400004,Esso Express,Esso Express,,
59290002,Esso,Esso La Pilaterie,Esso,
24390001,Intermarché,Intermarché,,
92000021,Total Access,Total Access,,
92000020,Total Access,Total Access,,
78350002,TotalEnergies,TotalEnergies Access - Relais de Clair Bois,TotalEnergies,
87130001,Super U,Super U,,
34400013,Intermarché,Intermarché,Groupement des Mousquetaires,
6250012,Shell,Shell,,
61100003,Carrefour,Carrefour,Carrefour,
48700001,,Delor,,
95100033,Total Access,Total Access - Relais des Impressionnistes,,
53210001,Station U,U Express,,
71210006,,,Groupement des Mousquetaires,
22640001,TotalEnergies,Total Contact,,
89100015,Total Access,Total Access - Relais de Sens,,
6130012,Magasins U,Station U - Plascassier,,
54200013,,La station U,Super U,
49610001,Système U,Hyper U,Système U,
89210002,TotalEnergies,Total Automat,,
16800001,,Station essence Carrefour,Carrefour,
64490001,Intermarché,Intermarché,,
31390001,Auchan,Auchan,Auchan,
13700010,Total Access,TotalEnergies Bolmon,,
61790001,E.Leclerc,Station Service E. Leclerc,,
77390005,Total Access,Total Access,,
62250005,Total Access,Relais de Marquise,Total,
6130013,,Station des Campanettes,,
45600002,Super U,Super U,Super U,
13380002,Esso Express,Esso Express,,
13013011,,Les Olives,,
13112003,Intermarché,Intermarché,,
13740001,Total,Total Contact,,
32100002,Intermarché,Intermarché,,
9110001,Intermarché,Intermarché,,
67810001,E.Leclerc,E. Leclerc,,
67540001,Auchan,Auchan,,
67400005,TotalEnergies,Total,Total,
59180001,Carrefour,Carrefour,,
32550001,Total,Total,,
32400003,Total,Total,,
25440002,Intermarché,,,
56500002,Carrefour,Carrefour,Indipend.,
6670007,Total Access,Total Access - Relais Colomars les Vallées,,
20166004,Vito,Vito,,
20160001,Esso,Esso,,
20129001,Vito,Vito,,
20140001,Vito,Vito,,
11120001,Intermarché,Intermarché,Groupement des Mousquetaires,
11600005,Dyneff,Dyneff,,
10360001,Avia,Station du Bocage,,
81300003,Total,Total Contact,,
81600006,,Station 8,,
64430001,Intermarché,Intermarché,,
64520002,Intermarché,Intermarché,,
31170004,Total,Total,Alvea,
82290002,Carrefour,Carrefour Express,,
82700003,,Aire-C,,
75008006,Avia,Avia,SARL Gala,
91390003,Intermarché,Intermarché,Groupement des Mousquetaires,
94310004,Total,Total,,
94450004,Total Access,Total Access,,
94420001,Total,Total,,
94370003,Esso Express,Esso Express,,
93000010,Total Access,Total Access,,
93420001,Auchan,Auchan,,
95440001,Super U,Super U,,
95100029,Auchan,Auchan,,
93240001,Carrefour,Carrefour,,
93240007,Total,Total,,
78480001,Auchan,Auchan,,
78910001,Auchan,Auchan,,
78660003,Système U,U Express,,
28130001,Carrefour,Carrefour Market,,
77120004,Carrefour,Carrefour Market,,
77860001,Super U,Super U,,
13110004,,Euro Stat,,
13560004,Auchan,Auchan,,
55190003,Total Access,Relais Total De La Porte De La Meuse,Total,
13460001,,Les Tamaris,Sarl les Tamaris,
38440003,Intermarché,Intermarché,Groupement des Mousquetaires,
94460001,Carrefour,Carrefour Market,,
77700002,Carrefour,Carrefour Market,,
81200004,Esso,Esso,,
1160002,Super U,Super U,,
1170003,Intermarché,Intermarché,,
1440001,Total,Total,,
1570001,Intermarché,Intermarché,,
1370003,Intermarché,Intermarché,,
2250004,Total,Total Contact,,
1750001,Intermarché,Intermarché,,
2600006,Carrefour,Carrefour Market,,
2620001,Gulf,Gulf,Clid Express,
93290003,Carrefour Market,Carrefour Market,,
88300004,Avia,Avia,,
71600009,Intermarché,Intermarché,,
52600004,Intermarché,Intermarché,,
70110002,Intermarché,Intermarché,,
34070003,Carrefour,Carrefour Market,,
34120001,Total,Total,,
34170006,Casino,Casino,,
34370001,Carrefour,Carrefour Market,,
93700004,Total,Relais de Drancy,,
34490001,Système U,Station U,,
91230005,BP,,BP,
34700002,Avia,Avia,,
34620002,Dyneff,Dyneff,,
91380011,BP,BP,,
34920002,Carrefour,Carrefour,,
78310006,Total,Relais Maurepas,TOTAL,
77250006,Total Access,Relais Moret sur Loing 1,,
59630002,Carrefour,Carrefour,,
17700002,Total,Total Contact,,
92100016,BP,BP,,
83270001,TotalEnergies,,,
91130006,Total Access,Relais Ris Orangis Libération,Total,
34070019,Total,Total Access Celleneuve,Total Access,
49112001,Netto,Netto,Groupement des Mousquetaires,
7300005,E.Leclerc,E. Leclerc,,
7700003,Intermarché,Intermarché Contact,,
7470001,,Garage Jouffre Elan,,
7270001,Système U,Station U,,
7290000,,3C,,
95290003,Total,Total,Total,
26220001,Super U,Super U,,
44250005,Total Access,Total Access,Total,
21540002,,Netto,,
37380001,Auchan,,,
30640001,Système U,Station U,,
30420002,Système U,Station U,,
24230002,Carrefour,Carrefour Contact,,
26140003,Intermarché,Intermarché,,
65600002,Elan,Station Saint-Christophe,,
85670002,Esso,Esso,,
44119006,Intermarché,Intermarché,,
44350006,Intermarché,Intermarché,,
44450003,Carrefour,Carrefour market,,
19210001,Super U,,,
46300004,Intermarché,Intermarché,,
17120005,Station U,Station U,,
57150002,Esso Express,Esso Express,,
17200009,Total Access,Total Access,,
62490002,Système U,Station U,,
17120005,Total Contact,Total Contact,,
30300011,Avia,Avia,,
25230002,Intermarché,Intermarché,,
53000008,Intermarché,Intermarché,Groupement des Mousquetaires,
72000001,Carrefour,Carrefour,,
72110002,Intermarché,Intermarché,,
72170004,Total,Total,,
72260001,Système U,Station U,,
61230005,,Peugeot DKV,,
72540002,Système U,Station U,,
61430003,,Renault,,
17120002,Super U,Super U,,
45570001,Intermarché,Intermarché,Ecomarché,
79160001,Système U,Station U,,
28120003,Intermarché,Intermarché,,
28150002,Intermarché,Intermarché,,
28330002,Intermarché,Intermarché,,
28250001,Intermarché,Intermarché,,
28400004,Intermarché,Intermarché,,
28220002,Intermarché,Intermarché,,
50290003,Système U,Station U,,
58000006,Intermarché,Intermarché,,
58160003,Intermarché,Intermarché,,
58170001,bi1,bi1,,
58330001,,Maxi Marché,,
58320001,Carrefour,Carrefour Contact,,
58390003,Intermarché,Intermarché,,
89144002,Carrefour,Carrefour,,
89330002,Esso,Esso,,
89800001,Intermarché,Intermarché,,
29100004,Intermarché,Intermarché,,
8120001,Intermarché,Intermarché,,
1800002,Elan,Elan,,
8330002,Carrefour,Carrefour,,
8360003,Carrefour,Carrefour,,
10000005,Esso Express,Esso Express,,
10100003,Esso Express,Esso Express,,
10100001,Carrefour,Carrefour,,
10210001,,Station du Chaourçois - Peugeot,,
10800006,Carrefour,Carrefour,,
10230002,Total,Total,,
10270009,E.Leclerc,E. Leclerc,,
14123001,Auchan,Auchan,,
14120002,Total,Total,,
14123009,E.Leclerc,E. Leclerc,,
14880001,Auchan,Auchan,,
34550002,Intermarché,Intermarché,Groupement des Mousquetaires,
40800006,E.Leclerc,E. Leclerc,,
40210004,E. Leclerc,,,
47300001,Auchan,C. C. Auchan,Auchan,
29710002,Intermarché,Intermarché,Groupement des Mousquetaires,
22940002,Intermarché,Intermarché,,
17920001,Avia,Avia,,
17420001,Super U,Super U,,
13160005,Super U,Super U,,
59541001,E.Leclerc,Station Service E. Leclerc,E. Leclerc,
77100016,E.Leclerc,E. Leclerc,,
17640002,Intermarché,Intermarché,Groupement des Mousquetaires,
17640003,Système U,U Express,,
17132001,Station U,Station U,,
17530003,Carrefour,Carrefour Contact,,
17390002,Intermarché,Intermarché,,
51140003,E. Leclerc,E. Leclerc,Leclerc,
17201001,,Picoty Atlantique Services,,
13015016,Eni,Eni,,
39300006,E.Leclerc,Station Service E. Leclerc,,
92100014,Total,Total Excellium,,
60340001,Carrefour,,,
59610002,Carrefour,Carrefour,,
62520001,Carrefour,Carrefour,,
56700006,Intermarché,,Groupement des Mousquetaires,
10300002,Esso,Station Esso,,
6530009,Carrefour Market,Carrefour Market,,
17600006,E.Leclerc,E.Leclerc,,
39200003,Total Access,Total Access,Total,
67000027,TotalEnergies,Relais du Rhin,,
27370002,Intermarché,Intermarché,,
26300008,Renault,Garage Roche,,
89700001,Auchan,Auchan,Auchan,
44620002,U,Hyper U,Hyper U,
36130001,Carrefour,Carrefour,Carrefour,
38500006,U Carburant,U Carburant,Magasins U,
78610002,Auchan,Auchan,,
13124003,E.Leclerc,E. Leclerc,,
44119004,Super U,Super U,Super U,
8260002,Intermarché,Intermarché,,
6620001,,Station service communale,commune de Gréolières,
47150003,Auchan,Auchan,,
79000005,TotalEnergies,Total,,
26200009,Avia,Avia,,
56600002,Avia,Avia,Avia,
1330003,Total,Total,,
29420003,Carrefour,Carrefour,,
31450008,Dyneff,Dyneff,,
8000002,Match,Match,,
83136009,Système U,Station U,,
40180001,Total,Total,,
29170004,Total,Total,,
53230001,Total,Total,,
12230004,Total,Total,Total,
42110003,Intermarché,Intermarché,,
6210010,Auchan,Auchan,Auchan,
6210009,Esso,Esso Relais l’Esterel,,
45200007,Total Access,Total Access,,
77250004,Carrefour,Carrefour,,
45330004,E.Leclerc,E. Leclerc,,
45800007,Esso Express,Esso Express,,
45460002,Intermarché,Intermarché,,
77570001,Carrefour,Carrefour Market,,
77440002,Carrefour,Carrefour Market,,
77510001,Carrefour,Carrefour Market,,
77760001,bi1,bi1,,
77690001,,Peugeot Turpin,,
88650001,Système U,Station U,,
6550002,Intermarché,,,
78550004,Avia,Station Avia,Avia,
78550005,Shell,Shell,Shell,
33660004,Dyneff,Station Dyneff,,
72230005,Esso,,,
54300005,Esso,Station Esso,Esso,
54182001,,,Cora,
27930005,E. Leclerc,E. Leclerc,,
27140004,Intermarché,Intermarché,Groupement des Mousquetaires,
56190011,Carrefour Market,,Carrefour Market,
29120005,Carrefour,Carrefour,Carrefour,
29440001,Intermarché,Intermarché,,
91670001,E. Leclerc,,E. Leclerc,
8350002,Carrefour,,,
27110003,Intermarché,Intermarché,,
27230004,Carrefour,Carrefour Market,,
27260001,Total,Total,,
27250002,Intermarché,Intermarché,,
27670002,Auchan,Auchan,,
27800002,Intermarché,Intermarché,,
60270003,Intermarché,Intermarché,,
60540002,Carrefour,Carrefour,,
76110001,Carrefour,Carrefour,,
76280003,Intermarché,Intermarché,,
76590001,,Relais de Belmesnil,,
76850001,Carrefour,Carrefour Market,,
1390002,Total,Total,,
63370001,,Station essence de Cora,Cora,
43700001,Auchan,Station essence d'Auchan,Auchan,
65100009,Total,Relais Total du Jer,Total,
32150003,Total,Total,,
63410004,Total,Total,,
63620001,8 à Huit,8 à Huit,,
63790001,,Garage de l'Avenir,,
17500003,Intermarché,Intermarché,,
78770001,G20,G20,,
16250001,Carrefour,Carrefour Contact,,
62100012,Esso,Esso,,
73300005,Total,Total Contact,,
73130002,Intermarché,Intermarché,,
73420002,Intermarché,Intermarché,,
73800005,Intermarché,Intermarché,,
73370001,,Garage Miniggio,,
74800004,Intermarché,Intermarché,,
38270005,Carrefour,Carrefour Market,,
38350001,Système U,Station U,,
38350004,Intermarché,Intermarché,,
38450002,Dyneff,Dyneff,,
38780001,Carrefour,Carrefour Market,,
40160004,Total,Total Contact,,
46230004,Total,Total,,
52800003,Avia,Avia,,
68470003,,U Express,,
68560001,E.Leclerc,E. Leclerc,,
33710003,Intermarché,Intermarché,,
29120007,Total Access,Total Access,Total,
45210006,Total,Total,,
77450005,Total,Relais des Archers,,
94003002,TotalEnergies,Total Énergies,Total,
40170004,Carrefour,Carrefour,Carrefour,
10400002,Carrefour Market,Carrefour Market,,
13710005,Intermarché,Intermarché,,
95570009,BP,BP,BP,
62380001,Total,,Hanse Sarl,
2430001,Intermarché,Intermarché,Groupement des Mousquetaires,
60750003,,,Shopi,
2140003,Intermarché,,Groupement des Mousquetaires,
2000007,Esso Express,,,
2000002,Carrefour,,,
8430001,,Auto Services Pixien,,
33380001,Auchan,C. C. Auchan,Auchan,
76630001,Carrefour,,,
33510006,Netto,Netto,Netto,
33470002,Carrefour Market,Carrefour Market,,
21490003,Total,Total,,
21490003,Total,Total - Camions,,
21490003,Total,Total - Camions,,
72360001,Spar,,,
72300010,,Station Communale,,
18330001,Avia,,,
63700006,Total,,,
81300006,Intermarché,,,
40110002,Intermarché,,,
82700001,Total,,,
38200007,Intermarché,Intermarché,Groupement des Mousquetaires,
91080001,BP,BP,,
33240012,Carrefour,Carrefour Contact,,
33950001,Système U,Station U,,
59490002,Intermarché,Intermarché,,
3100002,Total,Relais Total Lagarde,Total,
80970003,Shell,,Shell,
69140006,E.Leclerc,,,
79500003,Avia,Avia,,
17220001,Intermarché,Intermarché,,
40200001,Carrefour,,,
76150003,Système U,Station U,U,
33470001,Système U,Hyper U,Hyper U,
4400002,Total Access,Garage de Restefond,,
94700007,Avia,Avia,Avia,
6110002,Avia,Avia,Avia,
74200018,,,Total,
33260010,Auchan,Auchan,,
33610001,Super U,Super U,,
62950001,Auchan,Auchan,,
62860002,Super U,La Station U,,
33610005,Intermarché,Intermarché,,
59640002,Total,Relais Total du Pont Loby,Total,
6600008,Esso Express,Esso Express,Esso,
62232002,Carrefour,Carrefour,,
59540003,TotalEnergies,TotalEnergies,,
59100011,Total,Station Total Access,Total,
59700009,Total Access,Station Total Access,,
30700007,Total Access,Total Access,,
12450001,Carrefour,La Station Carrefour,Carrefour,
78410002,Carrefour,Carrefour,,
20113002,Total,Total,Total,
20131002,Total,,Total,
20137004,Total,Total Trinité,Total,
20220001,Total,Total,,
20230006,Total,Total,Total,
20137005,Total,Total,Total,
20169003,Total,Total Araguina,Total,
20219003,Total,Total,Total,
2100020,Total Access,Total Access,,
75016006,Shell,Shell,shell,
59120002,Total Access,Total Access,,
59000017,Total Access,Total Access,Total,
69510002,Esso,Esso,,
91490004,Carrefour,Carrefour Market,Carrefour,
47130001,Intermarché,Intermarché Super,Groupement des Mousquetaires,
32260002,Intermarché,Intermarché,,
59400007,TotalEnergies,Total,Total,Saint-Druon
59100012,Total,Total,Total,
20235001,TotalEnergies,Total,Total,
39130010,Total,TotalEnergies,Garage Bouillier,
59790001,Total,Total,,
20090002,TotalEnergies,Total Access,,
39500004,TotalEnergies,Total,,
59380005,Total Access,Total Access,Total,
33250004,Intermarché,Intermarché,Groupement des Mousquetaires,
33320009,Carrefour Market,Carrefour Market,,
77120006,Total Access,Total Access,,
20170002,Total,Total,Total,
59219001,Total,,,
59250001,Total Access,Total Access,,
59300015,Total Access,Total Access,,
59770003,Total,Total,,
59580001,TotalEnergies,TotalEnergies,,
59198002,Total,TotalEnergies Contact,,
59157002,TotalEnergies,Total Le Jeune Bois,,
31075001,Auchan,C.c. Auchan,Auchan,
20167004,Total,Total,,
20166006,TotalEnergies,Total,SARL DAP,
20218007,TotalEnergies,TotalEnergies,,
20260001,TotalEnergies,TotalEnergies,,
33460006,Carrefour Contact,Carrefour Contact,,
20217004,TotalEnergies,Total,,
59930002,Total Access,Total Access,,
59136001,TotalEnergies,Total Access,,
59760005,Total,Total,Total,
20167013,TotalEnergies,TotalEnergies,,
95360001,Intermarché,Intermarché,Groupement des Mousquetaires,
41400001,Super U,Station Super U,Super U,
59264001,Total Access,Total Access,,
33560004,Total,Total,,
56550003,Carrefour,Carrefour,,
24400001,Super U,Super U,,
43200006,,J.V.F,,
43200008,Vitogaz,Vitogaz,,
77170005,Carrefour Market,Carrefour Market,Carrefour,
33310009,Carrefour,Carrefour,,
22130001,Super U,Station U,Hyper U,
77124002,Auchan,Auchan,,
48800002,Avia,Avia,,
38330002,Esso Express,Esso Express,,
43120002,Intermarché,Intermarché,,
13127012,Esso,Esso,BP,
66200005,Auchan,Auchan,,
12200002,Carrefour,Carrefour,Carrefour,
72140001,Super U,,Super U,
81290002,Intermarché,Station service Intermarché,Groupement des Mousquetaires,
14460002,Super U,Super U,,
60120002,Carrefour,Carrefour,,
42000014,TotalEnergies,Total Access,,
6150008,Total Access,Total Access,,
56530001,E.Leclerc,E. Leclerc,,
63000024,Total Access,Relais Champradet,Total,
54700011,Dyneff,Dyneff,,
59400006,Carrefour,Carrefour,Carrefour,
54450002,Elan,Elan,Masson,
64470001,Elan,Elan,Elan,
48120001,,Spar,,
40410002,Carrefour,Carrefour Express,,
13160001,,Garoucha Fioul Service SARL,GAROUCHA,
86190004,Total,Total,,
41000022,Carrefour,,,
89520003,Avia,Avia,Avia,
1500007,Intermarché,Intermarché,Groupement des Mousquetaires,
91380004,Esso,Esso,,
69200008,E.Leclerc,Leclerc Vénissieux,E. Leclerc,
5200004,Intermarché,Intermarché,,
73140003,Total,Total,Total,
27540001,Intermarché,Intermarché,Groupement des Mousquetaires,
51100048,TotalEnergies,TotalEnergies Access,Total,
22120007,Avia,Avia,Avia,
24210004,,TotalEnergies,,
19300001,Auchan,Auchan,,
42540002,Carrefour,Carrefour Express,,
88150004,Total,Total Thaon,,
13150001,Auchan,Auchan,,
80046003,BP,BP,,
79150002,Carrefour,,,
94000012,Esso,Esso,,
58420002,,Station CC Val de Beuvron,,
57440002,Système U,Système U,,
73600007,Eni,Eni,,
11300003,Esso Express,Esso Express,Esso,
78140009,Shell,Station Shell,Shell,
33140012,Auchan,Auchan,Auchan,
15800002,Intermarché,,,
63680001,Gulf,Gulf,,
83390001,Total,Total,Total,
14110003,Total Access,,Total,
73730008,Agip,Agip Cevins,,
31470008,,E. Leclerc,,
67500009,E.Leclerc,Station Service E. Leclerc,E. Leclerc,
45300009,Avia,Avia,,
56340002,Super U,Super U,,
25130002,Netto,Netto,,
84850002,Intermarché,Intermarché Contact,,
82210005,TotalEnergies,TotalEnergies,,
22740001,,Meyer Energies,Meyer Energies,
29510005,Intermarché,Intermarché,,
33140010,Esso,Esso - Station de la plaine,,
33640002,Total,Total,,
22290002,,Total Energies,,
57100008,Total,Total,Total,
54310001,Intermarché,Intermarché,Groupement des Mousquetaires,
38260005,Casino,Casino,Casino,
24600005,TotalEnergies,TotalEnergies,,
88150001,Match,Match,,
40800008,Intermarché,Intermarché,Groupement des Mousquetaires,
33640003,Carrefour,Carrefour,,
31290001,Hyper U,Hyper U,,
81800006,Intermarché,Intermarché,,
69700005,Intermarché,Intermarché,,
69490004,Avia,Avia,,
45140008,TotalEnergies,TotalEnergies,,
46140004,Aire C,Aire C,,
70230001,Avia,Avia,,
74100013,Carrefour,Carrefour Market,,
74200021,Carrefour,Carrefour Market,,
1410001,Avia,Avia,,
68680003,TotalEnergies,TotalEnergies,,
78318001,Auchan,Auchan,,
11150001,Carrefour,Carrefour Market,,
72360002,Carrefour,,,
80100012,,Multi Energies Somme,,
33130002,Carrefour,Carrefour,Carrefour,
30290002,,Utile,,
45170001,Super U,Super U,Système U,
38150012,,U Express,U Express,
31084001,Total,TotalEnergies Thibaud,Total,
38510005,,Super U,Super U,
40240007,,Station U,,
47230001,Système U,Système U,,
47240003,Netto,Netto,,
51170001,Carrefour Market,Carrefour Market,,
57190001,Carrefour Market,Carrefour Market,,
57100001,Carrefour Market,Carrefour Market,Carrefour Market,
1120006,Total,Total,,
6320006,Total,Total,Total,
41260005,Esso,Esso,Esso,
23300008,Avia,Avia,Avia,
58000012,E.Leclerc,Station Service E. Leclerc,,
33650004,Intermarché,,,
33850002,Système U,Station U,,
71500003,TotalEnergies,TotalEnergies,,
13013012,,Le Relais de Plombières,,
84660001,,Panagiotis,,
13370005,,Relais de Douneau,,
52100003,Total,,SARL BRIVOT ET CHEVALIER,
22110002,E. Leclerc,,,
30200006,Total Access,Total Access,Total,
54300008,,Ducs de Lorraine,,
46100005,Intermarché,,,
89520002,Total,Total,,
39700013,Total Access,Relais du Poirier,Total,
30700006,Dyneff,Dyneff,,
55160013,BP,BP,,
62240005,Carrefour,Carrefour,,
63190009,Sas Larzat et Meyronne Lezoux,Larzat et Meyronne,Sas Larzat et Meyronne Lezoux,
45140005,Carrefour,Carrefour,Carrefour Market,
33200001,Carrefour Market,Carrefour Market,,
81370004,Total,Total Les Portes du Tarn,Total,
50410002,Intermarché,Intermarché,,
91220005,BP,BP Plessis-Pâté Sud,BP,
33480006,Intermarché,Intermarché,,
89100014,Total,,,
62129002,Carrefour Contact,Carrefour Contact,,
22120001,Hyper U,Hyper U,Hyper U,
12160003,Carrefour Market,Carrefour Market,Carrefour,
42450002,Super U,Super U,Super U,
61100007,Carrefour,Carrefour,Carrefour,
81990001,E.Leclerc,Station Service E.Leclerc,,
51100029,Carrefour Market,Carrefour Market,,
77910001,Total,Total,,
34370002,Système U,,,
10430003,E.Leclerc,E. Leclerc,,
10410003,E.Leclerc,E. Leclerc,E. Leclerc,
29790002,Super U,Super U,,
13600024,,Station Mesnier,,
38320005,Intermarché,Station Intermarché,Groupement des Mousquetaires,
72230006,Esso,Esso,Esso,
2320001,Carrefour,Carrefour,,
51390002,Shell,Shell,Shell,
56440002,Intermarché,Intermarché,,
62450005,Total Access,Total Access,,
59721001,Carrefour,Carrefour,,
53960001,Avia,Avia,,
43200005,,,Groupement des Mousquetaires,
88500004,Total,Total Contact,Total,
62152003,Total,Total,,
59540002,Intermarché,Intermarché,Groupement des Mousquetaires,
53370001,Total,Total,Eurl Olivier,
11220001,Dyneff,Dyneff,,
44330001,Super U,Super U,,
44260003,Système U,Station U,,
77090001,Carrefour,Carrefour,Carrefour,
31770001,Carrefour Market,Carrefour Market,Carrefour Market,
57200003,Intermarché,Intermarché,Groupement des Mousquetaires,
62000013,Total,Total,Total,
66400006,Carrefour,Carrefour,,
66000021,Total,Total,,
66250001,Total,Total,S.A.S FORMENTY,
80300005,Intermarché,Intermarché,Groupement des Mousquetaires,
57590003,DATS 24,Dats 24,,
57185006,Carrefour,Carrefour Contact,,
44119005,Total,Total,Total,
44115003,Total Access,Total Access,Total,
57470004,E.Leclerc,Station Service E. Leclerc,E. Leclerc,
57700004,E.Leclerc,Station Service E.Leclerc,,
38210001,Carrefour,Carrefour Market,,
24000010,Esso,Esso,Esso,
23000001,Carrefour,Carrefour,Carrefour,
8200004,Esso Express,Esso Express,,
38540001,Intermarché,Intermarché,Groupement des Mousquetaires,
95650002,Total Access,Total Access,Total,
48140002,Carrefour,Carrefour,,
2500001,Auchan,C. C. Auchan,Auchan,
2300001,Auchan,Auchan,Auchan,
62149001,Esso Express,Esso Express,,
57430001,Super U,Super U,,
57300002,Total,Total,SAS Garage Oury,
6650004,,Station Essence Intermarché,,
71570003,Avia,Avia Xpress,,
50470001,Auchan,Auchan,,
58230002,Independent,Rousseau carburant,,
38180001,Intermarché,Intermarché,,
43000002,Station U,,Super U,
57500001,Total,Station Total,Total,
57740003,Total Access,Total Access,,
57740007,Avia,Avia,,
13010005,TotalEnergies,Total,,
8110002,Intermarché,Intermarché,,
37540005,Total,Total,,
59114003,Super U,Super U,,
30250003,Carrefour,Carrefour Market,,
2230002,Carrefour Market,Carrefour Market,Carrefour Market,
80140004,Total Access,Espace Auto,,
62130002,,,Esso,
62780003,Intermarché,Intermarché,Groupement des Mousquetaires,
62390001,Intermarché,Intermarché Super,Groupement des Mousquetaires,
62140001,Carrefour,Carrefour,,
83570001,Intermarché,Intermarché,,
35500001,Système U,Station U,,
22730001,Station U,Super U,Super U,
43190003,Carrefour,Carrefour,,
62440001,Auchan,Auchan,,
16300004,Intermarché,Intermarché,,
2240001,Intermarché,Intermarché,,
89140004,Esso,Esso,Esso,
57365001,Carrefour Market,Carrefour Market,Carrefour Market,
50000005,E.Leclerc,E. Leclerc,,
25110001,Total Access,Garage Droz,,
38880002,TotalEnergies,,,
62160003,Esso,Esso,,
52200014,TotalEnergies Access,TotalEnergies Access,Total,
6500008,Total,Total,,
18000002,Carrefour,Station Carrefour,Carrefour,
62290003,Esso,Esso,,
88000009,,Relais des images (Total),,
53100006,,Garage Martineau,,
57800001,Auchan,Auchan Supermarché Station Service,,
58260002,Intermarché,Intermarché,,
45560001,Carrefour,Station Service Carrefour Market,Carrefour,
67033001,Auchan,Auchan,,
78124001,Intermarché,Intermarché,,
67100009,Eni,Eni,Eni,
66420003,Montaner et Fils,Montaner et Fils,,
6300019,Avia,AVIA,,
62136001,Total,Total,,
44650001,Super U,Super U,,
67100002,Esso Express,Esso Express,,
67000005,Avia,Avia,,
59670001,Carrefour,Carrefour,,
78550007,Carrefour Market,Carrefour Market,Carrefour,
62360006,Total Access,Relais Total Access Des Bergeronnettes,Total,
60100004,Esso,Esso,Esso,
62126001,Carrefour,Carrefour,Carrefour,
59237001,Elan,Elan,,
60600004,Intermarché,Intermarché,Groupement des Mousquetaires,
62280004,Carrefour,Carrefour,,
60290005,Total Access,Total Access,,
59310001,E. Leclerc,E. Leclerc,,
62500003,Esso Express,Esso Express,,
60500010,BP,BP,,
60500002,Esso,Esso,,
59250002,Intermarché,Intermarché,,
59450001,Auchan,Auchan,Auchan,
59200003,Esso,Station Esso de La Marne,,
59650012,Total Access,Total Access,,
59182001,Intermarché,Intermarché,,
59211002,Carrefour,Carrefour,,
59890001,Carrefour,Carrefour,,
59520001,Intermarché,Intermarché,,
59700004,Esso,Esso,,
59166001,Intermarché,Intermarché,,
59160003,Avia,Avia,,
62590001,,Match,,
59162001,Intermarché,Intermarché,,
62790001,Carrefour,Carrefour Market,,
59148003,Carrefour,,,
59450002,Esso Express,Esso Express,,
59151002,Carrefour,Carrefour,,
60870002,Intermarché,Intermarché,,
59110005,Total Access,Total Access,Total,
59830001,Intermarché,Intermarché,,
59310004,Intermarché,Intermarché,,
59239002,Carrefour,Carrefour,,
59133002,Carrefour,Carrefour,,
38550001,Intermarché,Intermarché,,
85350001,,Igol,,
61320002,TotalEnergies,TotalEnergies,,
6270004,Intermarché,Intermarché,,
6270003,,Station service des Mousquetaires,,
53000006,Carrefour,Carrefour,Carrefour Market,
69550001,Carrefour,Carrefour Market,,
24170002,Carrefour Market,Carrefour Market,Carrefour,
24220002,Carrefour Market,Carrefour Market,,
88110002,E.Leclerc,Station Service E. Leclerc,E. Leclerc,
72550002,Total,Total,,
86310003,Total,Total,,
31790004,Carrefour Contact,,Carrefour,
73100001,Carrefour,Carrefour,,
75013022,Total,Relais Total Porte D'Italie,Total,
1000002,Carrefour,Carrefour Market,,
34440001,Dyneff,Dyneff,,
58640004,Total Access,Relais Total De Varennes,Total,
60120004,Total,Total,Total,
6600023,Total,,Total,
74350006,Avia,Avia,,
11300004,E.Leclerc,Station Service E. Leclerc,,
77450007,Esso,Esso Esbly,,
87200003,E.Leclerc,Station Service E. Leclerc,,
38340006,Système U,Système U,,
41200006,Système U,Station U,,
76340001,Elan,Elan,Total,
76340003,Intermarché,Intermarché,Groupement des Mousquetaires,
51100044,Total,Relais des Belges,,
60360002,E.Leclerc,Station Service E. Leclerc,,
14130008,Total,Total,,
22120005,Intermarché,Intermarché,,
77610002,Intermarché,Intermarché,Groupement des Mousquetaires,
91160006,BP,BP,,
95380002,Avia,Avia,,
13127013,Intermarché,Intermarché,,
69260007,Carrefour,Carrefour Contact,,
27170003,Total,Total,,
9100001,Intermarché,Intermarché,Intermarché,
80100011,Total,Total,Total,
75019014,Total Access,TotalEnergies,Total,
83990002,,Station du Pilon,,
83600025,BP,BP,BP,
83520001,Total,Total,Total,
12500004,,La station u,Magasin U,
76260004,Esso,Esso-service,,
80480002,E.Leclerc,Leclerc,E. Leclerc,
76600014,,,U express,
76370001,Carrefour,Carrefour,,
80700009,Total Access,Total Access,,
80140003,Intermarché,Intermarché,Groupement des Mousquetaires,
80700010,BP,BP,,
76280002,Carrefour,Carrefour Market,,
76620003,Esso Express,Esso Express,,
76800009,Total Access,Total Access,Total,
76430005,Super U,La Station U,,
76560001,Carrefour,Carrefour,,
76210004,Intermarché,,,
76940001,Carrefour Market,Carrefour Market,,
76190001,Total,Total,SARL SYLDA,
27310005,Intermarché,Intermarché,,
76640002,Super U,Super U,,
63230002,Carrefour,Carrefour,,
71330001,Super U,Station U,,
83440006,Agip,,,
1800003,Intermarché,Intermarché,,
60200012,Total,Total,Total,
72160002,,,Carrefour,
24100014,Total Access,Total Access,,
13150006,Total Access,Relais d’Argence,,
42800001,Carrefour Market,Carrefour Market,,
83580003,Avia,Avia,,
83240007,Avia,Avia,,
83420005,Total Access,Relais la Croix Valmer,,
18000022,Intermarché,Intermarché,,
31120003,TotalEnergies,Total,,
21120006,TotalEnergies,Total,Auto Home 21,
83230007,Intermarché,Intermarché,,
94000006,Esso,Esso,,
20169002,,Ets. Botti,,
6000037,Avia,Avia,,
83310006,,Bergon SAA,Bergon SAS,
83310007,E.Leclerc,Station Service E.Leclerc,E. Leclerc,
42440009,TotalEnergies,TotalEnergies,,
16360001,TotalEnergies,TotalEnergies,,
72470004,Total Access,Total Access,,
23600001,Carrefour Market,Carrefour Market Essence,,
19600003,Total Access,Relais de la Croix Blanche,,
85250003,Dyneff,Dyneff - Aire de Chavagnes-en-Paillers,Dyneff,
69490002,Intermarché,Intermarché,Groupement des Mousquetaires,
44300020,Avia,Avia,Avia,
61100012,Total,Total,,
81200002,Auchan,Auchan,Auchan,
39230002,Avia,Avia,,
83000012,,,,
39230002,Avia,Avia,,
81100006,Netto,,,
75012021,TotalEnergies,Total Relais du Bel Air,,
6420001,Dyneff,Dyneff,SP AUTO Sarl,
83260003,Avia,Avia,,
83000011,,station d'avitaillement,,
62720002,Carrefour,Carrefour,,
88170006,Total,Total,,
1430003,Eni,Eni,Eni,
15200004,Intermarché,Intermarché,,
66000006,Total,Total,,
69330006,Netto,,,
69620003,Carrefour Market,Carrefour Market,,
83210003,Intermarché,Intermarché,,
11200001,Carrefour,Carrefour-Station Service,Carrefour,
13560003,,Station Auto Relax,,
83130007,Carrefour,,,
12500002,Total,Total,Total,
69150004,TotalEnergies,TotalEnergies,,
11800002,Super U,,,
6670011,Eni,Eni,,
3120001,Eni,Eni,,
1960006,Eni,Eni,,
3410004,Eni,Eni,,
38070001,Carrefour Market,Carrefour Market,,
67700013,TotalEnergies,Total,,
59130002,Intermarché,Intermarché,Groupement des Mousquetaires,
59760002,BP,BP,BP,
62800004,Total Access,Relais Total de Rollencourt,Total,
34500008,Auchan,Auchan,Auchan,
66300015,Intermarché,,,
47000009,,Netto,,
66250002,Intermarché,Intermarché,,
85120005,Intermarché,Intermarché,,
83190006,Total,Relais Piedardan,,
81700003,Intermarché,Intermarché,,
80100001,Carrefour,Carrefour,,
15100006,Intermarché,Intermarché,,
31290012,E.Leclerc,E. Leclerc,,
81100010,E.Leclerc,E. Leclerc,,
31290005,Esso Express,Esso Express Lauragais,Esso,
83110002,Total Access,,,
57200004,Carrefour,Carrefour,Carrefour,
59230001,Carrefour,Carrefour,,
44330003,Système U,,,
59287002,Carrefour,Carrefour Station,,
50530002,Super U,Super U,,
83150003,,Port de Bandol,,
83500008,Total,Total,,
72240001,Super U,,Super U,
13590003,Total,,,
83640001,Système U,Station U,,
6000036,Esso,Esso,Esso,
3600001,Carrefour,Carrefour,,
65400001,Carrefour,Carrefour,Carrefour Market,
6345001,,,,
59554002,Intermarché,Station-service Intermarché,,
38920002,Carrefour Market,,,
6700002,Avia,Avia,,
29340002,Carrefour Market,Carrefour Market,,
19260002,Intermarché,Intermarché,,
11390001,Dyneff,Dyneff,,
81115001,Auchan,Auchan,Auchan,
20213005,Vito,Vito,Vito,
30100001,Système U,Hyper U,Hyper U,
34500024,Dyneff,Dyneff,,
91410004,E.Leclerc,Leclerc Carburants,,
71120001,Avia,Avia,SARL Ribeiro,
34490002,Intermarché,Intermarché,,
42510003,TotalEnergies,Total Contact,,
38670003,Intermarché,Intermarché,Intermarché,
52000010,Intermarché,Intermarché,Intermarché,
6800031,Eni,Eni,Eni,
38600003,,Station essence Auchan,,
30210008,,Relais des Fontaines,,
11000018,Auchan,Auchan,Auchan,
53270002,Dyneff,Dyneff,,
71200013,Eni,Eni,,
44390004,Carrefour,Carrefour Contact,,
39000010,Carrefour,Carrefour,Intermarché,
19500002,Système U,Station U,,
59700003,Carrefour,Carrefour,,
91940009,Total Access,Station-service Total Access,Total,
62770001,Carrefour,Carrefour Contact,,
35300002,Carrefour,Carrefour,,
74200019,,Carburauto,,
14000019,TotalEnergies,Relais Total Saint-Gilles,Total,
59320006,Total Access,Total Access,,
77250007,Total Access,TotalEnergies,,
33400011,Auchan,Auchan,,
40100004,E.Leclerc,E. Leclerc,,
47110002,Elan,Elan,,
47310003,Total Access,TotalEnergies,,
47310007,Système U,Système U,,
83270003,Intermarché,Intermarché,,
70400004,Super U,Super U,Super U,
40160005,,Deghuillem,,
61430002,Carrefour,Carrefour,,
70200001,,Match,,
57420005,Carrefour Contact,Carrefour Contact,,
70270001,Avia,Avia,,
83140009,Intermarché,Intermarché,Intermarché,
24340002,Carrefour,Carrefour Contact,,
25500001,,,Cyprien Rognon,
87000002,,,Carrefour,
63260003,,Station libre-service,Carrefour,
72650002,Total Contact,SARL Picault,Total,
3170001,Avia,Avia,,
9300005,Carrefour,Carrefour Market,,
76910001,Intermarché,,,
76220010,Intermarché,Intermarché Contact,,
38500001,Carrefour,Carrefour,,
27300007,TotalEnergies,TotalEnergies,,
29140002,Système U,Station U,,
55700006,Intermarché,Intermarché,,
64260002,Carrefour Market,,,
80044001,Auchan,Auchan,Auchan,
87430004,Avia,Avia,,
83560010,Auchan,Auchan,,
74200020,Eni,Eni,,
29217001,Intermarché,Intermarché,Groupement des Mousquetaires,
60560001,Intermarché,Intermarché,Groupement des Mousquetaires,
60220002,Auchan,Auchan,,
60370002,Intermarché,Intermarché,Super U,
75015034,Shell,Shell,Shell,
75015036,Avia,Avia,,
26800009,Auchan,Auchan Carburant,,
13600023,Intermarché,Intermarché,,
31790005,Carrefour,Carrefour,,
68200025,Eni,Eni,Eni,
29350001,Intermarché,Intermarché,,
38340011,Total,,,
26140006,Total,,,
26240008,Netto,,,
9140003,Total,Station Service Total,Total,
69780002,Netto,Netto,Netto,
95350004,Total,Total,,
32130003,,Carrefour contact station,Carrefour,
60130001,E.Leclerc,Station Service E. Leclerc,E. Leclerc,
71700006,TotalEnergies,Relais Paris Savoie,Total,
74200003,Carrefour,Carrefour,,
74200016,Intermarché,Intermarché,,
31860006,Carrefour,Carrefour Market,,
59750005,Total Access,Total Access,,
61120003,Carrefour,Carrefour,,
21200009,TotalEnergies,Relais Beaune Tailly (PL),TotalEnergies,
60410003,E.Leclerc,Station service Carrefour Contact,Carrefour,
32500007,Netto,Netto,Netto,
60180001,Auchan,Auchan,Auchan,
66210004,Intermarché,Intermarché,,
2100001,Auchan,Auchan Carburant,,
60300005,Intermarché,Intermarché,Groupement des Mousquetaires,
89200006,Esso,Esso,Ets Guillemeau,
6110004,Esso Express,Esso Express,Esso,
62250010,Total Access,Aire de l'Épître,Total,
31120005,Esso Express,Esso Express,,
92100015,TotalEnergies,Total,,
6200031,Dyneff,Dyneff,Dyneff,
88200017,Intermarché,Intermarché,Groupement des Mousquetaires,
35540008,Carrefour,Carrefour Contact,,
76270003,Système U,Station U,,
46200004,Netto,Netto,,
94350003,Esso,Esso,,
46260002,Total,Total,,
50880001,Total,Total,,
49230003,Pohu,,,
71500001,Avia,Avia Xpress,,
22480001,Station U,Super U,Super U,
34130005,Intermarché,Intermarché,,
58600002,Intermarché,Intermarché Super,Groupement des Mousquetaires,
69008007,Total Access,Total Access,,
60420001,Carrefour Market,Carrefour Market,,
53960001,Avia,Avia,,
69330001,Carrefour Market,Carrefour Market,,
42230001,Intermarché,,Intermarché,
26740004,Eni,Eni,,
2200008,Esso Express,Esso Express,,
90000015,Total Access,Total Access,Total,
67510001,TotalEnergies,Station du Fleckenstein,,
21190007,TotalEnergies,TotalEnergies,,
69110005,Intermarché,,,
46300013,Carrefour,Carrefour,,
45300008,Total,Total,,
45200008,Total,,,
48190003,Carrefour,Carrefour Express,,
87400006,Carrefour Market,Carrefour Market,,
91630008,Avia,Avia,,
71390006,,,ELAN,
13530003,Auchan,,,
31400013,Avia,Avia,Avia,
21250005,Avia,Avia,,
69400009,Auchan,,,
1400001,Carrefour,Carrefour DAC,Carrefour,
34460001,Dyneff,Dyneff,Dyneff,
60150005,Carrefour,Carrefour Market,,
95470006,Total,Total,,
7300008,Avia,Avia,,
83610002,Independent,La Treille des Maures,,
35540009,Système U,Station U,,
43170004,Carrefour,Carrefour Contact,,
69004020,Eni,Eni,,
69120012,,Garibaldi Automobiles,,
11590004,Auchan,Auchan,,
56300010,Total Contact,Total Pontivy Nord,Total,
37390003,Super U,Super U,Super U,
45230002,Système U,Station U,,
40280008,Total,Total,,
89500002,Intermarché,,Intermarché,
31620006,Intermarché,Intermarché Castelnau,Groupement des Mousquetaires,
70320004,Intermarché,Intermarché,,
34410009,,Carrefour Contact,,
6700005,,Boccanera,,
50520001,,Station-service Municipale,,
88200018,Total,Total,Total,
6345001,Auchan,,,
1320004,Netto,Netto,,
13008019,Eni,Eni,,
59400005,Carrefour,Station-service Carrefour,,
37320001,Auchan,,,
74100009,Elan,Elan,Garage Chevallier,
24100019,Avia,Avia,,
59190010,TotalEnergies,TotalEnergies,SARL ETS TROLLE,
74100010,Total,Total La Chamarette,,
62630007,Carrefour,Carrefour,Carrefour Market,
62450006,Carrefour,Carrefour,,
59286002,Carrefour,,,
42100019,Esso,Esso,,
34480001,Intermarché,Intermarché,,
62580003,Carrefour,Carrefour,,
62300018,Auchan,Auchan,,
73290008,Eni,Agip,,
19800005,Shell,Shell,Shell,
17580002,Carrefour,Carrefour Contact,,
77140012,Shell,Shell,Shell,
55300004,Carrefour Market,Carrefour Market,,
80410005,Carrefour Contact,Carrefour Contact,,
74100007,E.Leclerc,Station Service E. Leclerc,E. Leclerc Ville-la-Grand,
35550006,Elan,,,
13011027,Carrefour,Carrefour Contact,,
43100006,Netto,Netto,,
34770005,Carrefour,,,
18310003,Carrefour,Carrefour Contact,,
93240009,BP,BP,,
27350004,Carrefour,Carrefour Contact,,
19300002,Super U,Super U,,
78710005,Esso Express,Esso Express,,
34320001,Total,Total Contact,,
1100008,Intermarché,Netto,,
3150005,Carrefour Market,Carrefour Market,,
2190007,Carrefour,Carrefour,Carrefour,
22500006,Avia,Avia,,
44600007,E.Leclerc,Station E. Leclerc,E. Leclerc,
64600009,E.Leclerc,Station Service E.Leclerc,,
64600002,Carrefour,Carrefour,,
18700003,Intermarché,Intermarché,,
35290003,Intermarché,,,
57050002,Auchan,Auchan,,
34500032,Eni,Eni,,
69100032,Eni,Eni Villeurbanne Blum,,
22140003,Total,Total Contact,,
21160004,Total Access,Relais Total De La Côte,Total,
57340004,Total Access,Total Access,,
75020010,Total,Total,,
40240008,Carrefour,Carrefour Contact,Carrefour,
61190004,Carrefour,Carrefour,,
31076001,,Station essence Carrefour Purpan,Carrefour,
80340004,Carrefour,Carrefour,,
80290009,Total,Total,,
80400005,Carrefour,Carrefour,,
35660004,Total,Total Contact,,
33580002,Carrefour,Carrefour Contact,,
13270004,Esso Express,Esso Express,,
20153003,Total,,,
31210007,Avia,Avia,,
68480002,Auchan,Auchan,,
81320002,Mousquetaire,Netto,,
29280001,Carrefour,Carrefour,Carrefour,
7190002,TotalEnergies,TotalEnergies,SARL Le Moulinon Auto,
31100003,Intermarché,Station Intermarché,,
19150002,Station U,,Super U,
38580004,Carrefour,Carrefour,,
34690009,TotalEnergies,TotalEnergies,,
72130009,Carrefour,Carrefour,,
65440001,Intermarché,Intermarché,,
20100003,Vito,Vito,,
72290003,Carrefour,,,
68040002,Esso,Garage Wackenthaller,Shell,
93300008,Auchan,Auchan,,
38090005,Netto,Netto,SAS Dalorenzo,
62120009,Intermarché,Intermarché,,
73490002,Super U,Super U,Super U,
59279006,Carrefour,Carrefour,,
66270004,Carrefour,Carrefour Contact,,
38690006,Système U,Station U,,
51370005,Total,Total Saint-Brive-Courcelles,,
13210004,Total,Total,,
82210006,Avia,Avia,,
66270001,Intermarché,Intermarché,,
71470004,Carrefour,,,
42152001,Système U,Station U,,
77380001,Intermarché,Intermarché,,
68330002,Système U,Station U,,
92210003,Esso,Esso,,
7100002,Système U,Station U,,
27600006,Total,Total,,
42153003,Intermarché,Intermarché,,
42550001,Intermarché,Intermarché,Intermarché,
63720003,Intermarché,Intermarché,Groupement des Mousquetaires,
15210001,Super U,Super U,Super U,
63960005,Carrefour,Carrefour Contact,,
63140002,Carrefour Contact,Carrefour Contact,,
63760001,Intermarché,Intermarché,Groupement des Mousquetaires,
71350001,Avia,Avia XPress,Avia,
38550002,Système U,Station U,,
69270002,Intermarché,Intermarché,,
23000008,Netto,,,
23170001,,,Intermarché,
58340001,Avia,Avia,,
24230003,Total,Total,,
38110002,Total,Total,,
12150003,,Augade,,
94594003,BP,BP,BP,
59650011,BP,BP,,
51110006,Carrefour,Carrefour,,
11000018,Auchan,Auchan,,
59149002,Netto,Netto,,
68160005,Intermarché,Intermarché,,
23160002,Vival,,Vival,
12800002,Intermarché,Intermarché,Intermarché,
42290002,TotalEnergies,TotalEnergies,,
72190003,Total Access,Relais Total De Courdoux,Total,
46320001,Intermarché,Intermarché,Intermarché,
66360001,Dineff,,,
59320005,Intermarché,Intermarché,,
21200011,,Gas Station (Netto / Les Mousquetaires),Les Mousquetaires,
91130008,Intermarché,Intermarché,Groupement des Mousquetaires,
62600002,Carrefour,Carrefour,,
82160002,,Le Relais du Causse,,
15400004,Total,Total,,
91940008,Total Access,Station-service Total Access,,
50150002,Super U,Super U,,
54200005,Avia,Avia,,
9200003,,Le Relais de Guzet,DEFA,
47210001,Intermarché,Intermarché,,
37100002,Auchan,Auchan,Auchan,
74000002,Carrefour,Carrefour,Carrefour,
62940001,Carrefour,Carrefour Market,,
65600001,Total,Total,Total,
6540002,Eni,Eni,,
3110003,Avia,,,
6190011,Eni,Eni,,
68490002,Intermarché,Intermarché,,
65500002,Intermarché,Intermarché,Groupement des Mousquetaires,
69190010,BP,BP Saint-Fons - P. Herriot,,
56690002,Intermarché,Intermarché,,
6430001,Avia,Avia,,
9190005,Avia,Station Service Avia XPress,,
89150002,Esso,Station Esso,Esso,
78140008,TotalEnergies,TotalEnergies - Relais de Vélizy,TotalEnergies,
43000009,TotalEnergies,Relais TotalEnergies du Puy,TotalEnergies,
6600022,Total,Total,Total,
27560001,Carrefour Contact,Carrefour Contact,,
31380002,Intermarché,,Groupement des Mousquetaires,
72700007,E.Leclerc,Station Service E.Leclerc,Leclerc,
59880001,Auchan,Auchan,,
43220001,Carrefour Market,Carrefour Market,,
78430005,Total,Relais Total De Louveciennes,Total,
91490005,Total Access,Total Access,,
6240006,E.Leclerc,E. Leclerc,,
64170012,Eni,Eni,,
40660002,Système U,Station U,,
64220003,Intermarché,Intermarché,,
29880005,Carrefour Contact,Carrefour Contact,,
77400008,Intermarché,Intermarché,Groupement des Mousquetaires,
45140007,Total Access,Total Access,,
32230003,Système U,U Express,U Express,
94400003,Esso Express,Esso Express,Esso,
94500014,Esso,Esso,Esso,
12340002,Intermarché,Intermarché,Groupement des Mousquetaires,
74140006,bi1,Bi1 Station Service,,
12400007,Avia,Avia,,
77144001,Intermarché,Intermarché,Groupement des Mousquetaires,
44360007,E.Leclerc,Station Service E. Leclerc,E.Leclerc,
91380009,BP,ESSO,,
11700008,Avia,Avia,Avia,
40100005,Intermarché,Intermarché Porte Sud,,
84200003,Independent,Station B. L'Hôte,,
89400002,Esso Express,Esso Express,,
37140001,Super U,La Station,Hyper U,
6190008,Total Access,TotalEnergies Access,Total,
5100009,E.Leclerc,Station Service E.Leclerc,,
24100008,Carrefour Market,Carrefour Market,Groupement des Mousquetaires,
80600006,E.Leclerc,E. Leclerc,,
40530001,Esso,Esso,Esso,
14210001,Intermarché,,,
23250001,F3C Energy,,,
64240003,E.Leclerc,Station-service AVIA,,
64240006,E.Leclerc,E. Leclerc,,
64240004,Avia,Avia,,
75015003,Esso,Esso,,
27200004,Avia,Avia,,
14740001,U Express,,,
27150004,TotalEnergies,TotalEnergies,,
48100003,Super U,Super U,,
14500008,Carrefour,Carrefour,,
6250011,Esso,Esso,,
38340013,Total,Total,,
38340012,Total Access,Total Access,Total,
52170001,Intermarché,Intermarché Super,Groupement des Mousquetaires,
68880001,,Match,,
62170002,Carrefour,Carrefour Market Montreuil Campigneulles,Carrefour,
80350001,Auchan,C. C. Auchan,Auchan,
60650004,,,Groupement des Mousquetaires,
73150003,Avia,Avia,,
38540002,,AT.PG,,
59197001,,Match,,
80300001,Système U,Station U,,
62128010,BP,BP Aire de Wancourt Est - Camions,,
59730003,Super U,Super U,Groupement des Mousquetaires,
73000017,Super U,Super U,,
76440008,Carrefour,Carrefour,Carrefour,
19200007,Intermarché,Intermarché,,
26800002,Avia,Station Avia,Avia,
94130003,Total,Total,Total,
62400004,Total,Total,,
63190001,Carrefour Market,,,
27000007,Intermarché,Intermarché Super,Groupement des Mousquetaires,
12310002,Intermarché,Intermarché,,
62360004,Intermarché,Intermarché,Groupement des Mousquetaires,
93410002,Esso,Esso,,
92250002,Esso,Esso,,
83000010,Total Access,Relais Total du Champ de Mars,Total,
27300006,Total Access,Relais Total Access de Malbrouck,Total,
63000023,Total,Total,Total,
41400006,Esso,Station Esso Express,,
2480002,Carrefour,Carrefour,,
31660001,Système U,,,
63114003,Avia,Avia,Avia,
92240010,BP,BP,,
62400003,Carrefour,Carrefour,,
34540001,Carrefour,Carrefour,,
28420001,Total,Total Contact,,
77508002,Carrefour,Carrefour,,
29770003,Intermarché,Intermarché,,
56300001,Station U,,Super U,
78180011,Esso Express,Esso Express Montigny le Bretonneux,Esso Express,
75007003,Avia,Avia,,
62320001,Carrefour,Carrefour,,
7200007,Intermarché,Intermarché,Groupement des Mousquetaires,
70150001,,,Groupement des Mousquetaires,
45400001,Carrefour,Carrefour,Carrefour,
59470004,Total Access,Total Access,,
77480001,Avia,Avia,,
31400010,TotalEnergies,Total Demoiselles,TotalEnergies,
6156001,Carrefour Market,Carrefour market,,
60510001,Intermarché,Intermarché,Groupement des Mousquetaires,
40330001,Intermarché,Intermarché,,
59470003,Système U,Station U,,
62340001,Carrefour,Carrefour,,
87400005,Intermarché,Intermarché,,
91300020,Total Access,TotalEnergies,Total,
68370002,Intermarché,Intermarché,,
44170001,U,,,
94594002,TotalEnergies,TotalEnergies,,
74330002,Total,Total Contact,,
62310003,E.Leclerc,E.Leclerc,E.Leclerc,
57500002,,Match,,
69005002,Eni,Eni,Eni,
4200010,,Carburant Loti,,
24600003,Intermarché,Intermarché,Groupement des Mousquetaires,
78840004,Carrefour,,,
35240001,Système U,Station U,,
34560001,Spar,,Spar,
93160006,Intermarché,Intermarché,,
82000018,TotalEnergies,Total,Total,
73310002,Système U,Station U,,
59270003,Intermarché,Intermarché,,
76140001,Carrefour Market,Carrefour Market,,
60112002,Total,TotalEnergies,GARAGE CHAPRON,
44130001,Super U,Super U,Super U,
45140001,Auchan,Auchan,,
60200001,Auchan,Auchan,Auchan,
60800003,,,Carrefour,
80590002,Intermarché,Intermarché,,
21200003,Esso,Esso Beaune Sud,,
59231002,Intermarché,Intermarché,,
17540001,Elan,Elan,,
69160003,Esso Express,Esso Express Tassin la Demi-Lune,Esso Express,
46600005,Eni,Eni,Eni,
59194001,Intermarché,Intermarché,,
11700009,Intermarché,Intermarché,,
69420002,E. Leclerc,E. Leclerc,Leclerc,
25300002,Total Access,Total,Total,
31270003,Carrefour Market,Carrefour Market,,
3310002,Intermarché,Station Intermarché,,
31490001,Station U,Super U,Super U,
66500001,Super U,Super U,Super U,
6520001,Esso,Esso,Esso,
28000001,Carrefour,Carrefour,,
60360001,Carrefour,Carrefour,,
1300003,Intermarché,Intermarché,,
76150004,Total,Total,,
92340002,TotalEnergies,TotalEnergies relais du Panorama,TotalEnergies,
78280003,Total,Relais de Guyancourt,Total,
92200006,Esso,Esso,,
31120007,Intermarché,Intermarché,,
68313001,Carrefour,Station Carburant Carrefour,Carrefour,
41000005,Shell,Shell,Shell,
51390001,Shell,Station Shell,Shell,
39230003,Avia,Avia,,
31290007,Super U,Super U,Super U,
5240004,TotalEnergies,Relais du téléphérique,Total,
62215006,Carrefour Contact,,,
80100003,Carrefour Contact,Carrefour Contact,,
46230005,Carrefour Contact,Carrefour Contact,Carrefour,
87800004,Carrefour Contact,Carrefour Contact,,
14500001,Total,Station Total Vire,Total,
62130001,Total,,Total,
60300010,Total,Total,SEMAC,
35470004,Total,,Relais Total de Pomméniac,
37380004,Total,Total,Total,
56690004,Total Access,Relais de Nostang,Total,
68300002,Total,Station Total,Total,
60200011,Total,Total,Total,
94200008,Total,Total,Total,
51520002,Total,Relais Total Aire de Saint-Martin sur le Pré,Total,
13300002,Total,Station Total Le National,Total,
74600013,Total,Relais de la Ripaille,Total,
75015026,Total Access,Relais Total Du Pont Aval,Total,
95500010,Total Access,Les Tulipes,,
62260003,Total,Total,SAS DAVID COUSIN,
69360011,Total,Station Service Total Access,Total,
58150003,Total,Station Total,Total,
20189002,Total,Total Campo Dell'Oro,Total,
20240002,Total,Total,Total,
92200005,Total,Total,,
77130003,Total,,,
51140005,Total,Total,Total,
22302001,Total Access,Arcadie Lannion,Total,
63350002,Total,Total,Total,
34300002,Total,Total,Total,
44360008,Total,Total,,
95712003,Total,Total Relais du Cédre,,
62250011,Total,Total,,
89470004,Total Access,Total Access - Relais des Grandes Haies,Total,
91380010,Total,Total,,
11400004,Total,,,
75016017,Total,Total Porte Saint-Cloud,,
12800001,Total,,,
10260001,Total,,,
66510001,Total,Total,,
69220003,Total,Total,,
19300003,TotalEnergies,Total,,
12340001,Total,,,
69170004,Total Access,Total Access,,
12310001,Total,Garage Majorel,,
51300013,Total Access,Relais des Marvis,,
20000007,TotalEnergies,Total,Total,
19460002,Total Access,Total Access,,
46600003,Total,Total,Total,
59550002,Total,Total,,
75019015,Total,Total,,
45190001,Total,Total,,
69720004,Total,,,
46350002,Total,Total,,
20130002,Total,Total,,
75015025,Total,Total,Total,
35150004,Total Access,Jouzel,TotalEnergies,
12000014,Total,,,
44800007,Total,Total,Total,
18200002,Total,Total,,
94220004,Total,Relais Total de Conflans,,
38260004,Total,,Total,
21204001,Total,Total,Total,
44521001,Total,Total,,
63700007,Total,Total,,
22170004,Total,Total,Total,
33390001,Total,Total,,
44370003,Total,Total,,
2600005,Total,Station Service Total,Total,
86102001,Total Access,Total Access,Total,
78270002,Total,Total,,
78270002,Total,Total,,
41360003,Total,Total Contact,,
27460002,Total,Total,Total,
78180002,Total,,Total,
94140004,Total,Total Port Anglais,,
80480004,Total,Total,Total,
43170001,TotalEnergies,Total,,
29260002,Total,Total,Total,
86140001,Total,Total,,
77760002,Total Contact,Total contact,,
81400002,Total,,,
68701001,Total,Station Total,,
69850001,Total,Total,,
49220003,Total,Total,,
59242006,Total,,,
8190001,Total,Total,Total,
70400001,Total,Total,,
2420001,Total Contact,Total Contact,M. BELOT PASCAL,
62114002,Total,Total,,
62110004,Total Access,Total Access,,
59125003,Total,Total,,
38080006,Total,Relais L'Isle d'Abeau nord,Total,
68210001,Total,Total,,
55300002,Total,Total - Garage de l'Abbaye,,
57580001,Total,Total,Garage Ferry,
54450004,Total,Total,,
54670004,Total,Total Custines,,
2860001,Total,,,
3000004,Total,Total Contact,,
77350005,Total Access,Total Access,,
60640001,Total,Total,Renault,
24420001,Total,Total Contact,,
36200002,Total Access,Total Access,Total,
35490001,Total,Total Energies,,
56720001,Total,Total Contact,,
38850002,Total,Garage Henri Chaboud,,
49420002,Total,Total,,
53000005,Total,Total,,
30900018,Total,Total,,
40700001,Total,Total énergie,,
31860001,Total,Total,,
83136005,Total,Garage ACR,,
31470001,Total,Total,,
78660004,Total,Total,,
28400005,Total,Total Contact,,
33490002,Total,Total,,
20147001,Total,,,
47510001,Total,Total Excellium,SARL GARAGE DU CAOULET,
92110011,Total,,Total,
73420005,Total,Total,Total,
51120004,Total Access,Total Access,,
44400009,Total Access,Total Access,Total,
2000011,Total Access,Relais Champ du Roy,,
8270002,Total Access,Relais des Ardennes,,
69870002,Intermarché,Intermarché,,
41600004,Esso,Station Esso,Esso,
45120005,Avia,Avia,,
21210005,Total,Total,,
25370002,Intermarché,Intermarché,,
33260011,E.Leclerc,Station Service E. Leclerc,,
19290002,,Station-service de La Pierre Grosse,Commune de Sornac,
80230002,Intermarché,Intermarché,,
33610007,Shell,Shell,Shell,
81990002,Intermarché,Intermarché,Groupement des Mousquetaires,
16100006,Intermarché,Intermarché,Groupement des Mousquetaires,
27800001,Carrefour,Carrefour,,
34420003,Carrefour Market,Carrefour Market,,
22270001,Carrefour Express,Carrefour Express,,
43320003,Total,Total Contact,,
14960001,Carrefour Contact,Carrefour Contact,,
74800005,Carrefour,Carrefour Market,,
69160001,Auchan,Auchan,Auchan,
83480006,TotalEnergies,Total,Total,
83600020,Total,Total,Total,
35600004,Total,Total,,
31310002,,,carrefour contact,
94170004,Esso,Esso,Esso,
77144002,Total,Total,,
78110002,Esso,Station Esso les Ibis,,
37110002,Carrefour,Carrefour,,
75019016,TotalEnergies,TotalEnergies,,
88250001,Total,Total,,
14710001,,Station service Communale,,
46160002,,,Groupement des Mousquetaires,
24200006,E.Leclerc,Station Service E. Leclerc,E. Leclerc,
44580002,Independent,,,
12170004,Carrefour,Carrefour Market,,
19110001,Carrefour,Carrefour,,
47510002,Intermarché,Intermarché,,
70300004,,Station Maison du Pneu Mariotte,,
71160001,Total,Station Total,,
42600010,Avia,Avia,,
62901001,Carrefour,Carrefour,,
38370003,E.Leclerc,Station Service E. Leclerc,S.A.S. Clairdis,
49160004,Shell,Station Shell,Shell,
49160003,Shell,Station Shell,Shell,
92800008,Esso,Esso,,
25240001,bi1,bi1,,
65230002,Intermarché,,,
45250003,Super U,U Express,,
93300003,Esso,Esso,,
50600003,Total,Total Contact,,
81800004,Intermarché,Station Service Intermarché,,
17600003,Intermarché,Intermarché,,
25210002,Avia,Avia,,
53410001,Système U,Station U,,
42000019,Eni,Eni,,
83600013,E.Leclerc,E.Leclerc,E. Leclerc,
12290001,Total Access,Total Access,Garages Cluzel,
21000024,Intermarché,Intermarché,Intermarché,
35114002,Total,Total Énergies,,
44120007,Système U,Station U,,
50190001,Carrefour,Carrefour,,
94110004,Esso,Esso,Esso,
59650002,Match,Station Match,,
28000010,Total Access,Total Access,Total,
37100010,Total,Total,,
40000002,Carrefour,Carrefour,,
20248001,Total,,,
54340002,Avia,Avia,,
89420007,Esso,Esso,Ets Guillemeau,
45390002,Intermarché,Intermarché,Groupement des Mousquetaires,
62640002,TotalEnergies,Total,,
59113001,Carrefour Market,Carrefour Market,,
63430002,Total,Total,TOTAL,
62142001,Intermarché,Intermarché Contact,Groupement des Mousquetaires,
14670001,Super U,Station U,,
14730004,Dyneff,Dyneff,,
29620001,Système U,Station U,,
62190005,TotalEnergies,Total energies,Total Access,
83000006,Intermarché,Intermarché,Groupement des Mousquetaires,
92170002,Total,Total,,
31700004,Esso,Esso,Esso,
43500002,Super U,Super U,Super U,
20270003,TotalEnergies,TotalEnergies,Total,
34920001,Carrefour,Carrefour,,
12850001,Système U,Station U,,
22300005,Intermarché,Intermarché,Groupement des Mousquetaires,
77000013,Total Access,Relais La Rochette Melun,,
7800008,Carrefour,Carrefour,,
92390001,Esso,Esso,,
35120001,Carrefour Market,24/24,Carrefour,
40420003,Total,Total - Relais de l'Espourguillat,,
7110004,Carrefour,Station Service Carrefour,,
83170012,TotalEnergies,Total Relais Terrasses de Provence Centre VL,,
75015011,Esso Express,ESSO Express,,
35350004,,Halle de Bonaban,,
69200007,Esso,Esso,,
62881001,Carrefour,Carrefour,,
45800008,Total,Total,Total,
74700005,Total Access,Relais du Reposoir,,
40260009,TotalEnergies,Relais des Castets,TotalEnergies,
40260005,Intermarché,Intermarché,Intermarché,
62110001,Total,Total Contact,,
49000013,Total,TotalEnergies - Relais Baumettes A,Total,
16430005,Total Access,Relais Les Chauvauds,,
44100004,Avia,Avia,,
76430006,,,Total,
17410001,E.Leclerc,Station Service E. Leclerc,E. Leclerc,
48300001,Carrefour,Carrefour,Carrefour,
95120002,Esso,Esso,Esso,
14980002,Carrefour,Carrefour,,
73330001,Super U,Hyper U,Système U,
23140003,TotalEnergies,TotalEnergies,Total,
30129003,Auchan,Auchan carburant,,
6800006,Eni,Eni,,
59760001,Auchan,Auchan,Auchan,
80000013,Total Access,Relais Amiens Port d'Aval,Total,
68170002,Intermarché,Intermarché,,
29190001,Intermarché,Intermarché,Intermarché,
10110001,Esso,Esso,,
69100001,Carrefour,Carrefour,Carrefour,
21210001,Avia,Avia,,
21800007,Système U,Station U,,
14500012,Intermarché,Intermarché,,
84230001,Super U,Super U,La Station U,
84270002,Carrefour,Carrefour,,
84550003,Carrefour,Carrefour,,
10270006,Total Access,Relais Troyes Fresnoy,Total,
10270007,Total,Total,,
1100004,Avia,Avia,,
62700001,Carrefour,Carrefour - Bruay La Buissière,,
36400001,Super U,Super U,Super U,
59610004,TotalEnergies,Total Access,Total,
59000016,Total,Total Relai Esquermes,,
11540001,TotalEnergies,TotalEnergies,,
94100011,BP,BP,,
44000006,Intermarché,Intermarché,Les Mousquetaires,
13011003,Shell,Shell,Shell,
21000010,Esso,Esso,Esso,
62120014,Shell,Shell,Shell,
17250002,Carrefour,Carrefour Market,,
78920004,Esso,Esso,Esso,
80000012,,,Groupement des Mousquetaires,
42150001,Carrefour,,Carrefour,
95140001,Carrefour,Carrefour,Cora,
35260002,Super U,Super U,Super U,
7170003,Intermarché,Station Intermarché,,
69260012,Eni,Eni,ENI,
14440001,Total,Total,Total,
62780004,TotalEnergies,TotalEnergies,,
46100002,E.Leclerc,Station Service E. Leclerc,E. Leclerc,
31130003,Esso Express,Esso Express Balma,Esso,
80130003,Intermarché,Intermarché,Groupement des Mousquetaires,
38490005,Intermarché,Intermarché Station,,
11400002,Dyneff,,,
74240001,Intermarché,,,
74520009,Total,Total Aire de Valleiry Nord,,
3500006,Total,Relais Total des Beaumenus,Total,
45800001,Auchan,Auchan Station Service,Auchan,
87510001,,La Station U,,
50140001,Carrefour,Carrefour,,
62300012,Total,Total,,
31250001,Total,,,
31440002,Intermarché,Intermarché,,
12100010,,Servifioul,,
68240003,Intermarché,Intermarché,,
5400004,Carrefour,Carrefour Market,,
31500013,Carrefour,Carrefour,,
34690010,Avia,Avia,,
40140001,Elan,Elan,,
6600024,Total Access,Total Access,Total,
8000007,Intermarché,Intermarché,,
29450001,La Station U,La Station U,,
67170006,Intermarché,Intermarché,,
62137001,Esso,TotalEnergies Access - STATION DES PRINCES,,
38660001,Total,Station Service Total,Total,
74350005,Système U,Système U,,
95470008,,,Shell,
14440002,Système U,Station U,Magasins U,
53170001,U,U La Station,U,
30170001,Super U,Super U,Super U,
21400002,TotalEnergies,Total,Total,
75007004,Total,Total,,
1700003,Esso,Esso Express Les Échets,Esso,
68250004,Total Access,Relais Total de Rouffach,,
64170005,E.Leclerc,E. Leclerc,,
87600004,E.Leclerc,Station-service Intermarché Super Rochechouart,ITM ALIMENTAIRE INTERNATIONAL,
67230006,Total,Total,Total,
91510002,Intermarché,,Groupement des Mousquetaires,
55000003,Avia,Avia,SAS Génin,
71700001,Carrefour,Carrefour,,
34120002,TotalEnergies,Total,Total,
19170001,TotalEnergies,Total,Total,
7120001,Station U,,Super U,
59650013,Total Access,Total Access,Total,
38210003,Avia,Station de la plaine,,
62161001,Carrefour,Carrefour Market,,
69004016,Eni,Eni,Agip,
45500007,E.Leclerc,Station Service E.Leclerc,,
78150014,Esso Express,Esso Express,Esso Express,
17200008,Total Access,Total Access,,
52120002,Intermarché,,Groupement des Mousquetaires,
24120006,Intermarché,Intermarché,,
64510001,Intermarché,Intermarché,Groupement des Mousquetaires,
6400013,Esso Express,Esso Express,Esso,
12200005,Intermarché,Intermarché,Intermarché,
24170003,TotalEnergies,Total Energies,,
77230004,Intermarché,Intermarché,Groupement des Mousquetaires,
91410003,Intermarché,Intermarché,Groupement des Mousquetaires,
78990010,TotalEnergies,Total Access,Total,
78120012,TotalEnergies,Total,,
45330001,TotalEnergies,Total,,
58200002,Carrefour,Carrefour,,
89470001,Carrefour,Carrefour,Carrefour,
95400008,TotalEnergies,Total Access,,
77130008,E.Leclerc,Station Service E.Leclerc,E. Leclerc,
62220001,Total,Station Total,Total,
62138002,Carrefour,Carrefour,,
73400001,Elan,Total Energies,,
2100011,TotalEnergies,Total Énergies,,
4500003,Intermarché,Intermarché,Groupement des Mousquetaires,
31200008,Esso,Esso,,
29000016,Casino,Casino,,
63490002,Carrefour Contact,Carrefour Contact,,
21500003,TotalEnergies,TotalEnergies,,
89160001,bi1,bi1,Bi1,
58300003,Agip,Agip,Garage Edelweiss,
58300001,Carrefour Market,Carrefour Market,Carrefour Market,
78590003,Système U,Station U,,
89250001,Avia,Avia,Avia,
83440002,TotalEnergies,Total Contact,,
41260001,Carrefour,Carrefour Market 24/24,Carrefour Market,
5400002,Super U,,,
57600002,Esso,Esso Express De Guise,,
22200003,Carrefour,C. C. Carrefour,Carrefour,
35410001,Station U,Hyper U,,
56300004,Total,Total De Kerfourchette,Total,
22100011,Esso,Esso,Esso,
35300005,Carrefour,Carrefour,,
57100007,Total,Station Total,Total,
52112001,,C.c. Cora,Cora,
52000009,Total Access,Relais Elf de Buxereuilles,Elf,
88025001,Carrefour,Carrefour,Carrefour,
54300001,Carrefour,Carrefour,Cora,
59280001,Esso,Station service Esso,,
48500001,Intermarché,Intermarché,,
59500009,Total,Total,,
3400001,TotalEnergies,Total Lagarde,Total,
81000010,Carrefour Contact,Carrefour,,
64500003,Carrefour,Carrefour,Carrefour,
40300003,Carrefour Market,Carrefour Market,Carrefour,
23400001,Carrefour Market,Carrefour Market,Carrefour Market,
89190006,Carrefour Contact,,,
64170001,TotalEnergies,TotalEnergies,,
38080003,Carrefour,Station Carrefour Isle d'Abeau,Carrefour,
46100007,Carrefour Market,Carrefour Market,,
31500007,Esso,Esso 24/7,Esso,
31000003,Intermarché,Intermarché,,
78121001,TotalEnergies,Total energies,,
31100004,Carrefour Market,Carrefour Market,,
32300001,Intermarché,Intermarché,Groupement des Mousquetaires,
32300003,TotalEnergies,TotalEnergies,,
26300003,Total Contact,Total Contact,Total,
23400004,Carburant Service,Carburant Service,Carburant Service,
83170003,Esso,,,
39100004,Esso Express,Esso Express,,
67120003,Système U,Station U,Système U,
6400004,Esso Express,,,
58470005,Avia,Avia,,
43410001,TotalEnergies,Total Contact,,
69126001,Renault,Renault Express 24h/24,Garage Brossard,
69510004,TotalEnergies,TotalEnergies,,
32600001,Super U,,Super U,
47300006,Intermarché,Intermarché,Groupement des Mousquetaires,
31410001,TotalEnergies,Total,,
42450001,TotalEnergies,TotalEnergies,,
50690001,TotalEnergies,Total,,
82400006,Aire C,Aire C,,
57000022,TotalEnergies,TotalEnergies Access - Relais Port Mazerolle,Total,
56100007,Carrefour,Carrefour,,
38230002,Total,Total Énergies,,
39100003,TotalEnergies,Total,,
38650003,,Uta,,
53410003,TotalEnergies,Total Contact,,
62490003,Total Access,Total Access,,
67205001,Intermarché,Intermarché,Groupement des Mousquetaires,
67800001,,Match,,
67800004,Système U,Station U,,
74000020,Eni,Eni,,
73600002,Super U,Super U,,
70300001,Auchan,,Auchan,
42140003,Intermarché,Station-service Intermarché,,
50190002,TotalEnergies,Total Energies,,
69007009,Total Access,Total Access,Total,
67760001,Super U,Super U,,
36130004,TotalEnergies,Total Access,,
67630001,Carrefour,Carrefour,Carrefour,
67470001,Super U,Super U,Super U,
31150007,Super U,,,
33240010,TotalEnergies,Total,Total,
33310008,TotalEnergies,Total,Total,
92380007,ESSO,Station ESSO Garches Porte Jaune,,
43600003,Intermarché,,,
62000006,E.Leclerc,Station Essence E. Leclerc,,
38700003,Total Access,,Sarl Service 38.7,
81000002,Total,Total,Total,
88600001,Total,Total,,
7430002,Carrefour Market,Carrefour Market,,
88100004,E.Leclerc,Station Service E. Leclerc,E. Leclerc,
13530001,Carrefour,Carrefour Station Service,,
84100011,Netto,Netto,,
78250005,Intermarché,Intermarché,,
34500033,Auchan,Auchan,,
31570002,,Carrefour Contact,,
35230007,,Carrefour Contact,,
46110001,Carrefour,Carrefour,,
40230005,Esso,Esso Saint-Geours-de-Maremne,Esso,
34690011,Esso Express,Esso Express,,
89000013,Auchan,Auchan,Auchan,
20190002,,Vito,,
92420002,Super U,Super U,Super U,
3390003,Carrefour Market,Carrefour Market,,
85500003,TotalEnergies,Total,,
63000007,Esso,Esso,esso,
40000012,TotalEnergies,Total Access,Total,
40410004,TotalEnergies,Relais Total Des Landes,Total,
15250004,Carrefour,,Carrefour,
12330002,TotalEnergies,TotalEnergies,,
77410001,Total,Relais Total De La Rosée,Total,
76600025,TotalEnergies,Total,,
76600024,TotalEnergies,Total Access,Total,
76700006,TotalEnergies,Total,Relais Total de la Porte Océane,
77410008,BP,BP,BP,
30260002,,Garage Bernard,,
56360004,Super U,Super U,,
85290004,TotalEnergies,Total Contact,,
78630009,TotalEnergies,Relais Total De Morainvilliers,Total,
63000001,TotalEnergies,Total Contact,,
95440002,,Ecouen,,
85800002,TotalEnergies,Station Total Des Salines,TotalEnergie,
13100014,TotalEnergies,Total Access - Relais Gambetta,,
71100022,E.Leclerc,Station Service E.Leclerc,E. Leclerc,
77340007,TotalEnergies,TotalEnergies,,
24460002,Elan,Elan,,
70120002,Avia,Avia,,
51220001,Intermarché,Intermarché,Groupement des Mousquetaires,
95370003,Esso,Esso,BP,
77370001,Carrefour Market,Carrefour Market,,
64600007,TotalEnergies,Total Access,,
73600006,TotalEnergies,Relais du Doron,,
15100010,,Aire de service du Cantal,,
6250009,TotalEnergies,Total Relais de la Cote d'Azur,,
95331002,Esso,Esso,Esso,
65510001,Avia,Avia,,
11620001,Dyneff,Dyneff,,
11000014,Dyneff,Dyneff,,
84800001,Système U,Station U,Système U,
72200001,Carrefour,Carrefour,,
85300001,TotalEnergies,Total Contact,,
31590004,TotalEnergies,TotalEnergies,,
50890001,Système U,Station U,,
54830001,,Station de la Mortagne,,
95230008,TotalEnergies,TotalEnergies,,
68480004,,Carrefour Contact,Carrefour,
20220003,Esso,Esso Île Rousse,Esso,
11700005,Intermarché,Intermarché,,
69420001,Carrefour,Carrefour,,
69570005,TotalEnergies,Total Access,Total,
69140005,Carrefour,Carrefour,,
11110005,TotalEnergies,Relais Total de Vinassan,Total,
28000002,Total Contact,Total Contact,,
11000003,TotalEnergies,Total,Total,
12200001,TotalEnergies,Total,,
12000011,Intermarché,Intermarché,Intermarché,
59680001,Carrefour Market,Carrefour Market,,
14380002,TotalEnergies,Total,,
64250006,Carrefour Market,Carrefour Market,Carrefour,
64230006,Carrefour Contact,Carrefour Contact,,
1130003,TotalEnergies,Relais Résidences,,
1000008,TotalEnergies,Total,,
69100031,Esso,Esso,,
57000009,Esso Express,Esso Express,Esso S.A.F.,
29100007,Total Access,Station Total Douarnenez,Total,
69651001,TotalEnergies,Total,,
95100006,Esso,Esso,,
95100037,TotalEnergies,Relais Argenteuil du Val,,
95100021,Esso,Esso,,
59530001,Esso Express,Esso Express,,
65110003,Carrefour,,Carrefour Montagne,
29200018,Super U,Super U,,
62217007,Total Access,Total Access,,
1480004,Total,Total,,
87220003,TotalEnergies,TotalEnergies,,
13013016,TotalEnergies,Relais des Olives,Elf,
56800006,TotalEnergies,Total,total access,
56120006,Super U,Super U,,
56607001,Casino,Géant Casino,Casino,
43500004,,Station communale,,
90000002,TotalEnergies,Total,,
13500001,Auchan,Auchan Martigues,,
62000016,,Station de service Avia,Avia,
12100011,Intermarché,Intermarché,Intermarché,
56330001,Système U,Station de Super U,Système U,
87600001,TotalEnergies,TotalEnergies,,
41000021,Esso,Esso,Esso,
73800002,Système U,,,
24200008,Intermarché,Intermarché,Casino,
78630004,TotalEnergies,Total,,
31670001,TotalEnergies,TotalEnergies,,
62620001,TotalEnergies,TotalEnergies,,
31330005,Esso,Teulade,Esso,
65429001,E.Leclerc,Station Service E.Leclerc,,
35770006,TotalEnergies,Relais de Vern sur Seiche,,
35510001,Carrefour,Carrefour,,
56850004,Carrefour Contact,Carrefour Contact,,
42450003,Intermarché,,,
20221001,Vito,Vito,,
60290003,Intermarché,Intermarché,Groupement des Mousquetaires,
69360018,Avia,Avia,Avia,
3200003,TotalEnergies,TotalEnergies - Gramont,TotalEnergies,
42100018,TotalEnergies,Total Access,,
88400005,TotalEnergies,Total access,Elf,
42000015,TotalEnergies,TotalEnergies,,
88400002,Intermarché,Intermarché,,
42780001,TotalEnergies,Relais STAR Violay,,
42170003,TotalEnergies,TotalEnergies,,
42160006,TotalEnergies,TotalEnergies - Relais des coquelicots,,
42220004,TotalEnergies,Total Contact,,
42210002,TotalEnergies,TotalEnergies,,
27210006,Avia,Avia,,
64130006,Carrefour Market,Carrefour Market,Carrefour Market,
66170002,,Agnel & Fils,Agnel & Fils,
42410005,TotalEnergies,TotalEnergies,,
35370002,Intermarché,Intermarché,,
66300017,Carrefour,Carrefour,,
75018013,Total,,,
61130002,,Saint-Germain-de-la-Coudre,,
40280005,E.Leclerc,Station Service E.Leclerc,,
42400007,Total Access,Total Access,,
69700012,Esso,Esso,,
11290005,Carrefour,Carrefour,,
64170014,Super U,Super U,,
69230005,Esso,Esso,Carrefour Express,
72000019,Total Access,Total Access,Total,
44600011,Auchan,Auchan,,
37700010,Total Access,Relais Du Rochin,Total,
72400005,Avia,,Shell,
95230010,Total,Auto Services de Soisy,,
72220001,Super U,Super U,Super U,
79100006,Total,,,
20243001,Total,Total,Total,
89200008,Avia,Avia Xpress Vauban,Avia,
83130008,Eni,Eni,,
31620005,Intermarché,Intermarché,Groupement des Mousquetaires,
31410003,Shell,Station Shell,Shell,
42500012,E.Leclerc,Station E. Leclerc,E. Leclerc,
83160004,Esso,Esso,Esso,
13100016,Total,Total - Relais de Galice,Total,
77230001,Total,Station Total,Total,
25420002,Total,Station Total,Total,
30126008,Eni,Eni,Agip,
91460014,BP,Station BP,BP,
65000010,Total Access,Total Access,,
58000014,Avia,Avia,Avia,
83300006,Intermarché,,Groupement des Mousquetaires,
39100010,Avia,Avia,Avia,
15600001,Total,Station Total,Total,
77600003,TotalEnergies,Relais Total De Bussy-Saint-Georges,Total,
34200003,Dyneff,Station Dyneff,,
83400012,Intermarché,Intermarché,,
34540002,Total,,Total,
13320005,Esso,Station Esso Cabriès,Esso,
47480003,Total Contact,Station Total De Malere,Total,
81370001,Carrefour,Carrefour,Carrefour,
83000012,Total,Total,Total,
31140010,Total Access,Total Access,,
31150010,Auchan,Auchan,Auchan,
64250001,Intermarché,Intermarché,Groupement des Mousquetaires,
69651002,Esso,Station Esso - Ets Nomblot Concession Peugeot,Esso,
47310006,Total,Station Total,Total,
91480002,Total,Total,Total,
77600004,Total,Station Total,Total,
31140008,Super U,,Super U,
83160003,Total Access,Relais Total de l'Université,,
93420007,Total,Station Total,Total,
38150003,Dyneff,Station Dyneff,,
31410002,Shell,Station Shell,Shell,
65000008,Intermarché,Intermarché,Groupement des Mousquetaires,
83500001,Auchan,Auchan,,
81000004,Total,Station Total,Total,
33370014,Total Access,Total Access Tresses,,
91430003,BP,BP,BP,
33500005,Intermarché,Intermarché,Groupement des Mousquetaires,
77310009,Total Access,Total Access,Total,
93120004,Total,Total,Total,
70100003,TotalEnergies,TotalEnergies,,
93420008,Esso,Esso,BP,
56460002,Intermarché,Intermarché,,
28190003,Super U,Super U,Super U,
11000015,TotalEnergies,Relais Total du Viguier,Total,
37700011,Total Access,Relais La Breteche,Total,
3450001,Cheze SAS (carburant discount),C.M.N,Cheze SAS,
35230001,Super U,Super U,Super U,
80290006,Intermarché,Intermarché,,
78885001,Carrefour,Carrefour,Carrefour,
13430002,Independent,Station du Sud,,
21250006,Intermarché,Intermarché,,
12100005,Auchan,Auchan,,
63500008,Intermarché,Station service d'Intermarché,Groupement des Mousquetaires,
88400006,,Garage Defranoux,,
58160002,TotalEnergies,Total Contact,,
58600004,Esso Express,Esso Express,,
59174002,TotalEnergies,TotalEnergies,Total,
21250009,Avia,Avia,Avia,
60200006,Esso Express,Esso Express,Esso,
11250001,TotalEnergies,Total,,
94270005,E.Leclerc,E. Leclerc,,
38710003,TotalEnergies,TotalEnergies,,
40280009,,Station-service du Moun,,
35450001,TotalEnergies,Total,AD EXPERT,
54450003,Intermarché,Intermarché,,
22350004,Intermarché,Intermarché,,
38100013,Esso,Esso,,Grenoble Vercors
93130011,BP,BP,BP,
93000011,BP,BP,,
12100002,TotalEnergies,TotalEnergies,,
38280001,Intermarché,Intermarché,,
43100005,Intermarché,Intermarché,Groupement des Mousquetaires,
29270003,Intermarché,Intermarché,,
88290001,TotalEnergies,Total,Total,
62330002,Netto,Netto,,
73000013,TotalEnergies,Total Access,Total,
87280005,,Carrefour,,
93190007,Netto,Netto,Netto,
13560005,Total,Total Contact - Station les Cèdres,,
58200008,Station essence Indépendant,LCR,,
81250006,TotalEnergies,TotalEnergies,,
81250004,Carrefour Contact,Carrefour Contact,,
15000005,TotalEnergies,Total,,
24750001,Carrefour,Hyper U,Carrefour,
49340001,Eni,Eni,,
42120006,Carrefour,Station Service Carrefour Market,,
42120004,TotalEnergies,TotalEnergies,,
77181002,TotalEnergies,TotalEnergies Access,,
38350005,TotalEnergies,TotalEnergies,,
77150002,Carrefour,Carrefour,,
76200003,,Marchand,Société financière Marchand,
46300005,Système U,,,
37100001,Auchan,Auchan Carburant Petite Arche,Auchan,
35650002,Super U,Super U,,
2340001,Carrefour,Carrefour,,
23300006,E.Leclerc,Station Service E. Leclerc,,
37510001,Auchan,Station Auchan Supermarché,,
22170005,Carrefour Market,Carrefour Market,,
75014012,Total,Total,,
1980001,Total,,,
2280001,Intermarché,Intermarché,,
80100009,Intermarché,Intermarché,,
6370002,Auchan,Auchan,Auchan,
52540001,Intermarché,Intermarché,Groupement des Mousquetaires,
34250002,Carrefour,Carrefour,Carrefour,
6110010,Intermarché,Intermarché,,
59400003,Esso Express,Esso Express,,
68160002,Super U,Super U,Super U,
13580002,Système U,Station U,,
16200001,U,U Express,,
26400009,Système U,Station U,,
9220001,Spar,Spar,,
56350004,Intermarché,Intermarché,,
60000008,Intermarché,Intermarché,Tilguit,
26150002,TotalEnergies,Combet,,
77610003,E.Leclerc,E. Leclerc,,
72350001,Total Contact,Total Contact,,
33250006,Carrefour,Carrefour,,
9400001,Super U,Super U,,
33110009,Avia,Avia,,
21220003,Super U,Super U,Super U,
49110003,Carrefour,Carrefour Market,,
49110004,Netto,Netto,Netto,
64210005,TotalEnergies,Relais Bidart Est,,
33480008,TotalEnergies,Total,,
2500004,Total,Total Excellium,Total,
33720010,Shell,Shell,Shell,
33920006,Avia,Avia,Avia,
59253001,Intermarché,Intermarché,Groupement des Mousquetaires,
62500005,Total Access,Total Access,Total,
2380002,Total Access,,,
76260005,Total Contact,Total contact,,
60730004,Total,Total,,
2400008,Avia,Avia,,
54360003,Carrefour,Carrefour,,
36000003,Carrefour Market,Carrefour Market,Carrefour Market,
38250002,Intermarché,Intermarché Villard,,
62310001,Carrefour,Carrefour,,
76720002,Vallée,,,
73200002,Carrefour,Station Carrefour Market,,
1310001,Total,Total,,
84500007,Intermarché,Intermarché,Groupement des Mousquetaires,
80120001,Carrefour,Carrefour,Carrefour,
25400003,Intermarché,Intermarché,,
60700004,Total Access,Relais Pont Sainte-Maxence,,
60400005,Total Access,Total Access,,
35760007,Super U,La Station U,,
59910001,Carrefour,Carrefour,,
21410001,,station-service,Intermarché Contact,
60390001,Carrefour,Carrefour,Carrefour,
80800002,Simply,,,
80330004,Total,Total,Total,
80300006,Total,Total,Total,
53160002,Carrefour,Carrefour,,
59114004,Carrefour,,,
20110003,Esso,Vito,Esso,
62230004,Total Access,Relais d'Outreau,,
93100011,Esso,Esso,Esso,
37000015,TotalEnergies,TotalEnergies,,Tours Balzac
88130002,E.Leclerc,Station Service E.Leclerc,E. Leclerc,
69440001,Esso,Esso,Automobiles en Pays Mornantais,
94012001,Carrefour,Carrefour,,
50330003,Carrefour,Carrefour,,
74120004,Intermarché,,,
34420005,U,U Express,,
78490002,TotalEnergies,TotalEnergies,,
9100002,TotalEnergies,Total,,
3800009,Carrefour Market,Carrefour Market,,
72190005,Système U,,,
85170006,E. Leclerc,,,
5100004,Carrefour Market,Carrefour Market,,
77360001,Carrefour Market,Carrefour Market,,
54800006,TotalEnergies,Total,Total,
92600007,Esso,Esso,,
62200005,Total,Total,Total,
30140002,Avia,Avia,Avia,
11500002,TotalEnergies,Total,Garage Roosli,
93190001,Carrefour,Carrefour,Carrefour,
34240001,TotalEnergies,Total,,
34440005,Carrefour Contact,Carrefour Contact,Carrefour,
7150001,TotalEnergies,TotalEnergies,,
14170006,Intermarché,Intermarché,,
56680001,Intermarché,Intermarché,Groupement des Mousquetaires,
44470005,Super U,Super U,Super U,
72600001,Station U,Super U,Super U,
81230005,Carrefour Contact,Carrefour Contact,,
48000008,Avia,Avia,,
13210002,Intermarché,Intermarché,,
14470002,Carrefour,Carrefour,,
11590002,BP,BP,,
26160001,Système U,U Utile,,
11150002,Système U,Système U,Super U,
46800002,Carrefour,,,
46130003,TotalEnergies,Total,,
81240001,,OMI,,
25000020,Avia,Avia,Avia,
46220005,TotalEnergies,TotalEnergies,,
67452001,Carrefour,Carrefour,Carrefour,
38500005,Esso Express,Esso Express,,
63390001,Carrefour Contact,Carrefour Contact,,
21600006,Total,Total,,
39220005,Carrefour,Carrefour,,
15190003,Intermarché,,,
30420001,Total,Total,,
75017017,Total Access,TotalEnergies,TotalEnergies,
34300001,Système U,Hyper U,Système U,
76176001,E.Leclerc,E. Leclerc,,
56640002,,,Intermarché,
42700007,Eni,Eni,,
38000015,Esso,,,
21121008,Intermarché,Intermarché,Intermarché,
48400006,Intermarché,,,
44840002,Total Access,Relais Total de Vertou,Total,
44120004,Total,Relais Total de La Grassinière,Total,
4240002,,Station Intermarché,Intermarché,
12260002,Total,,,
24500003,Carrefour Contact,Carrefour Contact,,
46500007,TotalEnergies,Total,,
33230002,Intermarché,Intermarché,,
3150001,TotalEnergies,TotalEnergies,,
66650002,Carrefour,Carrefour,Carrefour,
12140002,Dyneff,Dyneff,,
29550001,Intermarché,Intermarché,Groupement des Mousquetaires,
46340001,Super U,Super U,,
11290003,TotalEnergies,Total,Total,
69250008,Eni,Eni,,
13870002,,Renault Sighinolfi,,
62223002,Intermarché,Intermarché,Groupement des Mousquetaires,
36250003,E.Leclerc,Station Service E. Leclerc,E. Leclerc,
77370005,Total,Total,,
47320004,TotalEnergies,Total Contact,,
29200016,Total Access,Total Access,Total,
89630001,Rousseau carburant,Rousseau carburant,Rousseau carburant,
76530004,Total Access,Total Access,,
1260002,TotalEnergies,Total,,
62600005,Total Contact,TotalEnergies Impératrice,,
2310003,TotalEnergies,Total,,
2600008,Avia,Avia,,
91250011,Esso,Esso,Esso,
94470006,Avia,Avia,,
91130007,Total,Total,,
37110004,Total,Total Access,,
92190003,Total,Station Relais Total Meudon,,
91200006,BP,BP,,
52500001,Avia,Avia,,
41100002,Total,,SAS BIGOT AUTOMOBILES VENDOME,
78230006,TotalEnergies,TotalEnergies Relais Parc de Marly,,
39402001,Avia,Avia,Morez Automobiles,
77165006,Total,Relais Total Du Sauvoy,Total,
77340005,TotalEnergies,Station Total,Total,
91570004,TotalEnergies,TotalEnergies,,
75019014,TotalEnergies,TotalEnergies,Total,
94000011,TotalEnergies,Total,Total,
91180001,Esso Express,Esso Express,,
75019013,Total Access,TotalEnergies,,
30100014,Total Access,Relais Total de la Chadenede,Total,
30900017,Total Access,Total Access,Total,
32810003,Total,Total,,
33310007,TotalEnergies,Total Access,Total,
47520004,TotalEnergies,TotalEnergies,,
69220006,Roady,Station Roady Belleville,,
63112001,Intermarché,Intermarché,,
33480003,Intermarché,Intermarché,,
24420002,,Coop,,
24680001,Carrefour Contact,Carrefour Contact,,
68520006,Total,Relais la Porte d'Alsace Nord,Total,
2210002,TotalEnergies,Total,,
15000003,TotalEnergies,Total,,
74540002,TotalEnergies,TotalEnergies,Elan,
82170001,Carrefour,Carrefour,,
10700002,Carrefour Market,Carrefour Market,,
10700001,Total,Total,,
91210009,Système U,Système U,,
62450003,Intermarché,Intermarché,,
2200016,Carrefour,Carrefour,,
67300003,TotalEnergies,Relais Total De L'Aar,Total,
49260001,Système U,Station U,Super U,
18000021,Intermarché,Intermarché,,
64210004,Intermarché,Intermarché,Groupement des Mousquetaires,
74000004,Esso Express,Esso Express,Esso,
62760002,Carrefour Market,Carrefour Market,,
40400002,Elan,Elan,,
42270003,Esso,Esso,,
61250003,Total,Total,Total,
62500001,Carrefour,Carrefour,Carrefour,
49370002,Intermarché,Intermarché Super,Groupement des Mousquetaires,
20240005,Vito,Vito,Vito,
68040001,Total,Total,Total,
21610001,Intermarché,Intermarché,,
37800004,Total,Total,,
95230006,Esso,Esso,Esso,
95600001,TotalEnergies,TotalEnergies,,
80440003,Intermarché,Intermarché,Groupement les mousquetaires,
31790002,TotalEnergies,Total,,
68160004,TotalEnergies,Relais Total de Sainte-Marie,Total,
1100007,Total,Total,Total,
48000001,Système U,Station U,,
69470003,Intermarché,Intermarché,,
57370008,Total,TotalEnergies,,
65120001,Carrefour Market,Carrefour Market,,
24000011,TotalEnergies,Station Total,Total,
44720005,Carrefour Contact,Carrefour Contact,,
66120001,,,SuperU,
14130003,Intermarché,Intermarché,Groupement des Mousquetaires,
14130001,Total,Total,,
36400005,Total Access,Total Access,Profil +,
68019001,Cora,Station Service Carrefour,Cora,
35760004,TotalEnergies,Total,,
69130005,TotalEnergies,TotalEnergies,Total,
77400007,Intermarché,Intermarché,Groupement des Mousquetaires,
44570001,Auchan,Auchan,,
78570001,TotalEnergies,TotalEnergies,,
43260002,Intermarché,Intermarché,,
80100007,Esso,Esso,Esso,
47550012,Carrefour,Carrefour Boé,Carrefour,
28300008,TotalEnergies,Total Access,,
74260002,TotalEnergies,TotalEnergies,TotalEnergies,
12390001,U,U Express Rignac,Système U,
62116001,Carrefour,Carrefour,,
50180005,Esso,Esso,Esso,
7340002,E.Leclerc,Station Service E.Leclerc,,
31200019,Esso,Esso,,
38300021,Intermarché,Intermarché,Intermarché,
59300005,Esso Express,Esso Express,,
54800001,,Match,,
75010003,Esso Express,Esso Express,,
84550004,Esso,Esso,,
59114006,Esso,Esso,,
29460001,Système U,Système U,Super U,
31270005,Carrefour,Carrefour,,
13130006,TotalEnergies,Total Access Les Chasseurs,,
74800001,TotalEnergies,Total Contact,,
71710002,TotalEnergies,Total,,
26000020,Auchan,Auchan Carburant,Auchan,
26000007,Esso,Esso,,
75020008,Total,Total Davout,,
75016023,Esso,Esso,,
63190011,TotalEnergies,TotalEnergies,,
71480006,TotalEnergies,Total,,
38430003,Carrefour Market,Carrefour Market,Carrefour,
78890005,Netto,Netto,,
8150003,TotalEnergies,TotalEnergies,,
21540001,,La station U,,
13016007,TotalEnergies,TotalEnergies,Total,
56430002,TotalEnergies,TotalEnergies,,
95100035,Total Access,Relais Argenteuil Chateaubriant,,
59450005,Carrefour Market,Carrefour Market,,
26320002,Eni,Eni,Sarl CMS,
57600003,Esso,Esso,,
57370001,Esso Express,Esso Express,,
26000014,TotalEnergies,TotalEnergies,,
8300008,TotalEnergies,Total Access,,
73540002,Système U,Station Essence,SuperU,
13127009,,Station des Cadestaux,,
33450009,Intermarché,Intermarché,,
59940001,,,Carrefour Market,
62840006,Carrefour Contact,Carrefour Contact,,
29140008,Total Access,Relais Total De Saint-Yvi,Total,
1300002,Auchan,Auchan,,
62820003,Total Access,Total Access,,
78400004,Total,,,
14370003,E.Leclerc,Station Service E. Leclerc,E.Leclerc,
7160001,Système U,Système U,,
38300008,E.Leclerc,Station service E. Leclerc,E. Leclerc,
83580004,Auchan,Auchan,Auchan,
25700003,Total,Relais du Doubs,,
15100013,Total,Station Service des Orgues,Total,
15100011,,Station Service Orceyre,Orceyre,
81540001,U Express,Station Service U,U Express,
40220002,Dyneff,Station Service Dyneff,,
13012028,Carrefour,Carrefour Market,,
83230006,Total Access,Total Access,Total,
89170001,Avia,Avis Express,,
60490009,Total Access,Relais Ressons Ouest,,
9190002,Intermarché,Intermarché,,
12120002,Carrefour,Carrefour,,
74250001,Total,Total,Total,
27460001,Station U,Super U,Super U,
59190002,Carrefour,Carrefour,Carrefour,
59190004,Super U,Super U,Super U,
31810003,kai,Total,,
17200001,Super U,Super U,,
38700001,Esso,Esso,Esso,
57170001,,Match,,
56300012,TotalEnergies,Total,,
54500008,TotalEnergies,Relais Total Access de Brabois,Total,
62137002,,Établissement Bidal,,
22110003,Intermarché,Intermarché,Groupement des Mousquetaires,
59113006,E.Leclerc,E. Leclerc,E. Leclerc,
91640004,TotalEnergies,Total,,
13105001,Intermarché,Intermarché,,
26300012,TotalEnergies,TotalEnergies,TotalEnergies,
26300005,Esso Express,Esso Express,,
62850001,Carrefour Contact,Carrefour Contact,Carrefour Contact,
34110004,Dyneff,Dyneff,Martinez,
45130003,TotalEnergies,Le Relais de la Bonne Dame,Total,
15100003,,Energies Sanfloraines,,
34420004,Intermarché,Intermarché,,
78580001,,Station-service ACR,,
11130002,Carrefour,Carrefour,,
95712004,TotalEnergies,Relais Total De Roissy 1,,
60800008,E.Leclerc,E. Leclerc Station Service,,
89130001,bi1,bi1,bi1,
38290005,U,,,
60650007,Esso,Esso,René Patrice,
33210011,TotalEnergies,Total Access,,
62630004,E.Leclerc,E. Leclerc,E. Leclerc,
62180004,Carrefour,Carrefour,Carrefour,
69270004,TotalEnergies,TotalEnergies,,
84400008,,,Val Fleuri SARL,
32110003,,GersStation,,
17700001,Système U,Station U,,
79240003,Carrefour,Carrefour Contact,,
24120010,U,U Express,,
24150003,Avia,Avia,,
21220006,Fulli,Fulli,Fulli,
68180002,E. Leclerc,,,
30240001,Super U,Super U,,
29910004,Intermarché,Intermarché,,
62810001,Carrefour Market,Carrefour Market,,
32130004,Total,Marty,Garage Marty,
71260004,Total,Total,,
12260007,Carrefour Contact,Carrefour Contact,,
6440001,Intermarché,Intermarché,,
54210002,Match,Match,,
59121002,TotalEnergies,Total Access,,
50700002,TotalEnergies,Total,Relais Total du Bocage,
13600013,Esso,Esso A50 Aire de la baie de La Ciotat,,
40300008,TotalEnergies,TotalEnergies,Mme Martinez Danielle,
83210011,E.Leclerc,E. Leclerc,,
40180002,Total Contact,Total Contact,,
78190012,Esso,Esso,Esso,
80000019,Super U,Super U,,
67400001,Auchan,Auchan,Auchan,
93150011,E.Leclerc,Station Service E.Leclerc,,
41140004,,Ma Station,Groupement des Mousquetaires,
72230002,Carrefour Market,Carrefour Market,,
95800001,Carrefour,Carrefour,,
56520001,Système U,Système U,Super U,
74100011,TotalEnergies,TotalEnergies Les Voirons,,
78190010,TotalEnergies,Total Access,Total,
29250002,E. Leclerc,Station Service E. Leclerc,E. Leclerc,
62127001,Esso,Chez Legris,,
34120008,Esso,Esso,,
92700024,Esso,Esso,,
11480009,Esso,Esso,,
55160014,Esso,Esso,,
71170001,Carrefour Market,Carrefour Market,,
28320003,Carrefour Market,Carrefour Market,,
44260006,Intermarché,Intermarché,Intermarché,
59554008,Carrefour Market,Carrefour Market,Carrefour,
84390001,Intermarché,Intermarché,Les Mousquetaires,
65410001,Total,Total,,
57000011,Intermarché,Intermarché,,
95280001,Carrefour Market,Carrefour Market,Carrefour Market,
6770002,Total Access,Total Access,,
57070013,TotalEnergies,Total Access,,
91460013,Esso,Esso,,
32700001,Elan,,Elan,
44700005,Esso Express,Esso Express,Esso,
33400005,Intermarché,Intermarché,,
44800001,Auchan,Auchan,Auchan,
91160010,Carrefour Market,Carrefour Market,,
6100006,Eni,Eni,,
8300001,Carrefour,Carrefour,,
33450002,Système U,Station U,,
33000014,Esso Express,Esso Express,,
33000015,Esso Express,Esso Express,Esso,
37390002,Intermarché,Intermarché,,
34120007,,Pézenas Carburant,,
63118001,Auchan,Carburant Auchan,,
14700007,Esso,Esso,,
25600004,Avia,Avia,,
31320001,Intermarché,,Groupement des Mousquetaires,
14780003,Carrefour Contact,Carrefour Contact,,
14270003,Carrefour,Carrefour,,
56520005,TotalEnergies,TotalEnergies (Guidel Sud),Total,
57050001,,Match,,
14610001,Carrefour,Carrefour,,
37400002,E.Leclerc,Station Service E. Leclerc,E. Leclerc,
60000015,BP,BP,,
60000010,Intermarché,Intermarché,Ludivan,
29680003,E.Leclerc,E. Leclerc,,
17210007,Avia,Avia,,
59110007,Station U,Station U,,
85170005,TotalEnergies,TotalEnergies,,
16300005,E.Leclerc,Station Service E.Leclerc,,
59710002,Intermarché,Intermarché,,
36000014,Intermarché,Intermarché,Groupement des Mousquetaires,
33340004,Carrefour,Carrefour,,
62120017,Avia,Avia,,
91600005,TotalEnergies,Total,,
44160005,E.Leclerc,E. Leclerc,,
14330001,Système U,Station U,Super U,
79110001,Système U,Station U,,
10130004,Intermarché,Intermarché,Groupement des Mousquetaires,
59300006,Auchan,C. C. Auchan,Auchan,
59279002,Esso,Esso,,
33520002,Esso,Esso Aquitaine 1,Esso,
80000008,Esso,Esso Saint-Roch,Certas Energy France,
19100017,TotalEnergies,Total Access,Total,
24120007,TotalEnergies,Relais Total Du Moulin-rouge,Total,
69400010,Intermarché,Intermarché,Groupement des Mousquetaires,
59370004,Total Access,Total Access,,
33112001,Système U,,,
92230008,E.Leclerc,Station Service E. Leclerc,E. Leclerc,
11200007,Système U,Utile,,
11160003,Carrefour,,,
33450007,Carrefour,Carrefour Market,Shopi,
33750003,Total Access,Total Access,Total,
33240011,,,Carrefour,
67700012,TotalEnergies,TotalEnergies,,
93210003,TotalEnergies,TotalEnergies,Total,
33920003,Intermarché,Intermarché,,
33620001,Super U,Station service SuperU,Super U,
95220005,U,U,,
3100005,E.Leclerc,E. Leclerc,,
49000004,TotalEnergies,TotalEnergies,,
33450005,Total Access,Total Access,,
33440004,,Spar,,
33240011,Total,Total,,
6510003,Intermarché,Intermarché,Intermarché,
33620003,Carrefour,Carrefour,,
85330003,Système U,Système U,Super U,
66700007,TotalEnergies,,,
51100060,Intermarché,Intermarché,,
51500007,Carrefour,Carrefour,,
88000011,Eni,Eni,,
33750004,Carrefour,Carrefour Contact,,
33420002,Carrefour Market,Carrefour Market,,
33500008,Esso,Esso,Esso,
16730001,Avia,Avia,,
76450001,Carrefour,Carrefour Market,,
11100013,TotalEnergies,,,
11100016,Auchan,Auchan,,
11100017,Total,Total Contact,,
77130013,Fulli,Fulli,Fulli,
66220001,,,Carrefour Market,
73160002,Super U,Super U,,
11110004,Intermarché,Intermarché,Groupement des Mousquetaires,
46400004,TotalEnergies,TotalEnergies,,
28210002,Intermarché,Intermarché,,
88340001,Intermarché,Intermarché,,
14400011,Intermarché,Intermarché,,
35200008,U,,,
59658001,Carrefour,Carrefour,Carrefour,
34110005,TotalEnergies,TotalEnergies,,
27400007,Esso,Esso,,
54300007,Intermarché,Intermarché,,
13300001,TotalEnergies,TotalEnergies,Total,
13710002,Esso Express,Esso Express,,
16350001,Carrefour,Carrefour,Carrefour,
21200010,E.Leclerc,Station Service E. Leclerc,,
78290001,,,Carrefour,
88100008,Eni,Eni,Eni,
40300009,,Avia,,
89190007,Shell,,,
83470006,Total Access,,Total,Relais Total de l'Olympe
83470003,Avia,,,
94537002,TotalEnergies,TotalEnergies Access - Relais du Bas Marin,,
62128007,Avia,Avia,,
76133001,Carrefour Market,Carrefour Market,Groupe Carrefour,
44600002,Super U,La Station U,,
83490002,Esso,,,Esso du Muy
62101001,Carrefour,Carrefour,,
59850002,Système U,La Station U,Systeme U,
93160009,TotalEnergies,Relais du Grand Chêne,,
77550005,Total,Total,,
38090004,Avia,AVIA,,
14350002,TotalEnergies,Garage Renault,,
52140007,Avia,Station Avia,Avia,
52140006,,,Avia,
47420001,,Aire C,,
71240009,BP,Station BP de la Ferté,BP,
71700010,Total,,,
71300015,Total,Total,,
71540001,Carrefour,,,
71260009,Shell,Station Shell de Mâcon - Saint-Alban,Shell,
71600013,Shell,Shell,,
71370007,Carrefour Contact,Carrefour Contact,,
34430003,Carrefour,Carrefour,Carrefour,
34510003,Dyneff,Dyneff,,
34160004,Garage de Boisseron,Garage de Boisseron,,
34400017,TotalEnergies,Total,,
13100021,,Carburant Loti,,
13011028,Carrefour,Carrefour Contact,,
39190007,TotalEnergies,Total,,
25550003,DATS 24,DATS 24,,
21700007,DATS 24,DATS 24,,
70180003,DATS 24,Dats 24,,
70220003,DATS 24,Dats 24,,
25750003,DATS 24,Dats 24,,
21530004,Carrefour,Carrefour,,
21490005,Carrefour,Carrefour,,
21320009,Esso,,,
21800012,Avia,,,
3270002,Carrefour Market,Carrefour Market,Carrefour Market,
69390008,TotalEnergies,TotalEnergies,,
69110004,Esso,Esso,,
69430005,Elan,,,
74130017,Elan,TotalEnergies,,
42000021,Dyneff,Dyneff,,
26780009,Shell,Shell - A7 - Aire de Montélimar Est - Allan,Shell,
15500008,Carrefour Contact,Carrefour Contact,,
38630006,DATS 24,Dats 24,,
1380002,,DATS 24,,
73600010,Casino,Casino,,
1700005,Carrefour,Carrefour,,
38114002,,Avia,,
26700001,Carrefour Market,Carrefour Market,,
68120005,Total,Station Total Service Joanny,Total,
88170007,Eni,Eni,Eni,
88300009,Total,Total,Sarl neoCC,
67690002,Carrefour,Carrefour,Carrefour,
67260010,Shell,Shell,,
88310002,Dats 24,Dats 24,,
88210003,DATS 24,Dats 24,,
88440001,DATS 24,DATS 24,Colruyt Group,
88150005,Super U,Super U,,
68190003,Auchan,Auchan,,
37210005,Auchan,Auchan,,
37390004,Total,Relais Mazagran,SARL SAIDSADAT,
45700006,Carrefour,,,
28290002,Carrefour,Carrefour,,
45400007,,Avia,,
33770001,Carrefour,Carrefour,,
33980002,Carrefour Market,Carrefour Market,,
33480002,Total,Total,Total,
79100009,Eirana,Eirana,Eirana,
33370016,Carrefour,Carrefour Contact,,
35136004,Carrefour Market,Carrefour Market,Carrefour,
17270001,Intermarché,Intermarché,,
83400011,E.Leclerc,Station Saint-Hilaire,,
85310002,Total,Total Contact,,
17320004,E.Leclerc,Station Service E. Leclerc,,
85120002,Avia,,,
85200004,Total Contact,,,
79110002,Avia,,,
33390004,Station U,Station U,,
39300008,Netto,Netto,,
79000008,Intermarché,Intermarché,Groupement des Mousquetaires,
39000007,TotalEnergies,TotalEnergies access,,Relais du levant
12230003,Servifioul,Servifioul,Servifioul,
68127002,Intermarché,Intermarché,Colruyt,
11370004,Esso,Esso,,
57710001,Intermarché,Station Service Intermarché,Intermarché,
15400003,Carrefour Market,Carrefour Market,Carrefour,
39410002,Intermarché,Intermarché,Colruyt,
85220002,Système U,Station U,,
66420002,Système U,Système U,,
68470002,Total,Total Contact,,
64100015,TotalEnergies,Relais Bayonne Sainte-Croix,,
35342001,Super U,Super U,,
31170008,Avia,Avia Xpress,Avia,
79140001,Système U,Station U,,
79140002,TotalEnergies,Total Contact,,
79200009,Esso,,,
31560004,Carrefour Contact,Carrefour Contact,,
9240004,Carrefour,Carrefour,,
31250007,Netto,Netto,,
31420004,,Station du Coumatou,,
65500004,TotalEnergies,Total,,
32250001,Avia,Avia,,
3500007,Intermarché,Intermarché,,
3300004,,Multi-Energies des Ancises,,
16360002,Intermarché,Intermarché,,
33990002,Carrefour,Carrefour,Carrefour,
33121002,Carrefour,Carrefour Contact Station Service,,
33320008,E.Leclerc,Station-service Total Access,,
13630004,U Express,U Express,,
78140001,Auchan,Station Auchan,Auchan,
57220002,Super U,Super U,,
65230003,TotalEnergies,TotalEnergies,,
11290002,Dyneff,Dyneff,,
18500004,Intermarché,Intermarché Super,Groupement des Mousquetaires,
83690003,Esso,Relais Saint-Romain,,
54520001,Auchan,Auchan,Auchan,
18103001,E.Leclerc,Station Service E.Leclerc,,
18370001,,Station Service Intermarché,,
69571001,Auchan,Auchan,Auchan,
13005011,Esso Express,Esso Express,,
63670001,Intermarché,Intermarché,Groupement des Mousquetaires,
31600010,Intermarché,Intermarché,,
17590002,U,La Station U,,
17000012,Total,Total,,
29930002,Intermarché,Intermarché,Intermarché Contact,
17000010,Esso Express,Esso Express,,
17500002,E.Leclerc,Station Service E. Leclerc,E. Leclerc,
44700003,Intermarché,,,
86180002,Système U,Système U,,
86000021,Avia,Avia,,
86320002,Intermarché,Intermarché,,
16150003,Super U,Super U,,
87300001,Carrefour,Carrefour,,
86300001,Super U,,,
87200001,U,Station Hyper U,Système U,
16270001,U,U Express,,
87150005,Système U,Station U,,
87300003,Intermarché,Intermarché,Groupement des Mousquetaires,
87190001,Intermarché,,,
87220002,Carrefour,Carrefour,Carrefour,
87170001,Système U,Station U,,
87100001,Système U,Station Hyper U,Système U,
87140002,Super U,Super U,,
87000004,Système U,Station U,,
87220001,Système U,Station U,,
87700004,Intermarché,Intermarché,Groupement des Mousquetaires,
87570002,Carrefour Contact,,,
87100007,Intermarché,Intermarché,,
87210003,Intermarché,Intermarché Contact,,
87140004,Carrefour,Carrefour Express,,
87430003,Système U,Système U,,
87260003,Système U,Station U,,
87700005,Super U,Super U,System U,
87700001,U,U Utile,System U,
87500005,Intermarché,Intermarché Contact,,
87240001,Super U,Super U,Super U,
87500001,Système U,Station U,,
87800002,Système U,Station U,,
89290007,TotalEnergies,Relais Total de Venoy,Total,
59190011,Carrefour,Carrefour,,
50170007,Système U,Utile,Système U,
19360003,Système U,Système U,,
92120002,Avia,SARL Jaby Avia,,
82160001,TotalEnergies,Total,,
56400006,Elan,Elan,,
81310001,TotalEnergies,Total,,
78560004,Total Access,Total Access,,
26730005,Esso,Esso Aire Royans Vercors,,
3100010,Intermarché,Intermarché,,
1250005,TotalEnergies,Station Total,Total,
59620002,Auchan,Auchan,,
13230004,TotalEnergies,Total,,
16700008,E.Leclerc,E. Leclerc,,
16230005,TotalEnergies,Total,,
17100014,TotalEnergies,Total,,
17560004,E.Leclerc,E. Leclerc,,
85130008,TotalEnergies,TotalEnergies,,
79180006,Carrefour Contact,Carrefour Contact,,
79800013,Carrefour Contact,Carrefour Contact,,
79390008,Carrefour,Carrefour,,
85100005,Carrefour,Carrefour,,
79600004,Avia,Avia,,
85200005,E.Leclerc,E. Leclerc,,
85670003,Système U,Station U,,
17300006,Esso Express,Esso express,,
3700002,TotalEnergies,TotalEnergies - Bellerive,TotalEnergies,
79100011,TotalEnergies,Total,S.A.R.L APMS,
79100012,Avia,Avia,,
85130006,Système U,La Station U,,
85130007,Total,Total,,
85130005,Station U,Station U,,
85640001,Esso,Esso,,
16500005,Intermarché,Intermarché,,
16500002,Intermarché,Intermarché Super,,
33210001,TotalEnergies,Station Total Du Sauternais,Total,
33540001,Super U,Super U,Super U,
33190004,Intermarché,Intermarché,Groupement des Mousquetaires,
33410003,Intermarché,,Groupement des Mousquetaires,
33410001,Total,Total,,
33410006,E.Leclerc,E. Leclerc,,
33190005,Total,Total Contact,,
33490004,Carrefour,,,
33730003,Carrefour,,,
33140009,Esso Express,Esso Express,Esso,
88220004,Intermarché,Intermarché,Intermarché,
80135001,Intermarché,Intermarché,,
75008010,Total,Total,,
62217001,Carrefour Market,Carrefour Market,,
59163002,TotalEnergies,Total Excellium,,
59474001,TotalEnergies,Total,,
76590002,Intermarché,Intermarché Contact,,
36100006,E.Leclerc,Station Service E.Leclerc,,
36140002,Intermarché,Intermarché Super,Groupement des Mousquetaires,
72190003,Total Access,Relais Total De Courdoux,Total,
81500007,Eni,Eni,,
44119008,Évole énergies,Évole énergies,Évole énergies,
44360010,Super U,Super U,,
44130004,TotalEnergies,Total,,
44570007,Avia,Avia,,
44540002,TotalEnergies,Total,Garage des Vallons de l'Erdre,
86200003,Système U,Système U,Super U,
86370008,Esso Express,,,
86700005,Carrefour,Carrefour,,
86550001,Carrefour,Carrefour,Carrefour,
86000026,Avia,Avia,Avia,
86000025,Casino,Casino,,
86310002,Intermarché,Intermarché Contact,Groupement des Mousquetaires,
9340001,U,Station Service Super U,,Verniolle
43150001,Intermarché,Intermarché,,
40630004,TotalEnergies,TotalEnergies,,
86450001,TotalEnergies,TotalEnergies,,
3190006,Carrefour Contact,Carrefour Contact,Carrefour Market,
50170008,TotalEnergies,Total Contact,,
60420003,,Civiale,,
89290001,Avia,Avia,,
89290002,bi1,bi1,,
25420001,Avia,Avia,,
76950001,Total Contact,Total Contact,SARL GARAGE DU CENTRE,
76950003,Esso,Esso,,
45420001,Avia,Avia,,
89220001,Avia,Avia,,
58160001,Avia,Avia,,
10210002,bi1,bi1,,
82600003,Intermarché,Intermarché,,
89270001,bi1,bi1,,
59134001,Carrefour Contact,Carrefour Contact,Carrefour France,
21110001,Avia,Avia,,
59142001,Intermarché,Intermarché,Groupement des Mousquetaires,
92410001,Esso,Esso,Esso,
31260001,Intermarché,Intermarché,,
31360002,Intermarché,Netto,Intermarché,
18410002,Système U,Station U,,
27500002,Carrefour Market,Carrefour Market,,
20110006,Vito,Vito,,
31800009,TotalEnergies,Total Energies,,
40400001,Total,Total,Duverge Romain,
92400016,Total,Total,,
59400008,TotalEnergies,Total,,Selles
59554005,TotalEnergies,Total Access,TotalEnergies,Raillencourt-Sainte-Olle
59600009,Carrefour,Carrefour,,
11000005,Esso Express,Esso Express,,
88550001,Super U,Super U,,
45340002,TotalEnergies,Total,Garage Le proust,
28310012,TotalEnergies,Total,,
63210001,Total,Total Garage Gauthier,,
89420008,Avia,Avia,,
89920001,Esso,Esso,Esso,
89440001,Avia,Avia,,
89470005,TotalEnergies,TotalEnergies,,
90130002,Intermarché,Intermarché,,
90300004,Intermarché,Intermarché,,
82000019,Carrefour,Carrefour,,
19700001,Super U,Super U,,
82140003,Carrefour Contact,Carrefour Contact,Carrefour,
49710001,Total,TotalEnergies,,
44430004,E.Leclerc,Station Service E. Leclerc,,
38110004,Intermarché,Station Service Intermarché,,
77508001,Carrefour,Carrefour,,
47120003,Carrefour,Carrefour,Carrefour,
69100029,Esso,Esso,,Tonkin Villeurbanne
76720004,Carrefour Contact,Carrefour Contact,,
76910002,TotalEnergies,Total,,
76450003,TotalEnergies,Total,,
76590003,Système U,Station U,,
40990001,Total,Total,Total,
31240002,Elan,,TotalEnergies,
44850001,Super U,Station U,,
64310002,Netto,Netto,netto,
12430001,Total,Total Contact,,
20220006,TotalEnergies,Total,Total,
48100007,,Aldi,,
6250010,TotalEnergies,Total Access Relais des Campelières,Total,
65460003,TotalEnergies,TotalEnergies,Total,
50220003,Avia,Avia,,
62152006,Carrefour,Carrefour,,
59179002,Carrefour,Carrefour,,
60390004,TotalEnergies,Total Contact,,
59233004,Carrefour,Carrefour,,
62610005,Carrefour,Carrefour,,
62880005,Carrefour Market,Carrefour Market,,
80230006,TotalEnergies,Total,,
80320004,Carrefour,Carrefour,,
49450006,,,Total,
49570001,Total,Total Contact,,
85110001,Super U,Super U,Hyper U,
85500002,Système U,C. C. Hyper U,Hyper U,
85460003,Système U,Station U,,
85600003,Système U,,,
85700002,Système U,Station U,Système U,
85500001,Rompetrol,Rompetrol,,
85000012,AS 24,AS 24,AS24,
85210009,TotalEnergies,TotalÉnergies - Saint-Jean-de-Beugné,,
85140004,Total,,,
85600005,Avia,Avia,,
49300015,TotalEnergies,Relais Bois Greleau,,
49500001,Super U,Super U,Super U,
49220001,Station U,,Super U,
49220004,TotalEnergies,Total,,
49240003,Carrefour,Carrefour,,
49000015,Intermarché,,,
49240002,Auchan,Auchan,,
49000002,Carrefour,Carrefour,Carrefour,
49003001,Carrefour,Carrefour,Carrefour,
49130004,Intermarché,Intermarché,,
49140001,Super U,Super U,,
49480001,Système U,Station U,,
49140003,Carrefour,Carrefour Contact,,
49630007,Carrefour,,,
29300004,Carrefour,Carrefour,Carrefour,
27930010,TotalEnergies,Total,,
27400011,Dyneff,Dyneff,Dyneff,
28500012,,H Market,,
81260001,Independent,Station Service,,
82130002,Independent,Gaston,,
82350001,Independent,Gaston,Relais D'albias,
47470001,Aire C,Aire C,,
24100020,TotalEnergies,TotalEnergies,Total,
47260001,u,Station U,U Express,
45430003,TotalEnergies,Total Access,,
45190017,E.Leclerc,E.Leclerc,Leclerc,
37400006,TotalEnergies,Total Energies,Total,
13700007,Intermarché,Intermarché,Intermarché,
57157001,Esso Express,Esso de la Base,Certas Energy France,
33760001,TotalEnergies,TotalEnergies,Total,
71520001,,Les combustibles,Les combustibles 71,
23210003,Carrefour,Carrefour,Carrefour,
32500005,TotalEnergies,TotalEnergies,TotalEnergies,
51000013,TotalEnergies,TotalEnergies,RELAIS ST THIEBAUT,
75015030,BP,BP,British Petroleum,
80170001,Intermarché,Intermarché,,
39100013,Intermarché,Netto,,
39120003,Avia,Avia,,
83480005,E.Leclerc,Station Service E. Leclerc,E. Leclerc,
42100020,Station U,La Station U,,
31200009,TotalEnergies,TotalEnergies,,
33133003,TotalEnergies,TotalEnergies,TotalEnergies,
33320003,Intermarché,Intermarché,Groupement des Mousquetaires,
33240014,TotalEnergies,TotalEnergies,TotalEnergies,
31620007,FAL Distri,FAL Distri,FAL Distri,
28330003,Proxi,Proxi,,
36250007,TotalEnergies,TotalEnergies,,
33700002,Auchan,Auchan,,
77280001,Intermarché,Intermarché,Groupement des Mousquetaires,
95170001,BP,BP,BP,
95260003,TotalEnergies,TotalEnergies,Relais des ciments,
62100002,TotalEnergies,Total,Total,
62100027,TotalEnergies,Total,SARL HOTEL DE VILLE,
67850002,Avia,Avia,,
67410002,Avia,Avia XPress,,
86350001,Total,Total,Usson Garage 86,
31520007,Avia,Avia,,
8170005,TotalEnergies,Total,Total,
42190006,Carrefour Market,Carrefour Market,,
63119001,TotalEnergies,TotalEnergies Contact,Garage Chateaugay Autos,
60590003,TotalEnergies,TotalEnergies,,
81100004,Esso Express,Esso Express Miredames,Esso,
22600008,Intermarché,,,
82100003,TotalEnergies,TotalEnergies,Relais Saint Jean,
33370005,Intermarché,Intermarché,Groupement des Mousquetaires,
33760002,Carrefour,Carrefour,Carrefour,
33730002,,Aire C,,
31130008,Total Access,Total Access Balma,Total,
64330001,Intermarché,Intermarché,Groupement des Mousquetaires,
59111001,Carrefour,Carrefour,,
31220001,Super U,Super U,Super U,
69007012,Avia,Avia,,
50350003,Netto,Netto,,
40230006,Leader Price,,,
62260002,Carrefour,,,
59460001,Carrefour,Carrefour Market,,
49123002,,JSE station,,
71000026,TotalEnergies,TotalEnergies,,
71460004,TotalEnergies,Total,,
71290003,Netto,Netto,,
71640004,Intermarché,Intermarché,,
49700002,Total,Total,Total,
49160001,Station U,Super U,Super U,
49350001,Super U,Super U,,
49630004,Super U,Super U,,
49400004,Intermarché,Intermarché,Groupement des Mousquetaires,
49150002,TotalEnergies,Total Access,,
49800002,Super U,Station U,,
21000027,TotalEnergies,Total,SARL TAB,
7800007,Netto,Station-service Netto,,
49330001,Système U,Station U Châteauneuf-sur-Sarthe,,
78140010,Esso,BP,,
62100016,Intermarché,Intermarché,,
91700005,Total Access,Total Access,Total,
80100010,Total Access,Total Access,,
11100008,Esso,Esso Croix Sud Est,,
83340005,Intermarché,Intermarché SUPER - Le Cannet des Maures,Groupement des Mousquetaires,
83340011,TotalEnergies Access,TotalEnergies Access - RELAIS DU CANNET,Total,
44522002,Super U,Super U,Super U,
38150005,Intermarché,Intermarché Chanas,Groupement des Mousquetaires,
6700006,,,Total,
66400004,Intermarché,Intermarché,Groupement des Mousquetaires,
28130002,Super U,Super U,Super U,
24330007,Total,Esso,Esso,
9100003,TotalEnergies,Total,,
70000007,Intermarché,Intermarché,,
76370006,Intermarché,Intermarché,Thimont,
80420003,Super U,Super U,,
76191001,E.Leclerc,E. Leclerc,Yvetodis,
62170003,E.Leclerc,Station Service E.Leclerc,E. Leclerc,
27210003,Intermarché,Intermarché,,
59278003,Intermarché,Intermarché,,
2100012,Carrefour,Carrefour Saint-Quentin,,
49300014,Esso Express,Esso Express,Esso,
27700007,Carrefour Market,Carrefour Market,,
92120004,Esso,Esso,,
60110002,Auchan,Auchan,Auchan,
24470001,Auchan,U Station,,
34280006,Système U,Station U,Système U,
22710001,Carrefour Market,Carrefour Market,,
89140001,Avia,Avia,,
49490001,Intermarché,Intermarché,,
55110002,TotalEnergies,Total,Commune de Consenvoye,
6110011,E.Leclerc,E. Leclerc,,
34790005,,Station Grabels,,
33380006,TotalEnergies,Total,,
27700004,Intermarché,Intermarché,,
88650005,Intermarché,Intermarché,,
33680006,Intermarché,Intermarché,,
54470003,TotalEnergies,Total,,
45480003,TotalEnergies,Total,Sarl Jd Auto,
76700007,TotalEnergies,Total Access,,
18130002,Super U,Super U,Groupement des Mousquetaires,
80270003,TotalEnergies,TotalEnergies,,
85000001,Système U,Station U,,
17230004,Intermarché,Intermarché,,
85210007,Avia,Avia,,
95470009,Esso,Esso,,
81350001,,Candeo Sarl,Candeo Sarl,
15130005,TotalEnergies,TotalEnergies,,
77260013,Eni,Eni,,
55210003,Intermarché,Intermarché Contact,,
62400002,Carrefour,Carrefour,,
39160001,Système U,Station U,,
62130004,E.Leclerc,E. Leclerc,,
38490006,TotalEnergies,TotalEnergies,,
60280001,Carrefour,Carrefour,Carrefour,
60200008,,Station service Intermarché,,
74150002,Système U,La Station U,Hyper U,
9000006,E.Leclerc,E. Leclerc,,
59243002,Intermarché,Intermarché,,
31700007,Netto,Netto,SA Garauto,
59139001,Carrefour,Carrefour,Carrefour,
79210001,Intermarché,Intermarché,Intermarché,
29143001,Intermarché,Intermarché,Intermarché,
13440005,,Distrifioul Provence,,
27500005,Netto,Netto,,
66130002,Station U,Station U,Super U,
76430006,Total,TotalEnergies Access,,
33720001,Station U,Super U - La station (Podensac),Super U,
28700001,Auchan,Auchan,Auchan,
13440002,Intermarché,Intermarché,,
28310002,TotalEnergies,TotalEnergies,Total,
76330003,Esso,Esso,,
56700007,E.Leclerc,Station Service E.Leclerc,,
49510001,G20,G20,G20,
12360001,Intermarché,Intermarché,Groupement des Mousquetaires,
66820001,Intermarché,Intermarché,Groupement des Mousquetaires,
62930001,Intermarché,Intermarché,Groupement des Mousquetaires,
43230002,Intermarché,Intermarché,Groupement des Mousquetaires,
88700001,Match,Match,Match,
54540003,Independent,,SAS Guenaire,
12400003,Intermarché,Intermarché,,
64120005,E.Leclerc,Station Service E.Leclerc,Groupement des Mousquetaires,
59132001,Intermarché,Intermarché,Groupement des Mousquetaires,
74200014,Intermarché,Intermarché,Groupement des Mousquetaires,
42600001,Carrefour Market,Carrefour Market,Carrefour,
73140008,Eni,Eni,Eni,
73182003,Eni,Eni,Eni,
71700009,Eni,Eni,Eni,
73300002,Eni,Eni,Eni,
74000021,Eni,Eni,Eni,
71230003,TotalEnergies,Total,Total,
70300011,Eni,Eni,Eni,
69390007,Eni,Eni,Eni,
69400007,Eni,Eni,Eni,
69190009,Eni,Eni,Eni,
59480002,Intermarché,Intermarché,,
6500010,Esso,Esso,,
6750002,,Station Girardin,,
65220002,Intermarché,Intermarché,,
36600002,Intermarché,Intermarché,,
69380014,TotalEnergies,Total,Total,
35135002,Intermarché,Intermarché,Intermarché,
57000005,TotalEnergies,Relais Saint-Symphorien,Total,
29490002,Super U,Super U,Super U,
11480007,Avia,Avia,,
33930004,TotalEnergies,Total,,
95290001,Carrefour,C. C. Carrefour,Carrefour,
95310010,BP,,,
87350004,Netto,Netto,Netto,
38220003,,Station Mousquetaires,,
68520011,Eni,Eni,,
4360001,Total Contact,Total Contact,,
4190001,Intermarché,Intermarché,Groupement des Mousquetaires,
4204001,Station U,Super U,,
4130005,Total,Total Aire de Manosque,Total,
4300002,Esso,Esso,,
4100009,Independent,Station des Glycines,Ets Garcin Frères,
4210006,Utile,Utile,,
4400004,,Relais des Terres Neuves,,
4120002,,Proxi,,
4700003,Carrefour,Station Carrefour Market,,
4130004,TotalEnergies,Relais de Volx,,
88100005,Intermarché,Intermarché,,
13630003,,Astouin,,
64270002,Carrefour,Carrefour,,
49800003,Système U,Trélazé Pyramide,,
59500005,Carrefour Market,Carrefour Market,Carrefour Market,
67800014,Eni,Eni,,
76700004,Elan,Elan,,
1360002,Total,Total Energies,,
76800003,Intermarché,Intermarché Super,,
27670005,TotalEnergies,Total Contact,,
16330003,Coop,Coop,Coop,
47500010,U,U Express,,
27400010,Total,Total,Garage du Carbonnier,
13170010,,L.R.D.P.,,
21360006,Fulli,Fulli,,
75012005,TotalEnergies,TotalEnergies,,
95460003,TotalEnergies,TotalEnergies Contact,,
44370008,TotalEnergies,TotalEnergies,,
62370001,,Station-service Carrefour,,
2140005,E.Leclerc,E. Leclerc,,
2140006,E.Leclerc,E. Leclerc,,
62220003,Intermarché,Station Intermarché,Groupement des Mousquetaires,
52120003,Esso,Esso,,
85440003,Système U,Station U,,
80220001,Total,Total,Sarl Frederic,
83170009,Dyneff,,Auto Primo,Station Service Valbelle
69007008,TotalEnergies,Total Access,,
83790001,Carrefour,Carrefour,,
83510004,Total,Total,,
83240001,Carrefour,Carrefour Market,,
83350001,Total,Total Contact,,
13260002,TotalEnergies,Relais Sainte-Croix,,
13620002,Independent,Abel,,
13013018,Casino,Casino Marseille Delprat,,
13370003,Intermarché,,Groupement des Mousquetaires,
84200008,Independent,Relais de la Mède,,
84000023,Carrefour,Carrefour,,
84310004,Esso,Esso,,
5200007,Avia,Avia,,
13590004,Intermarché,Intermarché,,
13410004,Carrefour Contact,Carrefour Contact,Carrefour,
13660002,Independent,Campus,,
13610001,Esso,Esso,Total,
44340005,Total Access,Total Access,Total,
80120003,Carrefour,Carrefour,Carrefour,
59141002,Carrefour Contact,Carrefour Contact,,
84510001,Système U,Super U,,
63660001,,Station Service Intercommunale,,
84300011,TotalEnergies,TotalEnergies,Total,
84200012,Esso,Esso,,
84170002,,Station service SARL Bernaud,,
30330001,Carrefour Market,Carrefour Market,Carrefour Market,
84000008,Esso Express,Esso Express Croisière,,
84130012,Système U,Station U,,
13750005,Total,Total,,
84100006,Total,Total Contact,,
30130016,Pont Cassé,Pont Cassé,,
30130014,Intermarché,Intermarché,,
13710001,TotalEnergies,,,Total Fuveau
13100013,Total Access,Total Access - Relais des Milles,Total,
13545001,Carrefour,Carrefour,Carrefour,
13090017,TotalEnergies,Total Access,,
83490004,Dyneff,G Carburant,BP,
83670002,,,Intermarché Barjols,
13013019,Intermarché,Intermarché,,
84250002,,Peugeot Durance Auto,,
5160001,U,Station service Super U,Super U,
5120002,Carrefour,Carrefour,,
5260001,Total,Total Chabottes,Ranguis J.P.,
13770002,Intermarché,Intermarché,Groupement des Mousquetaires,
13650003,Avia,Avia,Avia,
84240001,Total,Total,Total,
13090018,TotalEnergies,,,
13100013,,,,
13120009,,Relais de la Garde,,
30127001,Carrefour Market,Carrefour Market,,
13200013,,Genevez Auto Station,,
13500011,TotalEnergies,Total,,
30200003,TotalEnergies,TotalEnergies,,
30330003,Intermarché,Intermarché,,
26700001,TotalEnergies,TotalEnergies,,
26250001,Eni,Eni,,
26450003,,Natura' Pro Cooperative,,
26450002,Système U,Station U,,
84190001,Avia,Station AVIA,,
84000020,Total Access,Total Access,Elf,
13570001,Intermarché,Intermarché Contact,,
27150001,Carrefour,Carrefour Market,,
26790005,Intermarché,Intermarché,,
26100009,Avia,Avia Xpress,Avia,
30000021,TotalEnergies,Relais pont de justice,,
43600002,Carrefour,,,
12170001,Carrefour Contact,Carrefour Contact,,
42152007,Eni,Eni,,
29000012,Total Access,Relais Quimper Sud,,
89110001,Super U,Super U,Super U,
37800006,Total,Relais Total Sainte-Maure-de-Touraine,Total,
14800005,E.Leclerc,Station Service E. Leclerc,,
5100004,,,,
30300003,Carrefour,Carrefour,,
84310003,,Doulmet,,
84100005,Intermarché,Intermarché,Groupement des Mousquetaires,
13750003,Esso,Esso,,
30200004,Intermarché,Intermarché,Groupement des Mousquetaires,
5000018,Total,,Total,
5260002,,Pellegrin produits pétroliers,,
13620004,Total,Total,,
13500014,Esso,Esso,,
13800009,Avia,,SARL Sud Auto 2000,
30320008,TotalEnergies,TotalEnergies,,
49300009,Intermarché,Intermarché,Intermarché,
53000009,TotalEnergies,Pont de Paris,,
30400001,Carrefour Market,Carrefour Market,Carrefour,
84000001,Carrefour,Carrefour,Casino,
13180001,,Station Super 2000,,
71400011,E.Leclerc,Station service E. Leclerc,,
18160001,Carrefour,Carrefour,,
83400003,Eni,BP,,
83210006,K9,K9 La Farlède,,
83130007,,,,
83590001,Intermarché,Intermarché,,
13390002,Intermarché,,Intermarché,
84120008,Esso,,,
5300005,Esso Express,Esso Express,,
4800001,Total,Total,Total,
13750006,U,U Express,,
13880002,Intermarché,Station service,Intermarché,
13130002,Carrefour Market,Carrefour Market Berre l'Étang,,
45420002,U,Station-service Super U,Super U,
7400005,Netto,Netto,Les Mousquetaires,
59300025,Carrefour,Carrefour,,
24250003,TotalEnergies,TotalEnergies,,
44530003,Super U,Super U,Super-U,
81600003,Intermarché,Intermarché,Groupement des Mousquetaires,
16110006,E.Leclerc,E. Leclerc,,
86370001,Super U,Station U,,
38100003,Esso,Esso,,
30100018,Esso,Esso,,
53002001,Carrefour,Carrefour,Carrefour,
63380003,Auchan,Auchan,,
59770002,Carrefour,Carrefour Market,,
30150001,,Station Servoz,,
63250001,,Station intercommunale de Chabreloche,,
60000017,TotalEnergies,Total Access,,
89290008,Esso,Station Service Vincelloise,Esso,
6640002,U,U Express,,
6910002,,Proxi,,
6600007,Avia,Avia,AVIA,
6600027,Intermarché,Intermarché,Intermarché,
6800018,Total,Total,Total,
6200027,Total Access,Relais Sainte-Marguerite,,
6200033,Total,Total Grand Soleil,,
6620001,,Station-service communale,,
83160001,Carrefour,Carrefour Grand Var,,
13600005,Carrefour,Carrefour,,
13600015,TotalEnergies,TotalEnergies,,
13400015,Total Access,Station Service des Paluds,,
13790003,Avia,Avia,,
13090020,Eni,Eni,,
13090021,Auchan,Auchan,,
6600001,Carrefour,Carrefour,,
83120002,Carrefour Market,Sainte-Maxime / Mermoz,,
83500008,Avia,Avia Eurl Marina,,
13790005,Shell,Shell,,
13180001,Eni,Eni,Eni,
13741001,Carrefour,Station Service Carrefour,Carrefour,
5700002,,Les Chambons,,
13170011,Total,Relais Mirabeau,,
36140003,TotalEnergies,Total,Tisseron,
13240002,,Relais du 8 Mai,,
13220003,Carrefour,Carrefour,,
84800004,TotalEnergies,Total,,
84300013,,Campus,,
13660005,Intermarché,Intermarché,,
84300003,TotalEnergies,TotalEnergies,,
13220004,Carrefour Contact,Carrefour Contact,,
84440001,Avia,Avia,,
18170001,Système U,Station U - Poids Lourds,,
74960013,Eni,Eni,,
26270009,Dyneff,Dyneff,Dyneff,
26400007,TotalEnergies,TotalEnergies,,
26000005,TotalEnergies,TotalEnergies,,
6650003,Avia,,Avia,
78000016,Esso,Esso,,
13002007,Avia,Masorea Avia,,
13008001,Casino,Casino,,
13014010,Avia,Avia,,
13170008,Independent,Relais des Cadeneaux,,
83870001,Avia,Avia,,
13011022,Intermarché,Intermarché,,
83330007,Avia,Avia,,
13011026,Auchan,Auchan,Auchan,
13000003,,Station Dorgelès,,
13015020,Eni,Eni,Eni,
13009009,Avia,Station Avia,Avia,
13011017,Total,Relais Total de La Mazenode,Total,
13016008,TotalEnergies,Total Access,Elf,
13008017,TotalEnergies,Total Access,,
13012025,Esso,Esso Marseille Saint-Barnabé,,
13012029,Intermarché,Intermarché,,
84400004,,,Intermarché,
13009008,TotalEnergies,TotalEnergies,,
13010011,TotalEnergies,TotalEnergies,Total Acces,
13008014,Avia,,,
13000003,,,,
13740003,Auchan,,,
13011026,Auchan,Auchan,Auchan,
13011023,,Station La Millière,,
13210002,Intermarché,,Groupement des Mousquetaires,
84360004,Avia,Avia,,
13370006,Intermarché,Station du Moulin Pont-Royal,,
13140005,Intermarché,Intermarché,,
84340002,Elan,,,
84200010,Super U,Super U Carpentras,,
61700004,TotalEnergies,Total Contact Domfront,,
93600006,Intermarché,Intermarché,Groupement des Mousquetaires,
56700009,Esso,Esso,,
31400008,Dyneff,,,
76200002,Esso Express,Esso Express,,
36120001,Avia,Avia,,
57170002,Esso Express,Esso Express,,
14310002,TotalEnergies,Total,Total,
25720002,Avia,Avia,Avia,
45190014,E.Leclerc,E. Leclerc,,
60800009,Monoprix,Monoprix,Groupe Casino,
79000001,Carrefour,Carrefour,,
20166005,Vito,Relais de la Tour,,
6201001,Carrefour,Carrefour,Carrefour,
6000007,Avia,Avia,Avia,
6610005,Carrefour Contact,Carrefour Contact,,
13340005,Shell,Shell,,
23300010,Shell,Shell,Shell,
77290003,Shell,Shell,Shell,
16700009,Shell,Shell,Shell,
50420001,Shell,Shell,Shell,
3400005,Shell,Shell,,
73500006,Shell,Shell,Shell,
35590004,Shell,Shell,Shell,
38670002,Shell,Shell,,
45770003,Shell,Shell,,
59817002,Shell,Shell,,
68390002,Shell,Shell,Real Sarl,
10150003,Shell,Shell,Shell,
79230004,Shell,Shell,,
89190008,Shell,Shell,,
62630006,Shell,Shell,,
42440011,Shell,Shell,,
62231001,Shell,Shell,,
67116003,Shell,Shell,,
13100006,Esso Express,Esso Express,,
59216002,Carrefour,carrefour contact,,
85680001,Intermarché,Intermarché,,
6220006,E.Leclerc,Station Service E. Leclerc,Leclerc,
83340010,TotalEnergies Access,Relais Le Luc Les Liebauds,,
86200005,E.Leclerc,Station Service E. Leclerc,E. Leclerc,
36250006,E.Leclerc,Station Service E. Leclerc,E. Leclerc,
7130005,Total,Total Contact,,
6700008,,Station Auto Espace Azuréen,,
57600015,TotalEnergies,Total Relais Forbach,Total,
57200001,TotalEnergies,Total,,
68000006,TotalEnergies,Station Mulat,Total,
68000019,TotalEnergies,Relais des Cigognes,Total,
76400010,TotalEnergies,TotalEnergies,,
22590001,Intermarché,Intermarché,,
54480001,Carrefour Contact,Carrefour Contact,,
15000008,Intermarché,Intermarché,,
47800003,Netto,Netto,,
11800003,Intermarché,Intermarché,,
76600012,TotalEnergies,Total,,
92240001,Avia,Avia,Avia,
45190015,E.Leclerc,E.Leclerc,,
76600001,Carrefour Market,Carrefour Market,Distrival,
2300002,Carrefour,Station Carburant Carrefour,,
2100018,D.M. Combustibles,,,
62470006,TotalEnergies,Total,SARL JMV,
62450004,E.Leclerc,E. Leclerc,,
24150005,Intermarché,Intermarché,,
63580001,,,,
4200011,Avia,Avia Aubignosc,,
38470004,Super U,Super U,Système U,
70000010,E.Leclerc,E. Leclerc,E. Leclerc,
7400006,Intermarché,Intermarché,,
6260001,TotalEnergies,TotalEnergies,,
75012020,Total,Relais de Bercy,,
33830001,Système U,Système U,Super U,
26700002,Intermarché,Bricocash Mousquetaire,INTERMARCHE,
5000008,Intermarché,Intermarché,Groupement des Mousquetaires,
5600005,Intermarché,Intermarché,,
5600002,Intermarché,Intermarché,,
5230003,Intermarché,Intermarché,,
84290001,Système U,Système U,,
84550005,E.Leclerc,Leclerc,Leclerc,
84100009,TotalEnergies,TotalEnergies,,
63150002,Intermarché Super,,,
6660003,TotalEnergies,TotalEnergies,,
74600015,TotalEnergies,Total,Total,
78730001,Auchan,Auchan,,
78630011,TotalEnergies,TotalEnergies Access,,
76620002,Carrefour,Carrefour,,
12400006,Super U,Super U,Super U,
36000001,Auchan,Auchan,Auchan,
91640003,Total,Relais Total De Chanteraine,Total,
1250004,Avia,Avia,Avia,
38240003,Carrefour,,Carrefour,
31700005,E.Leclerc,Station Service E. Leclerc,,
38170004,Total,Total Access,,
62230003,E.Leclerc,Station Service E. Leclerc,E. Leclerc,
1500006,Total,Total,,
16320003,Super U,Super U,Super U,
11100015,,Super U,,
13130005,Dyneff,Le nouveau relais de Berre,,
89200003,Avia Xpress,Avia,Auchan,
39210001,AVIA,AVIA Xpress,AVIA,
38380002,Dyneff,,,
42310001,Avia XPress,Avia XPress,,
71850004,Avia Xpress,,,
13340004,Dyneff,Dyneff,,
65330001,Dyneff,Dyneff,,
47550009,Avia,Avia,,
89450002,,Rousseau Carburant,Rousseau Carburant,
38890002,Carrefour,,,
84160003,,Station Laurent,Sarl Fuel & Station Laurent,
84140006,TotalEnergies,TotalEnergies,,
84000017,,La Durance,,
84000021,TotalEnergies,Total Access,,
84130010,TotalEnergies,Relais Total de l'Oseraie,Total,
84600002,Intermarché,Intermarché,,
34290003,Shell,Shell,Shell,
34360002,Intermarché,Intermarché Contact,Groupement des Mousquetaires,
14130007,Total Access,Total Access,,
69250009,TotalEnergies,TotalEnergies,,
67200012,TotalEnergies,Relais Total De Cronenbourg,Total,
78390005,TotalEnergies,Total,Total,
78680004,Total Access,Total Access,,
78150013,Total Access,Total Access,Elf,
78690003,Total Access,Station Total,Elf,
78200012,Total Access,Relais Total De La Ville Jolie,Total,
67480001,TotalEnergies,Total Contact,Total,
67700011,TotalEnergies,Total Access,,
44360009,Total,Total,,
67840002,TotalEnergies,TotalEnergies,Garage Laas,
67390003,TotalEnergies,Total,,
67190009,TotalEnergies,Total Access,Total Access,
78380004,TotalEnergies,Total Access,Total,
67120004,TotalEnergies,Total,Shell,
78100002,Total,Total,,
78175001,TotalEnergies,Total,,
44210004,Total,Station Service Route Bleue,Peugeot,
67600010,TotalEnergies,Total,,
78680002,TotalEnergies,Total,,
78700003,Total,,Total,
44220003,Total,Total,Total,
78340005,Total,Total,Total,
67460001,TotalEnergies,Total,Total,
67800011,TotalEnergies,Total,,
44190002,Total,Total,,
67110002,TotalEnergies,Total,,
44140006,Total,,,
78520004,Total,,,
78410004,Total,Total Aubergenville,,
44190004,TotalEnergies,Total,Total,
67220005,TotalEnergies,Total,,
78130011,TotalEnergies,TotalEnergies Access,,
78550009,TotalEnergies,Total Access,,
78150012,TotalEnergies,Total,Total,
44600009,Total Access,Total Access,Total,
44160006,Total,Total Contact,,
67310004,TotalEnergies,Total Access,Total,
78480004,TotalEnergies,TotalEnergies,,
67200011,TotalEnergies,Total,Total,
67580001,TotalEnergies,Total,,
78300011,Total,Total,,
44420004,Total,,,
67210004,TotalEnergies,Relais Total De L'ehn,Total,
44170002,Total,Total Contact,,
44290002,TotalEnergies,Total Contact,SARL VIVIEN,
67500005,TotalEnergies,Total,Total,
44120005,Total Access,Total Access,Total,
44000010,TotalEnergies,Total Access,Total,
67112002,TotalEnergies,Total Contact,Total,
38530001,Système U,Système U,Super U,
63240001,Total,Total,,
57000025,Eni,Eni,,
58700002,Carrefour,,,
7320004,Carrefour,Carrefour Contact,Carrefour,
26100010,Avia,Avia,SARL ROMTIN,
26260002,Netto,Netto,Netto,
26100001,Système U,Station U,,
26420001,Comptoir Énergie,Comptoir Énergie,Communauté des communes du Vercors,
26540001,Carrefour,Carrefour,Carrefour,
26120004,Intermarché,Station Intermarché,,
26300010,Système U,Station U,,
26300016,Utile,Utile,,
7700004,Intermarché,Intermarché,,
30490002,Intermarché,Intermarché,,
30490002,,,,
23000004,Avia,Station Avia,Avia,
52200012,Avia,Station Avia,Avia,
15000012,Avia,Station Avia,Avia,
69360019,Avia,Avia,Avia,
69003012,Avia,Avia,Avia,
69500011,Avia,Avia,Avia,
74440002,Avia,AVIA,AVIA,
11480008,Avia,Avia,,
52150001,Avia,Avia,Avia,
69210009,Avia,Avia,Avia,
48100002,Avia,Avia,,
69160005,Avia,Avia,,
48400003,Avia,,AVIA,
87160007,Avia,Avia,DROCHON AUTOMOBILES,
21330001,Avia,Avia,,
48200003,Avia,,,
21600008,Avia,Avia,,
39000004,Avia,Avia,Avia,Station La Montagne
73610002,Avia,Avia,Avia,
71110003,Avia,Avia,Garage Christophe Janin,
25420005,Avia,Avia,,
71250004,Avia,Avia,,
71500007,Avia,Avia,,
52400002,Avia,Avia,,
39200007,Avia,Garage Parisi Claude,Avia,
1230002,Avia,Avia,,
52600001,Avia,Avia,,
21510001,Avia,Avia,,
15700001,Avia,Avia,,
19200002,Avia,Avia,,
23300007,Avia,,,
87320001,Avia,Garage Duplacieux,,
13890000,Independent,Station du Vallat,,
21220008,Avia,Avia,,
46300009,Avia,Avia,,
46300007,Avia,Avia,,
87100012,Avia,,,
19340003,Avia,,,
73400005,Avia,,,
25110005,Avia,Avia,,
25430003,Avia,Avia,,
19550001,Avia,Avia,,
15000018,Avia,Avia,,
71710004,Avia,Avia,,
16480001,Avia,Avia,,
71210011,Avia,Avia,,
74270007,Avia,Avia,,
83670001,,,BP,
83910002,Carrefour Contact,Carrefour Contact,,
83170002,Avia,Avia,Avia,
83830002,Avia,Avia,,
83780002,Avia,Garage Cotton JM,,
83840001,,Station Service Communale,,
83570003,Avia,Pravaz,,
88650004,TotalEnergies,Total,Total,
26230002,Intermarché,Intermarché,,
79000012,Esso Express,Esso Express,,
72150002,Intermarché,,,
22200005,TotalEnergies,Guingamp services,,
25640007,TotalEnergies,Relais Total De Marchaux,Total,
68140002,Total,Total,Total,
78710004,BP,BP,,
29900004,Intermarché,,,
93270008,Esso,Esso,,
93600019,Esso,Esso,,
70700003,,Garage Bobillier,,
21400005,Intermarché,Intermarché,Groupement des Mousquetaires,
87300002,Total,Esso,Esso,
21000022,Avia,Avia,Avia,
23200001,Carrefour,Carrefour,Carrefour,
23500002,Intermarché,Intermarché,Groupement Les Mousquetaires,
79500005,Intermarché,Intermarché,Groupement des Mousquetaires,
33290004,Intermarché,Intermarché,Groupement des Mousquetaires,
17410002,Intermarché,Intermarché,Groupement des Mousquetaires,
33700012,Intermarché,Intermarché,,
16260002,Intermarché,Intermarché Super,Groupement des Mousquetaires,
16430004,Intermarché,Intermarché,,
16600001,Intermarché,Ruelle,,
87270005,Intermarché,Intermarché,,
87250001,Intermarché,Intermarché Bessines-sur-Gartempe,Groupement des Mousquetaires,
85400006,Intermarché,Intermarché,,
85210010,Intermarché,Intermarché,Intermarché,
79360001,Intermarché,Intermarché,,
87380002,Intermarché,,,
11310001,,Carrefour Express Le Carburant,,
87500007,Intermarché,Intermarché,,
84330005,Carrefour,Carrefour,cavaille Etienne,
44740002,Avia,Avia,,
45250001,Carrefour,Carrefour,Carrefour,
45120008,Carrefour,Carrefour,Carrefour,
43360004,Avia,Avia PL,,
63320002,,Station Vigouroux,,
63340001,Super U,Super U,,
63540002,Total Excellium,Total Excellium,,
63140001,Total,Total,,
42430001,Carrefour,Carrefour,,
42170002,Intermarché,Intermarché,,
42510005,,Netto,,
42640002,,Petrol N7,,
43320002,Carrefour Contact,Carrefour Contact,,
42650001,Esso,Esso,,
27620002,Intermarché,Intermarché Super,Groupement des Mousquetaires,
39500010,Intermarché,Netto,,
52500003,Intermarché,Intermarché,,
92110010,Total Access,Total Access Pont de Clichy,Total,
92300013,ESSO,ESSO,,
77870002,Auchan,Auchan,,
77460005,Auchan,Auchan,,
50260004,TotalEnergies,Total,,
3390005,Avia,Avia,,
87120003,TotalEnergies,TotalEnergies,,
56550002,Total,Total,,
44370009,TotalEnergies,TotalEnergies,,
44380001,Carrefour,Carrefour,,
5220001,E. Leclerc,E. Leclerc,,
5240003,Avia,Avia,Avia,
16110004,Total,Station AVIA,AVIA,
1220001,Carrefour,Carrefour,Carrefour,
85480001,Total,,,
79310001,Total,Total,SARL MARTIN SERVICE AUTO,
87600003,Avia,Avia,,
48200008,Avia,Avia,,
21190006,TotalEnergies,Relais Beaune Tailly (VL),TotalEnergies,
1200003,Carrefour,Carrefour,,
66380001,Esso,Esso,,
66000020,Total Access,,,
83320002,,ravitaillement carburant du port,,
69500008,TotalEnergies,Total Access,Total,
13012029,Renault,Renault,,
14500013,U,U Express,,
52100016,TotalEnergies,TotalEnergies,,
52100015,TotalEnergies,TotalEnergies,,
74450001,Total,Total Contact,,
40140005,,Netto,SAS SOSTODIS,
5000019,Intermarché,GAP GPL 24/7 OBBLIGATORIO,Intermarché,
86150002,Intermarché,Intermarché,Groupement des Mousquetaires,
86160002,Intermarché,Intermarché,Groupement des Mousquetaires,
86530001,Intermarché,,,
48200005,Système U,,,
81170001,TotalEnergies,Total,,
66330002,Intermarché,Intermarché,Intermarché,
87280008,TotalEnergies,Relais Total Access Limoges Grossereix,,
80210002,TotalEnergies,TotalEnergies,SA GARAGE DU VIMEU,
76371001,Auchan,Auchan,,
67600009,,,,
18250002,Intermarché,Intermarché,Groupement des Mousquetaires,
36500005,Carrefour,Carrefour Market,,
3630004,Carrefour,Carrefour Market,,
3380002,Intermarché,Intermarché Contact,,
18390005,Elan,Elan,,
36150006,Fulli,Fulli,Fulli,
7300001,Carrefour Market,Carrefour Market,,
7430005,Intermarché,Intermarché,Intermarché,
7210001,Avia,Avia,,
57402001,E.Leclerc,Station service E. Leclerc,E. Leclerc,
17740001,Total,Total,,
90400001,Carrefour,Carrefour,,
10120006,Avia,Avia Xpress,,
18600003,Intermarché,Intermarché Super,Groupement des Mousquetaires,
86100015,Intermarché,Intermarché,Groupement des Mousquetaires,
63300005,Intermarché,Intermarché,Groupement des Mousquetaires,
63300002,TotalEnergies,Total,,
63120003,,,Lorenzini-Adam,
63120004,,Pireyre & Pascal energy,Pireyre Fuel,
53700001,U,U La Station,Super U,
37000011,Esso,Esso,,
61000005,Esso Express,Esso Express,,
35390001,U Express,La Station U,,
35400006,Carrefour,Carrefour,,
25800002,E.Leclerc,Station Service E.Leclerc,E. Leclerc,
17150001,Super U,Super U,,
80190001,Total,Total,,
17130003,Total,Total,,
78000019,TotalEnergies,TotalEnergies,TotalEnergies,
84107001,Carrefour,Carrefour,,
31200002,TotalEnergies,Total,Total,
38520005,,Intermarché,,
33680001,Total Access,Total Access,,
14600004,Intermarché,Intermarché,Intermarché,
44350001,Carrefour Market,Carrefour Market,,
70000009,E.Leclerc,E. Leclerc,E. Leclerc,
71670001,E.Leclerc,E. Leclerc,,
44300015,Total,Total Petit Hermitage,SARL Madouas,
91380012,Intermarché,Intermarché,Groupement des Mousquetaires,
41600001,Carrefour Market,,,
43500001,TotalEnergies,Total,,
85190003,Avia,Avia,,
14130010,Avia,Avia,,
47000010,Avia,Avia,Avia,
59500010,Avia,Avia,,
22440004,Avia,Station des Châtelets,Avia,
13320009,Avia,Relais de Provence,,
42370001,Avia,Avia,SARL GB Autos,
51470001,Avia,Garage Pingy,Avia,
44590002,Avia,Avia Brétéché,Avia Brétéché,
76300007,Avia,Avia,Albik SARL,
31400002,Avia,Avia,Avia,
50340001,Avia,Avia,,
94160001,Avia,Avia,,
37290001,Intermarché,Intermarché,Groupement des Mousquetaires,
40260008,Avia,Avia,,
69800016,TotalEnergies,TotalEnergies,Total Market,
51400011,Total,Station Total,Total,
51400010,Total,Station Total,Total,
78700001,Auchan,Auchan,Auchan,
63610001,Auchan,Auchan Supermarché,Auchan,
63122001,Esso,Esso,,
63170007,Eni,Eni Express,,
63170001,Auchan,Auchan,,
63800005,Intermarché,Intermarché,Groupement des Mousquetaires,
63800004,TotalEnergies,Total,,
63800002,Auchan,Auchan supermarché station,Auchan supermarché,
43100004,,Garage Delmas,,
76210001,Carrefour,,Carrefour,
76210009,Avia,Avia,Albik SARL,
49600004,Intermarché,Intermarché,Groupement des Mousquetaires,
17130004,Intermarché,,,
16200003,Intermarché,,,
79370001,Intermarché,Intermarché,Groupement des Mousquetaires,
33160003,Intermarché,,Intermarché,
85490001,Intermarché,Intermarché,Groupement des Mousquetaires,
33700025,Auchan,Auchan,,
38360006,TotalEnergies,,,
76000014,Total,Total,Shell,
77700003,Esso,Esso,,
69400008,E. Leclerc,Station service E. Leclerc,E. Leclerc,
16100005,Avia,Avia,,
26260001,Super U,Super U,,
26190001,,Garage Magnan,Garage Magnan,
26380001,Agip,,,
26750001,E.Leclerc,Station service E. Leclerc,E. Leclerc,
45410001,Intermarché,Station Service Intermarché,Intermarché,
15500003,Intermarché,Intermarché Super,Groupement des Mousquetaires,
78980002,Total,Total,,
78320001,Total Access,Total Access,,
78310007,TotalEnergies,TotalEnergies,Total,
44000005,TotalEnergies,TotalEnergies,Total,
44100005,TotalEnergies,Total,Total,
44570006,Total Access,Total Access,Total,
44470006,Total Access,Total Access,Total,
44800008,Total Access,Total Access,Total,
44400005,TotalEnergies,Total Access,Total,
67340001,TotalEnergies,TotalEnergies,SARL GGE Stehly,
78290003,Total,,Total,
78280004,Total Access,Relais Les Saules,Total,
78360004,Total Access,TotalEnergies Access,,
78630010,Total Access,TotalEnergies Access,,
67120002,Total,Total,,Total
67590002,TotalEnergies,Station Total Garage Carlen,Total,
44300016,Total Access,Total Access,Total,
34220001,Super U,Super U 24/24,,
26730001,Total,Total,Total,
7470001,,,,
83570002,Intermarché,Intermarché,,
83170014,Auchan,Auchan,,
78540001,Carrefour Market,Carrefour Market,,
91100014,TotalEnergies,TotalEnergies,,
59710007,TotalEnergies,Total Access,,
69410007,TotalEnergies,Total Access,,
59000020,Total,Total,,
59160006,TotalEnergies,Total Energies,,
20240003,Total,,Total,
20224001,Total,Total,Total,
20145004,TotalEnergies,Relais de Bavella,,
20213007,TotalEnergies,Total,Total,
20600003,TotalEnergies,Total,,
20250002,TotalEnergies,TotalEnergies,,
59200008,Total,Total,,
20230011,Total,Total,Total,
69190012,TotalEnergies,Total Energies,Total Energies,
20290002,Total,Total,,
59700008,Total,Total,,
20290003,TotalEnergies,Euromaster Marcelli Pneu Bastia Borgo,Total,
20260002,TotalEnergies,Relais de la balagne,Total,
59820001,Total Access,Total Access,,
39110007,Total Access,Total Access,,
69120011,Total,Total,,
69390001,Total,Total,,
20600006,TotalEnergies,Relais Total de l'Arinella,Total,
59155008,TotalEnergies,TotalEnergies,,
20118001,TotalEnergies,Total Sagone,Total,
20113001,Total,Total,Total,
20100001,Total,Total,,
20137007,Total,Total Poretta,,
20189001,TotalEnergies,Total,,
50240003,TotalEnergies,TotalEnergies,Relais Total du Mont-Saint-Michel,
7190001,Carrefour Contact,Station Carrefour Contact,Carrefour Contact,
7210001,Système U,Système U,Alissas Distribution,
7230001,,Netto,,
13700011,Total Access,Total Access,,
13110005,Total,Total,,
13100015,Total Access,Total Access - Relais des Thermes,,
19270004,Total,Total,,
13400002,Total,Parascandola,,
7150003,Intermarché,Intermarché,Intermarché,
19400005,Total,Total,,
13100017,Total Access,Relais de l'Arc,Total,
13015019,Total Access,Total Access,,
33000021,TotalEnergies,Total,Total,
13400014,Total,Total,Total,
33000022,Total,Trinquet,,
33000024,Total,Relais Ravezies,Total,
7200006,E.Leclerc,Station service E. Leclerc,E. Leclerc,
33220009,TotalEnergies,Total,,
19100016,Total Access,Total Access,,
33290009,Total Access,Total Access,,
7260001,Carrefour Market,Carrefour,Carrefour,
33120007,Total,Total,,
13013017,Total Access,,,
33500007,TotalEnergies,Total,Total,
13320012,TotalEnergies,TotalEnergies,Total,
33360003,Total,Total,,
13190001,Total,Total Allauch,,
13003004,Total Access,Total Access,Alisoa,
33600011,Total Access,,,
13480001,TotalEnergies,TotalEnergies,Total,
19000008,TotalEnergies,La Solane,Total,
13510001,Total,Total,Total,
7260002,Intermarché,Intermarché,Groupement des Mousquetaires,
30160002,,La Sauvegarde,,
30160001,Carrefour,Carrefour,,
34700005,E.Leclerc,E.Leclerc,,
34190001,Système U,Super U,Super U,
34800005,E.Leclerc,Station Service E.Leclerc,E.Leclerc,
34270001,Intermarché,Intermarché,Groupement des Mousquetaires,
34320003,Super U,Super U,,
34600003,Intermarché,Intermarché,,
30320004,Intermarché,Intermarché,,
34730001,Intermarché,Station Essence Intermarché,Groupement des Mousquetaires,
30900016,Total Access,Total Access,,
30540001,Intermarché,Intermarché,Groupement Les Mousquetaires,
34260001,Intermarché Contact,,Groupement des Mousquetaires,
34430001,TotalEnergies,Station Total Beyssac,Total,
34800004,Intermarché,,Groupement des Mousquetaires,
30120002,Super U,Super U,Super U,
34000014,Total,Station Total,Total,
34800001,Système U,Hyper U,Hyper U,
13310002,V-Gas,Station GNV,Proviridis,
13200006,E.Leclerc,Station Service E. Leclerc,,
30600003,Intermarché,Intermarché,,
30220003,Super U,Super U,,
34280005,Total,,Total,
34130003,Intermarché,Intermarché,Groupement des Mousquetaires,
34590001,Système U,Système U,,
34280004,TotalEnergies,TotalEnergies,Total,
34400007,Super U,Super U,,
84000011,,,SDIS84,
7400002,Intermarché,Intermarché,,
7400003,TotalEnergies,TotalEnergies Rochemaure,,
26760001,Super U,Super U station service,,
26000016,TotalEnergies,TotalEnergies,,
26503001,E.Leclerc,Station service E. Leclerc,E. Leclerc,
72600002,Intermarché,Intermarché,Groupement des Mousquetaires,
26400002,Eni,Station Eni,,
23200002,Intermarché,Intermarché,,
69930001,Elan,Garage Michaud,SARL Michaud Garage,
56950002,Intermarché,,,
76170005,Intermarché,Intermarché,Groupement des Mousquetaires,
62300013,Total Access,Total Access,,
21800013,Intermarché,Intermarché,,
84110005,Intermarché,Intermarché,Intermarché,
84013001,Auchan,Auchan,,
84140007,TotalEnergies,Total Access,,
84000011,Intermarché,Intermarché,,
84220003,,Relais de la Pioche,,
20230003,Vito,Vito,Vito,
88560004,Avia XPress,,,
12000015,Dyneff,Dyneff,,
44460001,E. Leclerc,E. Leclerc,,
59110001,Carrefour,Carrefour,,
59210005,Total Access,Total Access,,
14111001,Intermarché,Intermarché,Groupement des Mousquetaires,
76400001,Carrefour,Carrefour Market,,
6410003,Avia,Avia,,
84810002,Carrefour,Carrefour Contact,,
84430005,Carrefour Contact,Carrefour Contact,Carrefour,
35350003,Intermarché,Intermarché,Groupement des Mousquetaires,
33410003,Intermarché,Pompe poids lourds,,
3500008,Carrefour,Carrefour,,
25620001,Total,Total Mamirolle,Total,
45500010,Carrefour Market,Carrefour Market,,
91000001,TotalEnergies,Total,,
33323001,E.Leclerc,Station Service E.Leclerc,E. Leclerc,
29710004,U,La Station U,SARL Heol,
42100017,TotalEnergies,TotalEnergies,,
74910003,,,Carrefour,
71210009,TotalEnergies,Total,,
57000001,Match,,Supermarchés Match,
66300014,Système U,,,
74930003,Intermarché,Intermarché,,
35000012,E.Leclerc,Station Service E. Leclerc,Renouest,
68000021,TotalEnergies,Total,SA Garage du Stade,
83190001,Carrefour,Carrefour,,
83340008,Super U,,,
83340002,E.Leclerc,E. Leclerc,,
6450002,,Station Vésubienne,,
19316001,Carrefour,Carrefour,,
83150002,Super U,Super U,,
83190004,Avia,Avia,,
83260005,BP,BP,BP,
83000011,Total Access,Total Access,,
83200002,Eni,Eni,,
83390003,Intermarché,,,
83250011,BP,BP la Londe-les-Maures,,
82000007,Elan,Elan,Kaï,
33670002,Carrefour,Carrefour,,
18150002,bi1,bi1,,
13860001,,Lidl,,
36300006,Super U,Station U,,
83150001,Carrefour,,,
83460002,,Station U,,
83460004,Système U,Système U,,
83600027,Auchan,Auchan Station-Service,Auchan,
21230007,Eni,Eni,Eni,
83320002,Intermarché,Intermarché,,
83600021,Total Access,Total Access,Total,
6130009,Esso,Esso,,
6800025,Esso,Esso,,
4100012,Independent,Christian Atamian,Christian Atamian,
57255001,Carrefour,Carrefour,,
63170008,Total Access,Total Access,,
74500011,Avia,Avia Express,Thevenin & Ducrot,
83300004,Avia,,,
83300003,Carrefour,Carrefour Draguignan,,
14053001,Carrefour,Carrefour,,
62860006,Shell,Shell,,
40260002,Shell,Shell,Shell,
17350001,Shell,Shell,,
1390011,Shell,Shell,,
6670008,Avia,Avia,,
61230006,Shell,Shell,Shell,
67540003,Shell,Shell,Shell,
3100006,Avia,Avia,,
71300009,Intermarché,Intermarché Super,Groupement des Mousquetaires,
18390003,Carrefour,Carrefour,,
31120010,Total Access,Total Access,,
44420003,Carrefour,,,
76740002,Intermarché,Intermarché,,
25000011,Intermarché,Intermarché,,
92160003,Esso Express,Esso Express,Esso Express,
73500007,Casino,,Casino,
33500001,Carrefour,Carrefour,Carrefour,
29820002,E.Leclerc,E. Leclerc,,
84320001,Carrefour Market,Carrefour Market,,
84330004,Système U,,,
13550001,Total,Total,,
84976001,E.Leclerc,E. Leclerc,,
95110007,TotalEnergies,TotalEnergies,TotalEnergies,
13270005,Intermarché,,Groupement des Mousquetaires,
13800004,E. Leclerc,Station Service E. Leclerc,,
13013002,Esso,Esso,,
13010001,Auchan,Auchan Saint-Loup,Auchan,
13009006,E. Leclerc,,,
13700009,Total Access,Relais Total de La Nerthe,Total,
83220002,Esso,Esso,Esso,
6110006,E.Leclerc,Station Service E. Leclerc,E. Leclerc,
6110008,Independent,Station service La Roseraie,,
69003013,Avia,Avia,Avia,
14200010,Système U,Hyper U,,
26800008,Eni,Eni,Eni,
92700023,Esso,Esso,,
91220001,Auchan,C. C. Auchan,Auchan,
13300010,TotalEnergies,Total Access,,
84220002,,Relais du Ventoux,,
84300006,Intermarché,Intermarché,Intermarché,
13770004,,Carburant Loti,,
23600002,U,U Station,U Station,
56000005,Système U,Station U,,
5300003,Intermarché,Intermarché,Groupement des Mousquetaires,
83720005,TotalEnergies,Total Access,,
83470004,Intermarché,Intermarché,Groupement des Mousquetaires,
13780009,Carrefour Contact,Carrefour Contact,,
13400018,Avia,Avia,,
83140008,Total Access,Total Access - Relais Total de Bonnegrâce,Total Access,
83700004,E. Leclerc,Station service E. Leclerc,E. Leclerc,
91400008,Total,Total,,
20600004,TotalEnergies,Total,,
72110004,Esso,Esso,,
94400004,E.Leclerc,,,
6201001,,,,
6200032,Esso,Esso,,
6420001,,,,
6201002,E.Leclerc,E. Leclerc,,
6330003,Total,Relais de Roquefort-les-Pins,Total,
6330002,,,,
6560001,Carrefour Market,,,
6580001,Super U,Super U,,
6460002,Intermarché,Intermarché Contact,,
68000010,Système U,Les Erlen,Super U,
12200004,E. Leclerc,Station Service E. Leclerc,E. Leclerc,
6240004,Independent,L'Español,,
50300005,Intermarché,Intermarché,Groupement des Mousquetaires,
8800001,TotalEnergies,Relais des Deux Vallées,,
4400005,TotalEnergies,Station des 5 cols,,
66000016,TotalEnergies,TotalEnergies Access,,
14160003,Intermarché,Intermarché,Groupement des Mousquetaires,
76890001,Intermarché,Intermarché,,
15000017,Carrefour,Carrefour,,
64410001,Carrefour Contact,Carrefour Contact,,
34520002,TotalEnergies,Total Energies,Total,
54200008,Intermarché,Intermarché,,
77400011,TotalEnergies,Total Access,Total Access,
16000004,Intermarché,Intermarché Angoulême,Groupement des Mousquetaires,
60350002,Intermarché,Intermarché,Groupement des Mousquetaires,
37190002,Carrefour Market,Carrefour Market,,
95190006,TotalEnergies,Total Access,,
93100014,TotalEnergies,Total Access,,
14410004,Carrefour Contact,Carrefour Contact,,
33240013,Auchan,Auchan,,
16000005,Intermarché,Intermarché,Groupement des Mousquetaires,
76270001,E.Leclerc,Station Service E. Leclerc,E. Leclerc,
51068001,Carrefour,Carrefour,Carrefour,
14290001,Carrefour,Carrefour,,
94800008,Total Access,TotalEnergies Access,Total,
62640003,Intermarché,Intermarché,,
95550002,Super U,Super U,,
17110001,Super U,Super U,Carrefour Market,
14160002,Système U,La Station U,Super U,
35270003,Intermarché,Intermarché,,
35800004,TotalEnergies,Total,Total,
40530003,Intermarché,Intermarché,Intermarché,
38300009,,Station Intermarché,Groupement des Mousquetaires,
13118001,Super U,Super U,Super U,
13626002,Intermarché,Intermarché,,
83136012,Total,Total,Mme Geneviève Borel,
83630003,Système U,La Station U,Super U,
83500007,Intermarché,,,
35000015,Esso Express,Esso Express,EFR France,
25440001,Intermarché,Intermarché,,
84400007,TotalEnergies,TotalEnergies Access - Relais du Luberon,Total,
84400001,Auchan,Auchan Supermarché Tankstelle,Auchan,
46600002,Intermarché,,Groupement des Mousquetaires,
17139001,Super U,U Express Dompierre-sur-Mer,Système U,
45770002,Intermarché,Intermarché,Groupement des Mousquetaires,
82300006,Carrefour Market,Carrefour Market,,
37120001,Intermarché,Intermarché,Groupement des Mousquetaires,
26310000,,Carburants Services,,
57117001,Avia,Avia,Jean-Luc Pawlak,
90500002,Avia,Avia,,
90000009,Avia,Avia,Avia,
88500006,Avia,Avia,AVIA,
44340011,Avia,Avia,,
29260007,Intermarché,Intermarché,,
37600007,Total Energie,Glemarec,,
70000008,Intermarché,Intermarché,,
6670010,Élan,,,
93300001,Esso,Esso,,
77520002,Intermarché,Intermarché,,
94150009,Esso,Esso,Esso,
94150008,Esso,Esso,Esso,
43130001,Intermarché,Intermarché,,
42380001,Super U,Super U,,
43110002,Auchan,Auchan,,
42510007,Avia,Avia,,
42340001,Carrefour Market,Carrefour Market,,
63201001,E.Leclerc,Station Service E.Leclerc,E. Leclerc,
92220010,Esso,Esso,,
56400007,E. Leclerc,,,
26510002,Système U,Système U,,
6140004,Total,Station La Rocade,,
83170010,Intermarché,,,
83470001,Système U,Système U,,
21350001,Avia,Avia Xpress,,
25450001,Avia,,,
1590001,Avia,Avia,,
74360004,Avia,Avia,,
25300009,Avia,Avia,Avia,
39270001,Avia,Avia,Avia,
73470001,Avia,Avia,,
74230006,Avia,Station des Aravis,Aravis Garage,
46110003,Avia,Avia,,
36170001,Avia,Avia,,
21640001,Avia,Avia,,
71450002,Avia,Avia,,
21120001,Avia,Station service Avia,,
16380001,Avia,Avia,,
1440003,Avia,Avia,,
71460001,Avia,Avia,,
25480004,Avia,Station Avia,Avia,
75012023,Avia,Avia,,
23000007,Avia,Avia,Avia,
84601001,E.Leclerc,Station Service E. Leclerc,E. Leclerc,
30200006,,,,
84130001,Auchan,Auchan,Auchan,
13920010,Dyneff,Dyneff,Dyneff,
83550005,Avia,Avia,Avia,
83550004,Intermarché,Intermarché,,
83780001,Campus,Carrosserie Cotton Ludovic,,
83480001,Carrefour,Carrefour,Carrefour,
3630003,TotalEnergies,TotalEnergies,,
4320002,Intermarché,Intermarché,,
13140005,,Gas,,
13410005,Intermarché,Intermarché,Intermarché,
13470001,Intermarché,Intermarché,,
13420001,Avia,SVF,,
83210001,K9,,,
83390005,Super U,Super U,,
6150005,Intermarché,Intermarché,,
6530002,,SA Sokami,Groupement des Mousquetaires,
56270001,Carrefour Market,Carrefour Market,,
35000017,TotalEnergies,Total Access,Total La Barre Thomas,
13310002,Intermarché,Intermarché,,
49480007,Avia,Avia,,
63480001,,Station-service intercommunale de Marat 24/24,,
67240002,Super U,Super U,Super U,
51100055,Esso,Esso Reims Murigny,JLN Distribution,
95570007,Esso Express,Esso Express,,
95570003,E.Leclerc,Station-Service E.Leclerc,E. Leclerc,
89600004,Intermarché,Station Intermarché,,
42600011,Shell,Shell,,
42600011,Shell,Shell,,
1630001,Carrefour,Carrefour,,
91710001,Intermarché,Intermarché,Groupement des Mousquetaires,
74300009,Système U;Super U,Station U,Super U,
34670001,Intermarché,Intermarché,Groupement des Mousquetaires,
26200007,Intermarché,Intermarché,Intermarché,
26740005,Avia,Avia,,
26130002,Intermarché,Intermarché,Groupement des Mousquetaires,
30360001,Intermarché,Intermarché,Groupement des Mousquetaires,
13200006,V-Gas,Station GNV,OG Clean Fuels,
13650002,Esso,Esso 4 Vents,,
13122002,Intermarché,Intermarché Ventabren,,
13710001,Engie,Engie,Engie,
84120006,Carrefour Market,Carrefour Market,,
84310002,E.Leclerc,Station Service E. Leclerc,,
30130004,Intermarché,intermarché,,
84301001,Auchan,Auchan,,
38270003,Super U,Super U,,
26780006,U,U Express,,
84120001,U,Station U,Sytème U,
13122001,Total,,M. L. Daret,
13870001,Système U,Station U,,
84170001,Avia,Avia,,
30133001,E. Leclerc,Station Service E. Leclerc,E. Leclerc,
13300009,Independent,Garoucha,,
13300005,E.Leclerc,E. Leclerc,Salondis,
13700005,E. Leclerc,,E. Leclerc,
13920005,Esso,Esso Express,Esso Express,
6530008,Carrefour,Station service Carrefour Contact,,
83720001,Carrefour,Carrefour,,
83460004,Super U,Super U,,
33380005,TotalEnergies,Total Energies,,Mios Océan
83560007,Carrefour Market,Carrefour Market,Pas de Menc,
18000019,TotalEnergies,Total Access,,
13009011,Intermarché,,,
13112005,Avia,Avia,,
4160002,TotalEnergies,Total Energies,,
4160004,Total Access,Total Access,Total,
13580003,,Relais de la Fare,,
37250002,Intermarché,Intermarché,Groupement des Mousquetaires Intermarché,
78210006,TotalEnergies,TotalEnergies Access - Relais Epi d'Or,Total,
49310001,Super U,Super U Vihiers,Super U,
51100056,Esso,Esso,Esso,
76500005,Carrefour Market,Carrefour Market,,
4160008,Avia,Avia,,
62153004,Eni,Eni,,
50580002,Intermarché,Intermarché,Intermarché,
36000010,,Chirault,SA Chirault,
31190004,TotalEnergies,Total Access,,
22300004,Intermarché,Intermarché,,
62710001,Carrefour,Carrefour,Carrefour,
42600007,,Intermarché,Groupement des Mousquetaires,
3300003,Station U,Station U,Coopérative U,
38680001,Comptoir Énergie,Comptoir Énergie,Comptoir Plus,
24620001,Les Mousquetaires,Les Mousquetaires,Chrisfanie EURL,
26330001,Comptoir Énergie,Comptoir Énergie,Comptoir Plus,
21390001,Avia,Avia XPress,,
21360001,Avia,Avia XPress,,
71580002,Avia,Avia XPress,,
25330001,Avia,Avia XPress,,
14280002,Les Mousquetaires,Netto,,
80260003,Netto,Netto,Les Mousquetaires,
4370001,Total,Station-Service Total,Total,
63570003,Intermarché,Intermarché Super,Groupement des Mousquetaires,
4700002,Intermarché,Intermarché,Groupement des Mousquetaires,
37270008,TotalEnergies,Total,,
26270007,TotalEnergies,Total Access,,
64270001,Total,,M. Jameau Christophe,
4100011,TotalEnergies,Total Access Relais Plantiers,Total,
4100010,TotalEnergies,Total - Relais des Ponches,Total,
4300005,Auchan,Auchan,Auchan,
51370002,E.Leclerc,E. Leclerc,E. Leclerc,
20250003,Vito,Vito,,
20167005,Vito,Station Vito Martinetti La Rocade,,
20215001,Vito,Vito,Automobiles Barthes,
20090004,Vito,Vito,,
14730001,Esso,Esso,,
20167003,Vito,Station Vito Martinetti,,
12000016,Intermarché,Intermarché,Janeli 2,
4300002,Intermarché,Intermarché,Groupement des Mousquetaires,
63940001,TotalEnergies,TotalEnergies,,
64400003,E.Leclerc,Station Service E.Leclerc,E. Leclerc,
4700006,Carrefour Contact,Carrefour contact,,
4280001,Station U,Station U,,
4103001,Hyper U,Hyper U,Hyper U Manosque,
4100002,Auchan,Auchan,Auchan Manosque,
44210002,Intermarché,Intermarché,Groupement des Mousquetaires,
49000012,TotalEnergies,TotalEnergies,,
86100009,E.Leclerc,Station Service E. Leclerc,,
35200007,Total Access,Total Access,Guivois,
58000010,Esso,Esso,,
35530001,E.Leclerc,Station Service E. Leclerc,,
31800008,E.Leclerc,E. Leclerc,,
65200003,Carrefour Market,Carrefour Market,,
43240001,Carrefour Market,Carrefour Market,,
49400007,Total Access,Total Access,Total,
30400004,Eni,Le Relais de l'Olivier,Eni,
28630004,CocciMarket,CocciMarket,Coccimarket,
31240004,Intermarché,Intermarché,Groupement des Mousquetaires,
38190001,Carrefour,,,
75012010,Esso Express,Esso Express,,
10140001,Avia,Avia,Avia,
3320001,Avia,Avia,Avia,
3290001,Avia,Avia,Avia,
1190001,Avia,Avia,Avia,
31330002,Intermarché,Intermarché,Intermarché,
26110003,Système U,Station U,Système U,
35440002,Carrefour Contact,Carrefour Contact,Carrefour Contact,
26000019,Eni,Eni,Eni,
19600004,Shell,Shell,Shell,
66700003,Dyneff,Station Dyneff,,
38320003,Eni,Eni,Eni,
71100030,Eni,Eni,,
87520002,Système U,Station U,,
34311001,E.Leclerc,Station Service E.Leclerc,,
12150005,,Terre des Grands Causses,A O ser.dis,
12230001,Total,Total Energie,garage saquet,
22600006,Super U,Station Service Super U,,
46500001,TotalEnergies,Total,,
39130009,Independent,,Supermarché Saint-Pascal,
71800003,Independent,,Relais Clayettois,
38340015,La Station U,La Station U,Super U Voreppe,
12300004,Intermarché,Intermarché,,
74300004,Intermarché,Intermarché,Intermarché,
59570003,Intermarché,Intermarché,Groupement des Mousquetaires,
95420002,Carrefour Market,Carrefour Market,,
95420005,TotalEnergies,TotalEnergies Access,,
70700004,Intermarché,Intermarché,Groupement des Mousquetaires,
9000003,TotalEnergies,Total,Total,
59150002,E.Leclerc,Station Service E. Leclerc,E. Leclerc,
26200001,Carrefour Market,Carrefour Market,,
18800001,Avia,Avia XPress,,
21120005,Intermarché,Station service,Groupement des Mousquetaires,
63600004,TotalEnergies,TotalEnergies,Total,
12210001,Casino,Casino Carburants,,
83380002,TotalEnergies,TotalEnergies,Total,
83490001,TotalEnergies,TotalEnergies,,
83520002,Intermarché,Intermarché,Groupement des Mousquetaires,
83440003,Total,Total,,
83440004,E.Leclerc,Station Service E.Leclerc,E. Leclerc,
6340002,Intermarché,Intermarché,,
6800019,Total,Station Total Access,,
6220005,TotalEnergies,,,
6130010,Total,Total,Total,
23110002,La Station U,La Station U,Super U,
73000009,,Avia Xpress,,
63220001,Super U,Super U,,
60730002,,,Super U,
27500003,Total,Total,,
27950002,Intermarché,Intermarché,Groupement des Mousquetaires,
37300001,Système U,Station U,,
56450006,E.Leclerc,Station Service E. Leclerc,,
47240002,Intermarché,Intermarché Super,Groupement des Mousquetaires,
58120001,Avia,Avia XPress,,
18300007,DATS 24,DATS 24,,
14920001,Esso Express,Esso Express,,
77229001,E.Leclerc,E. Leclerc,Groupement des Mousquetaires,
73100008,Intermarché,Intermarché Contact,Groupement des Mousquetaires,
60600006,,Sarl Autoservices,,
56140002,Système U,Station U,,
61220001,G20,G20,,
85000010,Esso,Esso,,
29000013,Total Access,Total Access,Total,
59113009,Total Access,Total Access,Elf,
79200003,E.Leclerc,E.Leclerc Station,E. Leclerc,
85430001,Système U,Station U,,
71500008,Carrefour Market,Carrefour Market,,
76600022,Total Access,Total Access,Total,
12850004,E.Leclerc,Station Service E. Leclerc,E. Leclerc,
17160001,Intermarché,Intermarché,,
60000007,Carrefour,Carrefour,Carrefour,
90160002,Avia,Avia Xpress,,
59800003,Carrefour,Carrefour,,
59800002,E.Leclerc,Station Service E. Leclerc,E. Leclerc,
77150006,Carrefour,Carrefour,Carrefour,
20145001,Total,Relais de la Côte des Nacres,,
78200003,Total Energies,Total,,
60000001,Auchan,Auchan,Auchan,
1390009,Eni,Eni,,
30500003,Intermarché,Intermarché,Groupement des Mousquetaires,
54380011,Carrefour,Carrefour Express,,
77160005,Eni,Eni,,
62110003,Total,Total,,
68500003,U,Station U Express,Système U,
76260003,E. Leclerc,Station Service E. Leclerc,E. Leclerc,
10600009,Total Access,,Total,
44540001,Super U,Super U,Super U,
40220006,Carrefour,Station Service Carrefour,,
17350005,Système U,Station U,,
29160003,E.Leclerc,Station Service E. Leclerc,E. Leclerc,
29260004,E.Leclerc,Station Service E. Leclerc,E. Leclerc,
29470003,E.Leclerc,Station Service E.Leclerc,E.Leclerc,
29419001,E.Leclerc,Station Service E. Leclerc,,
29820001,E. Leclerc,Station Service E. Leclerc,E. Leclerc,
29870001,E.Leclerc,Station Service E. Leclerc,,
29830002,E. Leclerc,Station Service E. Leclerc,E. Leclerc,
2100019,Intermarché,Intermarché Super,Groupement des Mousquetaires,
47250001,TotalEnergies,Total,,
81100005,Système U,Station U,Super U,
63160004,TotalEnergies,Total,,
46100008,TotalEnergies,Total,,
1160005,Total Access,Total Access,,
25270001,Avia,Avia,,
73024001,Independent,Station,,
32000001,Carrefour,Carrefour,Carrefour,
58800001,bi1,bi1,Atac,
71370001,Avia,Avia,,
89600001,Avia,Avia,,
66000010,Esso,Esso,Esso Perpinya,
21000025,Total,Relais Total De La Rocade,Total,
54000008,Esso Express,Esso Express,Esso,
22104001,E.Leclerc,Station Service E. Leclerc,E. Leclerc,
22400004,E.Leclerc,Station Service E. Leclerc,E. Leclerc,
22300003,E.Leclerc,Station Service E. Leclerc,E. Leclerc,
22600004,E. Leclerc,Station Service E. Leclerc,E. Leclerc,
22800002,E.Leclerc,Station Service E. Leclerc,E. Leclerc,
22500004,E.Leclerc,Station Service E. Leclerc,,
22203001,E.Leclerc,Station Service E. Leclerc,E. Leclerc,
22370001,E.Leclerc,Station Service E. Leclerc,E. Leclerc,
49320003,E. Leclerc,Station Service E. Leclerc,,
86000013,Super U,Super U,Système U,
66005001,E.Leclerc,Station Service E. Leclerc,,
49412001,E.Leclerc,Station Service E. Leclerc,E. Leclerc,
49412001,GNV,Station-Service GNV,Seve,
49250001,Intermarché,Intermarché,Groupement des Mousquetaires,
49390001,Super U,,,
49540002,Carrefour Contact,Carrefour Contact,Carrefour,
49700001,Super U,Super U,Super U,
49300007,Carrefour,Carrefour,,
49360003,U,Station Super U,Super U,
49120001,Super U,Super U,,
33850001,E.Leclerc,Station Service E. Leclerc,E. Leclerc,
57855003,Total,Total,,
24260001,Intermarché,Intermarché,Groupement des Mousquetaires,
80270001,Carrefour,Carrefour,,
27500001,Carrefour Market,Carrefour Market,,
84130014,Auchan,Auchan,Auchan,
33560002,AS24,AS24,AS24,
33710002,Carrefour,Carrefour,Carrefour,
21230005,Carrefour Contact,Carrefour Contact,,
44210003,Super U,Super U,Super U,
25110002,Super U,La station U,,
95340004,BP,Esso,,
44810001,Super U,,,
21230006,Avia,Avia,,
33110007,TotalEnergies,TotalEnergies,TotalEnergies,
70270002,Intermarché,Intermarché,Intermarché,
39800004,Intermarché,Netto,Netto,
39700018,Intermarché,Intermarché,,
39260003,Intermarché,Intermarché,,
89100007,BP,BP,BP,
94110003,BP,BP,BP,
29160004,E.Leclerc,Station Service E.Leclerc,CROZONDIS EXPRESS,
2580002,Gulf,Gulf,CLID Express,
13700013,Independent,LM Services,LM Services,
64990002,Intermarché,Intermarché Contact,,
18130001,Avia,Avia XPress,,
37150003,Intermarché,Intermarché,Groupement des Mousquetaires,
41000001,Carrefour,Carrefour,Carrefour,
41350003,Intermarché,Intermarché,Intermarché,
82200009,Intermarché,Intermarché,Intermarché,
76320002,E. Leclerc,E. Leclerc,,
76410001,Carrefour,Carrefour,,
76410003,Total,Total,Total,
77590001,Carrefour Market,Carrefour Market,Carrefour Market,
76120002,Super U,La Station U,Soc Hypermarché Normandie Picardie,
76803001,E.Leclerc,,Sodistro,
76360004,TotalEnergies,Total Contact,,
76000015,Avia,Avia,,
76420007,Super U,Super U,Super U,
80190003,Intermarché,Intermarché,Groupement des Mousquetaires,
22830001,Diapar,Diagonal,Diapar,
63600002,Intermarché,Intermarché,Groupement des Mousquetaires,
74330003,Avia,Avia,,
49124003,Système U,Station U,,
49100003,Total Access,Relais Total de la Pinterie,,
49000016,Auchan,Auchan,,
49100002,E.Leclerc,Station Service E. Leclerc,,
58800002,,Station service - Weldom,,
49370001,Super U,Super U,,
49500002,E.Leclerc,Station Service E.Leclerc,E. Leclerc,
49280001,TotalEnergies,Total,,
49280003,,,Belloir Distribution (G20),
85250001,Système U,Station U,,
85260005,,R.services,Amiaud,
85000012,Total Access,Total Access,Total,
85320002,Intermarché,,,
85280002,E.Leclerc,Station Service E.Leclerc,,
85110006,E.Leclerc,Station Service E. Leclerc,E. Leclerc,
62260004,Super U,Super U,Super U,
62123005,Carrefour,Carrefour,,
59113013,Eni,Eni,,
29660002,U Express,U Express,Coopérative U,
44150003,E.Leclerc,Station Service E. Leclerc,E. Leclerc,
31600006,Intermarché,Intermarché,,
22220003,Intermarché,Intermarché,,
49800006,Système U,Station U,,
72800003,TotalEnergies,TotalEnergies,,
93800005,E.Leclerc,Station Service E.Leclerc,,
69300001,Auchan,,,
29420001,Système U,Station U,,
85800003,E.Leclerc,Station Service E. Leclerc,E. Leclerc,
85306001,Super U,Super U,Hyper U,
34160003,Carrefour Contact,Carrefour Contact,,
36270001,Système U,Station U,,
86180001,E.Leclerc,Station Service E.Leclerc,E. Leclerc,
86600001,Intermarché,Intermarché,,
25700004,Intermarché,Intermarché,,
21110006,Intermarché,Intermarché,,
86600002,TotalEnergies,TotalEnergies,,
38210004,Intermarché,,,
14000021,TotalEnergies,Total Access,,
50110006,Carrefour Contact,Carrefour Contact,Carrefour,
85400005,E. Leclerc,Station Service E. Leclerc,,
84500001,TotalEnergies,TotalEnergies,,
84500006,TotalEnergies,Total Bollène,,
84850001,Intermarché,Intermarché,,
84200006,,Comtat carburants,,
91620001,Carrefour,Carrefour,Carrefour,
84260001,Intermarché,Intermarché,Groupement des Mousquetaires,
13330001,Intermarché,Intermarché,Intermarché,
83570005,Système U,Station U,,
49300016,TotalEnergies,Total Access,,
49306001,E.Leclerc,Station Service E. Leclerc,E. Leclerc,
79700001,Super U,Super U,Super U,
85530002,Total,Total Contact,,
85000009,Intermarché,Intermarché,,
85620001,Intermarché,Intermarché,Groupement des Mousquetaires,
85170001,Super U,Super U,,
49122001,Intermarché,Intermarché,,
69700001,Carrefour,Carrefour,,
49120004,E. Leclerc,,E. Leclerc,
46000006,Intermarché,,Groupement des Mousquetaires,
92220009,Esso,Esso,,
26200003,Esso,Esso,,
3120004,TotalEnergies,,,
44190008,E.Leclerc,E. Leclerc,E. Leclerc,
28500010,,Relais de la Tuilerie,,
89000008,E. Leclerc,,E. Leclerc,
20228005,Vito,Vito,Vito,
20600015,Vito,Vito,Vito,
95740005,Total Access,,Total,
85300002,E.Leclerc,E.Leclerc Station Service,,
31210009,Carrefour Market,Carrefour Market,,
31210001,Super U,Super U,,
82600001,U,Station-service Super U,Super U,
67260011,Carrefour,Carrefour,,
18500008,Carrefour,,,
51600004,Carrefour Market,Carrefour Market,,
9100004,E.Leclerc,E. Leclerc,E. Leclerc,
37290002,TotalEnergies,Total,,
53120004,TotalEnergies,Total,Total,
50550003,Netto,Netto,,
50670001,,Station-service municipale,,
35000025,TotalEnergies,Total,,
29140010,Carrefour Contact,Carrefour Contact,,
86400003,Intermarché,Intermarché,Groupement des Mousquetaires,
95220003,Esso Express,Esso Express,,
79160002,E.Leclerc,Station Service E.Leclerc,E. Leclerc,
54710001,Intermarché,Intermarché,,
33560002,E.Leclerc,Station Service E. Leclerc,E. Leclerc,
33410003,Intermarché,Intermarché,Intermarché,
33220006,E.Leclerc,Station Service E. Leclerc,E. Leclerc,
79330001,Intermarché,Intermarché,,
79100003,E.Leclerc,Station Service E.Leclerc,E. Leclerc,
76440003,Système U,Système U,,
31600011,Avia,Avia,,
50260001,Super U,La Station,,
25000028,Intermarché,Intermarché,,
17430007,TotalEnergies,Total Access,,
56340001,Super U,Super U,,
82000006,E.Leclerc,Station Service E. Leclerc,E. Leclerc,
85340004,TotalEnergies,Total,,
85170010,Carrefour Contact,Carrefour Contact,,
17400008,E.Leclerc,E.Leclerc,E. Leclerc,
81100007,Intermarché,Intermarché,,
59167003,Carrefour Contact,Carrefour Contact,,
95150001,Auchan,Auchan Carburant,Auchan,
44140004,Intermarché,Intermarché,Groupement des Mousquetaires,
32460001,Spar,Spar,Baquerisse SARL,
18100010,Esso,Esso Express,Esso,
67441001,E.Leclerc,Station Service E. Leclerc,E. Leclerc,
38120002,Total,,,
26790003,Système U,Système U,,
49450003,,,Groupement des Mousquetaires,
87280003,E.Leclerc,,E. Leclerc,
87000003,Système U,U Express,,
87350003,Intermarché,,Groupement des Mousquetaires,
87000030,Intermarché,Intermarché,Intermarché,
87000028,E.Leclerc,E. Leclerc,,
87000006,Intermarché,Intermarché,,
87150002,Intermarché,Intermarché,Groupement des Mousquetaires,
16270003,Intermarché,Intermarché Super,Groupement des Mousquetaires,
86000023,Avia,Avia,,
86036001,E.Leclerc,Station Service E.Leclerc,,
86000014,Auchan,Auchan,,
46320002,TotalEnergies,TotalEnergies,,
33950003,Carrefour,Carrefour,Carrefour,
40600005,TotalEnergies,TotalEnergies,,
40660005,Carrefour Market,Carrefour Market,,
64000017,Avia,Avia,Ducs 64,
31800003,E.Leclerc,Station Service E.Leclerc,E. Leclerc,
64110003,Total,Total,SARL Cazalis Nouvelle,
59310009,Carrefour,Carrefour,,
47240001,E.Leclerc,Station Service E.Leclerc,E. Leclerc,
16130002,,Ets Denis,,
17160002,Système U,Station U,,
17470001,Intermarché,Station-Service,Intermarché,
17102001,U,C. C. Hyper U,,
17300004,Intermarché,Intermarché,,
17690001,Carrefour,Carrefour,,
17440001,TotalEnergies,TotalEnergies,,
85100002,TotalEnergies,Total Contact,,
85150001,U,U Energy,,
85150001,Super U,Super U,,
79300005,E.Leclerc,Station Service E. Leclerc,E. Leclerc,
42300001,Carrefour Market,Carrefour Market,,
79500004,TotalEnergies,Total,Total,
16100004,E.Leclerc,Station Service E.Leclerc,E. Leclerc,
85202001,E.Leclerc,Station Service E.Leclerc,E. Leclerc,
65370003,Carrefour Contact,Carrefour Contact,,
38120001,Carrefour,,Carrefour,
77230006,TotalEnergies,TotalEnergies,Total Access,
33370007,Système U,Station U,,
17210004,,KM488,,
16210001,Intermarché,Intermarché,,
33420003,U,Système U,,
77140006,Intermarché,Intermarché Hyper,Groupement des Mousquetaires,
33350002,E.Leclerc,Station Service E. Leclerc,E. Leclerc,
33820001,Intermarché,Intermarché,,
33440002,E.Leclerc,E. Leclerc,,
33240007,,Station Service Intermarché,,
12850007,TotalEnergies,Total Onet le Chateau,SAS FABRE ET RUDELLE,
10200006,Carrefour,Carrefour,,
33127004,Intermarché,Intermarché,,
33167001,E.Leclerc,Station Service E. Leclerc,,
33080001,Auchan,Auchan,,
33000010,Intermarché,Intermarché,,
33000016,Esso Express,Esso Express,Esso,
33000023,TotalEnergies,Relais de Touratte,Total Energies,
33550002,Intermarché,Intermarché,,
33130004,Auchan,Auchan,,
33270001,Auchan,C. C. Auchan,Auchan,
33700021,TotalEnergies,Total Access,,
33700010,Auchan,Auchan,Auchan,
33390003,E.Leclerc,Station Service E.Leclerc,,
33170008,TotalEnergies,Total Access,,
33600013,Auchan,Auchan,Auchan,
33700001,Carrefour,Carrefour,,
33260005,Intermarché,Intermarché,Groupement des Mousquetaires,
33138001,Intermarché,Intermarché,Intermarché,
33380002,Intermarché,Intermarché,,
33740001,E.Leclerc,Station Service E. Leclerc,E. Leclerc,
33680004,Avia,Avia,,
33510003,Intermarché,Intermarché,Groupement des Mousquetaires,
72300006,Super U,Station Service Super U,Super U,
85270001,Système U,La Station U,,
10160002,TotalEnergies,ETS ETCHETO,,
42270004,Intermarché,Intermarché,,
7800003,Intermarché,Intermarché,Groupement des Mousquetaires,
38150011,Esso Express,Esso Express,,
74130006,Intermarché,Intermarché,,
57140003,Esso,Esso aire de Saint-Rémy,,
17600003,Intermarché,Intermarché,Groupement des Mousquetaires,
17530001,Super U,Super U,,
17200003,Total,Total,,Royan
17780001,Intermarché,Intermarché,Groupement des Mousquetaires,
17620002,Système U,Station U,,
17600001,Super U,Super U,,
17300003,E. Leclerc,Station Service E. Leclerc,,
17200006,Intermarché,Intermarché Contact,,
17570001,TotalEnergies,Total,Total,La Palmyre
17201001,E.Leclerc,Station Service E. Leclerc,E. Leclerc,
21000012,E.Leclerc,Station Service E.Leclerc,E. Leclerc,
66200002,Intermarché,Intermarché,Groupement des Mousquetaires,
66200001,Intermarché,Intermarché,,
66201001,Dyneff,,,
66680001,Intermarché,Intermarché,,
66028001,Auchan,Auchan,,
66470002,,GKO,,
95330010,TotalEnergies,Total,,
95640002,Carrefour,Carrefour,,
93600020,,3V Station,,
83560012,Carrefour,Carrefour,Carrefour,
77700006,Super U,Super U,,
38350007,Carrefour Market,Carrefour Market,,
38000019,Eni,Eni,Eni,
30430003,Carrefour Contact,Carrefour Contact,,
26600016,Avia,Avia,,
44300018,E.Leclerc,Station Service E. Leclerc,E.Leclerc,
85100004,Système U,Système U,,
38150010,TotalEnergies,TotalEnergies,,
35520004,E.Leclerc,Station Service E. Leclerc,,
35770001,E. Leclerc,Station Service E. Leclerc,,
29770002,E.Leclerc,Station Service E. Leclerc,E. Leclerc,
29170001,E. Leclerc,Station Service E. Leclerc,E. Leclerc,
29300002,E. Leclerc,Station Service E. Leclerc,,
29150003,E.Leclerc,Station Service E. Leclerc,E. Leclerc,
29833001,E. Leclerc,Station Service E. Leclerc,E. Leclerc,
29403001,E.Leclerc,E. Leclerc,Landi Distribution,
29520001,E.Leclerc,Station Service E. Leclerc,E. Leclerc,
7580002,Avia,Avia,,
17310004,E.Leclerc,Station Service E.Leclerc,,
17000005,E.Leclerc,Station Service E.Leclerc,E. Leclerc,
17630001,Intermarché,Intermarché,,
17285001,Super U,Hyper U,,
17285001,Super U,Super U,Hyper U,
17250003,Intermarché,Intermarché,,
17800004,E.Leclerc,Station Service E. Leclerc,E. Leclerc,
17100007,Intermarché,Intermarché,,
17470001,Intermarché,Guichet de paiement Station-Service,,
17350006,Eni,Eni,,
17400002,E.Leclerc,Station Service E.Leclerc,E. Leclerc,
17400003,Intermarché,Intermarché Saint-Jean-d'Angély,Groupement des Mousquetaires,
79120002,Intermarché,Intermarché,,
79460001,Super U,Super U,Super U Magné,
79025002,E.Leclerc,Station Service E.Leclerc,E. Leclerc,
79180002,Total Access,Total Access,Total,
79400003,E. Leclerc,Station Service E. Leclerc,E. Leclerc,
79400004,Intermarché,Intermarché,Groupement des Mousquetaires,
17320002,E. Leclerc,,,
17290003,Intermarché,Intermarché,,
17170003,Carrefour Market,Station Carrefour,,
24310003,Carrefour Market,Carrefour Market,Brantôme DB SAS,
17138007,Total Access,Total Access,Total,
79130001,Système U,Station U,,
79200001,La Station U,,,
1150002,Total,Total,Actiserve,
82100006,Intermarché,Intermarché,,
31620009,Intermarché,,Intermarché,
50460001,E.Leclerc,Station Service E. Leclerc,,
77220005,Carrefour,Carrefour,,
95150005,Esso,Esso,,
21140002,TotalEnergies,Total Contact,,
56230003,Intermarché,Intermarché Super,Groupement des Mousquetaires,
33121002,Carrefour,Carrefour Contact,,
20200008,Esso,Eni,Eni,
85403001,E.Leclerc,Station Service E. Leclerc,E. Leclerc,
24160001,Super U,Super U,Super U,
17770002,Carrefour,Carrefour City,,
36350002,Total,Relais Total Des Mille Étangs,Total,
32400006,Carrefour,Carrefour,,
31650003,TotalEnergies,Total,Total,
71960001,Système U,Station U,,
91180007,Total Access,Relais Grande Folie,,
39570009,Carrefour,Carrefour,Carrefour,
79100001,Système U,Station U,,
73270001,Intermarché,Intermarché,,
35000023,Total Access,Relais Malifeu,,
72300007,E.Leclerc,E. Leclerc,,
63360001,Carrefour,,Groupe Carrefour,
81660001,E. Leclerc,,E. Leclerc,
53600002,TotalEnergies,Total,,
29860002,Super U,Super U,,
85160006,Intermarché,Intermarché,Groupement des Mousquetaires,
35000019,Total,,Total,
35743001,Cora,Cora,Cora,
54600002,,Relais Monoprix,Monoprix,
74300001,Carrefour,Station Service Carrefour,,
33290003,E.Leclerc,Station Service E. Leclerc,E. Leclerc,
82220001,Intermarché,Intermarché,,
22550001,Station U,Station U,,
62128011,Carrefour,Carrefour,Carrefour,
44150007,Esso Express,Esso Express,,
33240005,Esso,Esso,,
33660003,Système U,Station Super U,,
16100001,Auchan,C. C. Auchan,Auchan,
16100008,Total Access,Relais Corderie Cognac,Total,
79000014,E.Leclerc,Station Service E. Leclerc,,
85150003,Avia,Station Service Avia Brétéché,Brétéché Ouest,
78000005,Esso Express,Esso Express,Esso Express,
13200014,TotalEnergies,TotalEnergies Cantarelles,,
33127006,Intermarché,Intermarché,Intermarché,
33460003,Total Access,,,
61260002,,,Communal,
77260005,Intermarché,Intermarché,,
79410001,Système U,Station U,,
73330002,Intermarché,Station-service Intermarché,Groupement des Mousquetaires,
33120003,Avia,Avia,,
33380004,E. Leclerc,Station Service E. Leclerc,,
41000023,Avia,Avia,,
36290002,Total,Total Contact,,
54380010,Intermarché,Intermarché,,
68200026,Auchan,Auchan,Auchan,
8700004,Carrefour,Carrefour,,
37330001,Super U;Station U,Super U,Super U,
26290009,Total Petrol Access,,,
74270005,Avia,Station AKO Avia,,
42410006,Carrefour,Carrefour 24/24,Carrefour,
43300004,Intermarché,,,
74500012,Carrefour,Station Service Carrefour,Carrefour,
26140002,Esso,Station Esso,Esso,
3120006,Carrefour Market,Carrefour Market,,
39570010,TotalEnergies,TotalEnergies,Total,
70100008,Intermarché,Les Mousquetaires,,
78120013,TotalEnergies,Total,,
13600026,Total Access,Relais de Figuerolles,,
13340006,Avia,Avia,Avia,
71360002,DATS 24,Dats 24,,
71880002,Carrefour,Carrefour,Carrefour,
57380004,Aldi,,,
57980003,DATS 24,DATS 24,Codifrance,
55100001,Carrefour,Station-service Carrefour,,
42400006,TotalEnergies,TotalEnergies,,
54200014,BP,BP,,
53200003,TotalEnergies,Total,,
51100051,Super U,Super U,Super U,
59260007,Total Access,Total Access,,
76230001,Carrefour,Carrefour Market,Carrefour,
76230002,Carrefour,Carrefour,Carrefour,
85340003,E.Leclerc,Station Service E. Leclerc,E. Leclerc,
17138010,Carrefour Contact,Carrefour Contact,,
17140001,E.Leclerc,station-service Leclerc,,
17700003,E.Leclerc,Station Service E.Leclerc,,
33340003,E.Leclerc,Station Service E. Leclerc,E. Leclerc,
59780001,Carrefour,Carrefour,,
56270006,Intermarché,Intermarché,Intermarché,
68110010,Eni,Eni,Eni,
57320004,Intermarché,Intermarché,,
22360001,Carrefour,Carrefour,Carrefour,
47180002,Station U,Station U,,
22190001,E.Leclerc,E. Leclerc,,
72400018,Eni,Eni,,
61130004,TotalEnergies,TotalEnergies,,
86500002,E.Leclerc,Station Service E. Leclerc,E. Leclerc,
86300002,Esso,Station Esso Garage J. Menu,Esso,
86530001,,Q8 Oils,,
86100001,Auchan,C. C. Auchan,Auchan,
86100003,Système U,Station U,,
86360001,Auchan,Auchan,Auchan,
80136001,E.Leclerc,E. Leclerc,E. Leclerc,
50700004,E.Leclerc,Station Service E. Leclerc,,
59174003,Intermarché,Intermarché,Intermarché,
29600002,E.Leclerc,Station Service E.Leclerc,,
33300003,E. Leclerc,Station Service E. Leclerc,E. Leclerc,
33680005,Super U,Super U,Super U,
60440001,Intermarché,Intermarché,,
59494002,Auchan,Auchan,Auchan,
14520003,U,Station Service U - Thury-Harcourt,Super U,
27950001,Total,,,
59242003,E.Leclerc,Station Service E. Leclerc,E. Leclerc,
79250002,Intermarché,Intermarché,,
79300006,E.Leclerc,Station Service E. Leclerc,E. Leclerc,
38300018,Total,TotalEnergies,Total,
38300004,Esso,Esso Express,Esso,
53480002,Carrefour,Carrefour Express,,
19250006,Netto,Netto,,
59128002,Carrefour,Carrefour,Carrefour,
6200028,Total Access,,,Total Access - Relais des Pergolas
6310002,Total,,,Relais Plaisanciers
77260004,E.Leclerc,Station Service E. Leclerc,E. Leclerc,
77100025,Auchan,Auchan,,
44680001,,La station U,,
64210006,TotalEnergies,Relais Bidart Ouest,,
89000004,Total,Station-service Total,Total,
56000008,Total Contact,Total,,
28300009,Shell,Shell,Shell,
78360002,Carrefour Market,Carrefour Market,Carrefour Market,
74230007,Carrefour,Station-Service de Carrefour,,
92400017,Total,TotalEnergies,,
88100007,TotalEnergies,Relais du Haut Jacques,,
47390003,Carrefour,Carrefour,,
33290001,Total Access,Total Access,,
25200005,E.Leclerc,Station Service E. Leclerc,E. Leclerc,
33210003,E.Leclerc,Station Service E.Leclerc,E. Leclerc,
33150003,Esso,Esso,Esso,
3800003,Auchan,Auchan,Auchan,
91700003,Carrefour,Carrefour,,
57700002,Esso Express,Esso Express,,
34450001,Total,Total Contact,,
34450002,Intermarché,Intermarché,Groupement des Mousquetaires,
14320003,Carrefour,Carrefour,,
91300022,BP,Station BP Igny Ouest,BP,
44406001,E.Leclerc,Station Service E. Leclerc,,
31450004,,Station U,Super U,
50120004,Système U,Système U,,
16000008,Total Access,Access - TotalEnergies,,
72500001,E.Leclerc,Station Service E. Leclerc,E. Leclerc,
27000003,Système U,Système U,,
16160001,Avia,Avia,Picoty S.A.,
4000004,E.Leclerc,Station Service Intermarché,Groupement des Mousquetaires,
33310006,Avia,Avia Lormont,Avia,
85560004,Intermarché,Intermarché,,
14000003,TotalEnergies,Station Total,Total,
57140005,Esso,Esso aire de la Maxe,Esso,
14123004,E.Leclerc,E. Leclerc,,
16400001,Auchan,Auchan,Auchan,
42440010,Eni,Eni,,
38220001,Carrefour,,,
38160002,E.Leclerc,Station Service E. Leclerc,E. Leclerc,
92300004,E.Leclerc,Station Service E.Leclerc,E. Leclerc,
13751002,Intermarché,Intermarché Hyper,,
88300008,Total Access,Relais des Capucines,,
44412001,E.Leclerc,E. Leclerc - Océane,E. Leclerc,
91942001,Carrefour,Station Carrefour,Carrefour,
74100014,Intermarché,Intermarché Hyper,,
68130001,TotalEnergies,Total,,
16330001,Intermarché,Intermarché,Groupement des Mousquetaires,
70600003,Carrefour Contact,Carrefour Contact,Ladatis,
33370006,Intermarché,Intermarché,,
14760002,,Relais Du Virois,,
56000009,TotalEnergies,Total Access,,
44270001,Système U,Station Super U,,
79000013,Total Access,Total Access,Total,
10350001,Intermarché,Intermarché Contact,,
84130011,Total,TotalEnergies (Access) - Relais du Pontet,,
69290001,Esso,Esso,Esso,
73200005,Intermarché,Intermarché,Groupement des Mousquetaires,
77171003,TotalEnergies,TotalEnergies,Total,
82300004,Super U,Super U,,
85180004,Super U,Super U,Casino,
76190005,,Relais du Roy d'Yvetot,,
78360001,Carrefour,Carrefour,Carrefour,
16400002,Système U,Station U,,
16230002,Système U,Station U,,
31300008,Total Access,Rocade Purpan,,
78200008,Intermarché,Intermarché,Groupement des Mousquetaires,
88410001,Carrefour,Carrefour Express,,
79500002,Système U,Station U,,
79110003,Intermarché,Intermarché Super,Groupement des Mousquetaires,
88140003,E.Leclerc,Station Service E. Leclerc - Véhicules légers,E. Leclerc,
88140003,E.Leclerc,Station Service E. Leclerc - Poids lourds,E. Leclerc,
95137001,E.Leclerc,Station Service E. Leclerc,E. Leclerc,
27910001,Intermarché,Intermarché Super,Groupement des Mousquetaires,
88140006,TotalEnergies,TotalEnergies Access - Relais du Vair,Total,
69300011,TotalEnergies,Relais des Soldats,SARL MD Rhône,
35470003,Intermarché,Intermarché,Bretarraine SAS,
38230003,E.Leclerc,Station service E. Leclerc,E. Leclerc,
17320003,Intermarché,Intermarché,Groupement des Mousquetaires,
17130001,Système U,Station U,,
85710002,U,La Station U,,
85230003,Intermarché,Intermarché,Groupement des Mousquetaires,
85230001,Super U,Super U,Super U,
85550001,Intermarché,Intermarché,Groupement des Mousquetaires,
85000008,E.Leclerc,Station Service E.Leclerc,E. Leclerc,
63440003,TotalEnergies,Relais Les Volcans d'Auvergne Est VL,TotalEnergies,
65000011,Carrefour Market,Carrefour Market,Carrefour Market,
32190005,TotalEnergies,Total,Total,
31480004,U,U Express,Système U,
79260004,Carrefour,Carrefour Contact,,
79208001,E.Leclerc,Station Service E. Leclerc,E. Leclerc,
41100005,Intermarché,Intermarché,Groupement des Mousquetaires,
42480002,,Prenat Andre,,
71100027,TotalEnergies,Total,,
91180007,Total Access,Relais Grande Folie,,
81100003,OMI,OMI,,
20218009,Mariotti Energia,Mariotti Energia,,
34830001,Intermarché,Intermarché,Groupement des Mousquetaires,
85000007,E.Leclerc,Station Service E. Leclerc,E. Leclerc,
79600003,Intermarché,Station Intermarché,,
54800003,E.Leclerc,Station Service E.Leclerc,E.Leclerc,
88260001,Intermarché,Intermarché,,
20620004,Eni,Eni,,
95100030,TotalEnergies,Relais TotalEnergies de Jolival,,
95110006,TotalEnergies,TotalEnergies,Total Access,
29200015,TotalEnergies,Total Access,Relais Brest Europe,
20600011,Eni,Eni Campometa,Vito,
73260001,Super U,Super U,,
59520003,Intermarché,Intermarché,,
33210010,Intermarché,Intermarché,,
33170003,Avia,Avia,,
33140006,Intermarché,Intermarché,Intermarché,
16021001,E.Leclerc,E.Leclerc Station Service,E. Leclerc,
16710001,Système U,,,
16430006,Auchan,Auchan,Auchan,
16110001,E. Leclerc,,E. Leclerc,
25660004,Intermarché,Intermarché,,
75010002,Avia,Avia,,
18400004,Carrefour,Carrefour,,
25110003,évole énergies,Évole énergies,évole énergies,
87100011,Total,Total,,
74270001,Carrefour Contact,Carrefour Contact,,
76760002,Système U,Système U,,
84110001,TotalEnergies,Total Access,,
89000002,Avia,Station-service Avia XPress,Avia Xpress,
31200020,TotalEnergies,TotalEnergies,,
50340003,Intermarché,Intermarché Les Pieux,,
17100008,Intermarché,Intermarché,,
74440001,Super U,Station Service Super U,Super U,
14160004,TotalEnergies,Total,Total,
3300002,TotalEnergies,TotalEnergies,TotalEnergies,
59184002,Carrefour,Carrefour,,
41370004,,Communauté de Communes Beauce Val de Loire,,
10600002,Carrefour,Carrefour,,
84110004,Super U,Super U,Super U,
14320001,Total,Total,,
38290003,Total,,,
81200003,Intermarché,,,
94380002,Esso Express,Esso Express,,
63000015,E. Leclerc,Station Service E. Leclerc La Pardieu,Clermont-Ferrand Distribution,
91150010,Intermarché,Intermarché,Intermarché,
91150013,TotalEnergies,Relais Total De Chalouette,Total,
91150012,TotalEnergies,Total Access,Elf,
27000008,TotalEnergies,Total,,
31000001,Total,Total,,
66160001,E. Leclerc,,E. Leclerc,
11110001,Super U,La station,Super U,
76300004,Carrefour Market,Carrefour Market,,
63200001,Carrefour,Carrefour,Carrefour,
38160003,Intermarché,Intermarché,,
94430003,Carrefour,Carrefour,,
6000026,Total,Total Armée des Alpes,Total,
59113011,Esso,Esso,Total,
59501001,E.Leclerc,E. Leclerc,E. Leclerc,
91650001,Carrefour Market,Carrefour Market,,
35000022,Total Access,Total Access,Relais Rennes Hippodrome,
59116001,Super U,Super U,Super U,
57155002,E.Leclerc,Station service E. Leclerc,E. Leclerc,
26240006,Intermarché,,,
94340008,BP,BP,,
69480002,Avia,Avia,,
69658001,Carrefour,Station Essence Carrefour,Carrefour,
62650002,Carrefour,Carrefour,,
25150002,Intermarché,Station Services Intermarché,,
64604001,,E.Leclerc,E.Leclerc,
13500006,Intermarché,Intermarché,,
40300005,Intermarché,Intermarché,Groupement des Mousquetaires,
13127006,E. Leclerc,Station Service E. Leclerc,,
59129001,,Match,,
13800011,Auchan,Auchan,,
21121003,Intermarché,Intermarché,,
33450008,,Station Service Intermarché,,
91300006,E.Leclerc,Station Service E. Leclerc,E. Leclerc,
76610006,Super U,Super U - Station Essence,,
37300007,,Station-service Aldi,,
53140003,TotalEnergies,TotalEnergies,,
78180010,Total Access,Total Access,,
6000032,Esso,Esso,BP,
69570002,Esso Express,Esso Express Dardilly,Esso,
83100006,TotalEnergies,,,
82400005,,Val Fleuri,Louda,
95450007,TotalEnergies,TotalEnergies,Total,
95450006,TotalEnergies,Station Total Access,Total,
26300015,Carrefour Market,Carrefour Market,Carrefour,
17430001,Super U,Super U,,
17100013,Total Access,Total Access,,
74180001,Intermarché,Intermarché,Groupement des Mousquetaires,
95190005,TotalEnergies,Total Grand Pré,Total,
44230003,Auchan,Auchan,Auchan,
29200019,E.Leclerc,E.Leclerc Brest Phare de l'Europe,E.Leclerc,
77680004,Intermarché,Intermarché,,
91180002,Intermarché,Intermarché,Groupement des Mousquetaires,
14200008,Auchan,Auchan,,
14430001,U,Station U,,
40500001,Carrefour,Carrefour Market,,
59660002,Système U,Station U,,
92150006,TotalEnergies,Total,,
82290001,Intermarché,Intermarché,Groupement des Mousquetaires,
33700023,Total Access,Relais Aquitaine,,
78800006,TotalEnergies,TotalEnergies Access Relais la Vaudoire,Total Access,
45640001,Super U,Super U,,
27310009,TotalEnergies,Total,,
2200012,Carrefour,Carrefour,,
4700007,TotalEnergies,TotalEnergies,Total,
83500004,E.Leclerc,Station Service E. Leclerc,E. Leclerc,
77100015,Carrefour Market,Carrefour Market,,
80290001,Carrefour,Carrefour,,
16220001,Intermarché,Intermarché,Groupement des Mousquetaires,
13200009,Intermarché,Intermarché,Groupement des Mousquetaires,
63120002,Intermarché,Intermarché Super,Groupement des Mousquetaires,
54600005,TotalEnergies,TotalEnergies Aiguillettes,,
16000009,Total Access,TotalEnergies,,
20200014,Vito,Vito,,
59135001,E.Leclerc,E. Leclerc,,
56800003,Shell,Relais Shell De Brocéliande,Shell,
50500005,Intermarché,Intermarché,Groupement des Mousquetaires,
56109002,Intermarché,Intermarché,Intermarché,
62130003,Intermarché,Intermarché,,
57000002,TotalEnergies,Total,Michel Jovanic,
20250001,Vito,Vito,,
31130004,Intermarché,Intermarché,Groupement des Mousquetaires,
43800001,Total,Total,,
73700001,Système U,Station U,Super U,
6000029,Total,Total,,
77186001,TotalEnergies,Total,,
83600023,Carrefour Contact,Carrefour Contact,Groupe Carrefour,
31500006,,Esso,Esso,
62980001,E.Leclerc,Station Service E. Leclerc,E. Leclerc,
59110006,Total Access,Total Access,Total,
76380006,Auchan,Auchan Supermarché,,Canteleu
95160003,Intermarché,Intermarché,,
3100008,Intermarché,Intermarché,,
63550001,,Station service du Lac,,
61500003,Intermarché,Intermarché,Groupement des Mousquetaires,
61500002,TotalEnergies,Total,,
40100008,TotalEnergies,Total Access,Total,
3290002,Système U,Station U,,
63600001,Carrefour Market,Station-service Carrefour Market,Carrefour,
16700003,E.Leclerc,,E. Leclerc,
57130003,Esso,Esso,Esso,
81000005,Esso Express,Esso Express,,
93130007,BP,BP,BP,
73100005,Esso Express,Esso Express,,
35480001,Système U,La Station U,Guivadis,
82130003,Carrefour Contact,Carrefour Contact,Carrefour,
44700002,E.Leclerc,Station Service E. Leclerc,,
76380002,E.Leclerc,E. Leclerc,E. Leclerc,
44802001,Carrefour,Carrefour,Carrefour,
92130006,TotalEnergies,TotalEnergies access,,Relais Issy les Moulineaux Voisin
33600010,TotalEnergies,Total,Total,
14800008,Avia,Avia,Avia,
61200001,Carrefour Market,carrefour market,,
22120003,,Remy Guguen,,
69132001,Carrefour,Carrefour,,
57730001,Super U,Super U,Super U,
71170003,Intermarché,Intermarché,Groupement des Mousquetaires,
63320001,Intermarché,Intermarché Super,Groupement des Mousquetaires,
62270002,Carrefour Market,Carrefour Market,,
8000008,Intermarché,Intermarché,Groupement des Mousquetaires,
37230004,Super U,Super U,,
7170001,TotalEnergies,TotalEnergies,,
56000003,Carrefour,Carrefour,,
88120001,U,La Station U 24/24,Super U,
70100007,Avia,Avia,,
3800005,TotalEnergies,Total,,
3800004,TotalEnergies,TotalEnergies,,
3800006,Intermarché,Roady,Groupement des Mousquetaires,
42390001,Auchan,Auchan Carburants,,
31400007,Avia,Avia,,
13200019,Esso,Esso,,
88190001,E.Leclerc,Station Service E. Leclerc,E. Leclerc,
1000016,TotalEnergies,Total Énergie,,
44390003,,,Système U,
41200002,Total,Total,SARL RELAIS VILLEFRANCHE,
69360012,Total Access,Total,Total,
38230001,Carrefour,Carrefour Market,,
31410009,Carrefour Contact,Carrefour Contact,,
95320006,TotalEnergies,TotalEnergies Access,,
92140009,Esso,Esso,,
81120002,Intermarché,Intermarché,,
91190009,Esso Express,Esso Express,,
64100016,Total,Total,M. Damestoy,
39700014,TotalEnergies,Total,,
56190001,Super U,,,
63430006,U,Super U,Super U,
3200002,TotalEnergies,TotalEnergies - Vernet,TotalEnergies,
31860005,Intermarché,Intermarché,,
3000003,E.Leclerc,E. Leclerc,,
27400001,Intermarché,Intermarché,Groupement des Mousquetaires,
5000017,Total,Total,Total,
89200002,Avia,Avia Xpress,,
2100009,E.Leclerc,E. Leclerc,,
38430002,Esso Express,Esso Express,,
25660002,Super U,Super U,Super U,
14390001,Carrefour Market,Carrefour Market Cabourg,,
50700003,Intermarché,Intermarché,,
69380004,E.Leclerc,Station service E. Leclerc,E. Leclerc,
35580001,Super U,La Station U,,
62400001,Auchan,Auchan,,
20218008,Vito,Vito,,
33523001,E.Leclerc,Station Service E. Leclerc,E. Leclerc,
94204001,Carrefour,Station Service Carrefour Quais d'Ivry,,
18000001,Carrefour Market,Carrefour Market,,
42100005,Esso Express,Esso Express,Esso,
44580001,TotalEnergies,TotalEnergies,Total,
15000009,Intermarché,Intermarché,Groupement des Mousquetaires,
33170010,Eni,Eni,,
67500011,TotalEnergies,Total,Total,
1270003,TotalEnergies,TotalEnergies,,
35590001,Super U,Station-service Super U,Super U L HERMITAGE,
69600004,Avia,Avia xpress,,
72460002,Carrefour Market,Carrefour Market,,
59320007,E.Leclerc,Station Service E.Leclerc,E. Leclerc,
10150002,Intermarché,Intermarché,Groupement des Mousquetaires,
29120003,E. Leclerc,E. Leclerc,,
19140001,Super U,Super U,Super U,
71000021,TotalEnergies,TotalEnergies,Total,
74800002,Esso Express,Esso Express,,
72301001,TotalEnergies,Total,,
64700001,TotalEnergies,Total,SARL Castagnet Paul,
64500006,TotalEnergies,Relais Saint-Jean-de-Luz Chantaco,,
94600005,Intermarché,Intermarché,Groupement des Mousquetaires,
94600007,TotalEnergies,Total Le Lugo,,
57850001,Avia,Avia,,
22810002,TotalEnergies,Relais Porz an Park,,
21200005,E.Leclerc,Station Service E.Leclerc,,
78160002,TotalEnergies,TotalEnergies - Parc de Marly,Total,
47000003,Intermarché,Intermarché,Intermarché,
17690002,Total Access,Total Access,,
45400004,E.Leclerc,Station Service E. Leclerc,E. Leclerc,
85000003,Super U,La Station U,Super U,
79000002,Carrefour,Carrefour,,
25000027,Intermarché,Station-service Intermarché,,
35600003,Intermarché,Intermarché Hyper,Anjou Beaulieu,
64500004,TotalEnergies,Lamerain,,
22350006,Esso,Esso,,
44110001,La Station U,La Station U,Clema,
35400009,TotalEnergies,Station Total,Total,
68000018,TotalEnergies,Relais Petite Venise,Total,
68000012,E.Leclerc,Station Service E. Leclerc,E. Leclerc,
20218004,Vito,Vito,BP,
12000010,E.Leclerc,Station Service E.Leclerc,E. Leclerc,
76160003,Super U,Super U,,
76240006,Total Access,Total Access,,
17100006,E.Leclerc,,E. Leclerc,
28300010,Shell,,Shell,
69882001,E.Leclerc,Station service E. Leclerc,E. Leclerc,
56220003,Super U,Super U,,
14550001,Système U,Hyper U,,
68100002,E.Leclerc,Station Service E.Leclerc,,
50450001,Système U,Station U,,
3200005,Carrefour,Carrefour,Carrefour,
49440001,Super U,,,
62700003,Intermarché,Intermarché,,
1600003,Auchan,Auchan,,
9500003,Système U,Système U,,
76460003,TotalEnergies,TotalEnergies,,
15000016,TotalEnergies,Total Access,,
15250006,Carrefour Contact,Carrefour Contact,Carrefour,
18200011,Esso,Station Esso,Esso,
8000005,Esso Express,Esso Express,Esso,
76380003,Intermarché,Intermarché,,
86190001,Super U,Super U,Super U,
38400006,Intermarché,Intermarché,,
61190003,,Station-service Charencey,,
76530002,Esso Express,Esso Express,Esso express,
15300003,Intermarché,Station essence Intermarché Super,Groupement des Mousquetaires,
65100008,Netto,,,
65100004,Esso Express,Esso Express,,
34402001,E.Leclerc,Station Service E. Leclerc,E.Leclerc,
34400004,Esso Express,Esso Express,,
13500005,Esso Express,Esso Express,,
65000004,Esso,Esso,Esso,
44300017,E.Leclerc,Station Service E. Leclerc,E. Leclerc,
91310002,Intermarché,,Adelaur SA,
91000004,Esso,Esso,Esso,
88160002,Total Access,Total Access,,
51320003,Total Access,Total Access,,
41130003,Système U,Station U,,
35590008,Total,Total,Relais le Pays de Rennes,
38240006,TotalEnergies,TotalEnergies,Total,
38240006,TotalEnergies,TotalEnergies,Total,
38320006,Total,Total relais d'Eybens,Total,
37400004,Netto,Netto,,
68460002,Carrefour,Carrefour,,
24800003,,Station Maguer,,
62710002,Netto,Netto,,
31770005,Total,Total,,
5230007,Total Access,Total Access,,
94000010,Total,Total,Total,
91000007,Total Access,Relais Total Access des Épinettes,Total Excellium,
58210001,Avia,Avia Express,,
58240001,Avia,Avia Xpress,,
55500003,Avia,Avia - Relais de l'Ornain,,
45320004,Intermarché,Intermarché,,
48300006,,Access - TotalEnergies,,
10120004,Super U,Super U,,
71118001,Intermarché,,Groupement des Mousquetaires,
21320006,Avia,Avia,,
29750001,Carrefour Market,Carrefour Market,,
34130002,E.Leclerc,E.Leclerc,E.Leclerc,
35420001,Super U,Super U,,
76460002,E.Leclerc,E.Leclerc,E.Leclerc,
35560003,Carrefour,Carrefour,,
91100016,Total Access,Total Access,,
14980007,Esso Express,Esso Express,,
14140001,,,Groupement des Mousquetaires,
59320001,Auchan,Auchan,,
12700001,Intermarché,Intermarché,,
46800003,TotalEnergies,TotalEnergies,,
91800010,,Monoprix,,
7160003,Intermarché,Intermarché,Groupement des Mousquetaires,
71110001,Super U,Super U,,
32800003,E.Leclerc,E.Leclerc,,
68800002,Intermarché,Intermarché,,
35300001,Esso Express,Esso Express,,
62170005,TotalEnergies,Total Access,Total,
93260007,TotalEnergies,Total Access,Total,
38380003,Intermarché,Intermarché,Groupement des Mousquetaires,
11120003,Intermarché,Intermarché,,
67120006,E.Leclerc,E. Leclerc,,
49000014,Total,TotalEnergies - Relais Baumettes B,Total,
91800009,BP,BP,,
94500011,TotalEnergies,TotalEnergies - Relais du Tremblay,TotalEnergies,
29800004,E.Leclerc,E. Leclerc,,
42160004,E. Leclerc,Station service E. Leclerc,E. Leclerc,
54360002,Total,Total,,
35132004,Total Access,Total Access,Relais Les Trois Marches,
72550002,Total,,,
14380003,Avia,Antar,,
14000014,E.Leclerc,Station Service E. Leclerc,,
14112001,Carrefour,,,
14500003,Carrefour,Carrefour,,
1300001,Carrefour,Carrefour,Carrefour,
91270003,BP,Esso,,
37100011,TotalEnergies,Access - Total Energies,Total,Relais Tours Aéroport
59530002,Intermarché,Intermarché,,
58500003,E.Leclerc,Station Service E.Leclerc,,
77500001,Auchan,Auchan,,
73190002,Esso,Esso,Esso,
38530005,Intermarché,Intermarché,,
77500008,Esso,Esso,,
5100008,Total,Relais Total La Grande Boucle,Total,
89700002,E.Leclerc,Station Service E.Leclerc,E. Leclerc,
40170003,Super U,Super U,,
73400003,Carrefour,,,
34600001,Carrefour Market,Carrefour Market,Carrefour Market,
21121007,Total Access,Total Access,Total,
29600005,Carrefour,Carrefour,Carrefour,
76300009,Total Access,Total Access,Total,
76000006,Avia,Avia,Avia International,
29000014,E.Leclerc,E. Leclerc,,
80100002,Super U,Station U,U,
73290001,Super U,Super U,,
62680001,Intermarché,Intermarché,,
62219001,Auchan,Auchan,Auchan,
78420004,BP,BP,,
51800012,Avia,Avia,,
34220002,Gallien,Station Gallien,Sarl Gallien,
52000006,E.Leclerc,E. Leclerc,Chaumondis,
46400002,E.Leclerc,Station Service E. Leclerc,E. Leclerc,
10800007,Intermarché,Intermarché,SARL Van Wynsberghe,
2500003,E.Leclerc,Station Service E.Leclerc,E. Leclerc,
77184004,Intermarché,Intermarché,Groupement des Mousquetaires,
48300003,Intermarché,Station service Intermarché,,
59112002,Carrefour Market,Carrefour Market,,
62280001,Carrefour,Carrefour,Carrefour,
40400005,,Tucat,,
50000008,Esso,Esso,,
73460003,Netto,Netto,Groupement des Mousquetaires,
62200004,Intermarché,Intermarché,,
94120010,BP,BP,BP,
76250004,Avia,Avia,,
77165002,Carrefour Market,Carrefour Market,,
90008001,E.Leclerc,Station Service E. Leclerc,E. Leclerc,
31850003,Super U,,,
22630002,Carrefour Contact,Carrefour Contact,,
35400008,Intermarché,Intermarché Super,Groupement des Mousquetaires,
78000008,TotalEnergies,TotalEnergies,,
14123005,Système U,Station U,,
63300004,E.Leclerc,Station Service E.Leclerc,E. Leclerc,
22950003,Intermarché,Intermarché,Groupement des Mousquetaires,
72320005,Carrefour Contact,Carrefour Contact,,
51430002,Carrefour,Carrefour,,
37800008,Esso,Esso,,
77116001,E.Leclerc,E.Leclerc,E. Leclerc,
32150002,Intermarché,Intermarché,Groupement des Mousquetaires,
57740004,Cora,,Cora,
29360002,Carrefour,Carrefour Contact,,
13360001,Intermarché,,,
94100006,Esso Express,Esso Express,Esso,
1130002,Avia,Avia,,
91290005,Netto,Netto,Netto,
91540003,Netto,Netto,Groupement des Mousquetaires,
26600013,TotalEnergies,Total - Relais Pont de l'Isère,Total,
14380001,Carrefour,Carrefour,Carrefour,
37306001,E.Leclerc,Station Service E.Leclerc,E. Leclerc,
37003001,E.Leclerc,Station Service E.Leclerc,,
37230003,E.Leclerc,Station Service E.Leclerc,E. Leclerc,
56800004,E.Leclerc,E. Leclerc,,
41350007,TotalEnergies,Relais Vineuil Denis Papin 1,,
95520004,E. Leclerc,Station Service E. Leclerc,E. Leclerc,
45240001,Carrefour Market,Carrefour Market,Carrefour Market,
87100010,Total,Total,,
25610001,bi1,bi1,,
50370002,Super U,Super U,Super U,
91230001,Esso Express,Esso Express,Esso,
51000009,Intermarché,Intermarché Super,Groupement des Mousquetaires,
30100012,,Station-Essence Intermarché,Groupement des Mousquetaires,
93190002,Carrefour,Carrefour,,
52200010,Intermarché,Intermarché,Groupement des Mousquetaires,
38480005,Avia,Avia Romagnieu,,
2130005,Avia,Aviaxpress,Avia,
73410001,Intermarché,Intermarché,Intermarché,
34200013,TotalEnergies,Total Access,,
59100003,Esso,Esso,,
30400005,TotalEnergies,TotalEnergies,Total,
81150003,TotalEnergies,Total,EURL MARSSAC MOTOCULTURE,
7800001,TotalEnergies,TotalEnergies contact,,
26400004,Intermarché,Intermarché,,
50300006,Elan,Elan,,
85630001,U,U Express,Système U,
95270006,TotalEnergies,Relais Total Access de Chaumontel,Total,
53600001,U,U La Station,Super U,
74330001,Auchan,Auchan,,
12100009,E.Leclerc,Station Service E. Leclerc,Groupement des Mousquetaires,
30000008,E.Leclerc,Station Service E. Leclerc,E. Leclerc,
93110005,Total,Relais Total des Soudoux,Total,
34200001,Auchan,C.c. Auchan,Auchan,
31180001,E. Leclerc,Station Service E. Leclerc,E. Leclerc,
72230007,Super U,Super U,Super U,
20600007,Esso,Station Esso Arinella,Esso,
42160003,TotalEnergies,TotalEnergies,,
33370015,TotalEnergies,Total Access,Total,
25000008,Esso,Esso,Esso,
51210004,E.Leclerc,Station Service E. Leclerc,,
14120001,Super U,Super U,,
31100011,Total Access,Relais d'Espagne,SARL Solika KFJ,
20620002,Esso,Esso,Esso,
42190004,TotalEnergies,TotalEnergies,,
42110006,Total Access,Relais de Feurs,,
20600010,Vito,Vito,,
14600007,TotalEnergies,Total Access,,
35235001,TotalEnergies,TotalEnergies,,
49150001,Système U,Station U,,
31650002,E.Leclerc,Station Service E.Leclerc,E. Leclerc,
84000009,E.Leclerc,Station Service E.Leclerc,,
62860007,BP,BP,,
82370001,Super U,Super U,Super U,
24000001,TotalEnergies,Total,,
32800001,E. Leclerc,Station Service E. Leclerc,E. Leclerc,
44272001,Carrefour,Nantes-Beaulieu,Carrefour,
41240002,Intermarché,Intermarché,Groupement des Mousquetaires,
23700001,Intermarché,Intermarché,Groupe Les mousquetaires,
31400006,Esso,Esso,Esso Express,
92140015,TotalEnergies,TotalEnergies,TotalEnergies,
92140016,TotalEnergies,TotalEnergies,TotalEnergies,
22700004,Intermarché,Intermarché,,
54000001,Auchan,Station essence Auchan Nancy Lobau,Auchan,
51190001,Intermarché,Intermarché Contact,,
95240003,TotalEnergies,TotalEnergies Contact,,
95370007,TotalEnergies,TotalEnergies Access,Total,
90000013,TotalEnergies,Relais Total Des Glacis,Total,
41600005,Intermarché,Intermarché,,
56301001,E.Leclerc,E.Leclerc,,
25000023,TotalEnergies,Total Midol,Total,
56120001,E.Leclerc,E. Leclerc,,
66100002,TotalEnergies,Total,,
61250002,TotalEnergies,Total,,
71304001,E.Leclerc,Station Service E. Leclerc,E. Leclerc,
28600002,E.Leclerc,Station Service E.Leclerc,Sodichar,
28300005,Intermarché,Intermarché,Groupement des Mousquetaires,
28000007,Intermarché,Intermarché,,
13400007,Esso Express,Esso Express,ESSO,
27201001,E.Leclerc,Station Service E.Leclerc,,
64800005,Intermarché,Intermarché,Groupement des Mousquetaires,
47200005,E.Leclerc,Station Service E. Leclerc,E. Leclerc,
29900003,E. Leclerc,,,
76360001,Carrefour,Carrefour,Carrefour,
69100028,Esso,ESSO,,
87350002,TotalEnergies,TotalEnergies,Alvea-Relais de Panazol,
87120005,Intermarché,Intermarché,,
45400005,Intermarché,Intermarché,Groupement des Mousquetaires,
95100034,TotalEnergies,TotalEnergies Access,,
71850001,Carrefour Market,Carrefour Market,,
69100030,Esso,Esso,Esso,
22440001,E. Leclerc,E. Leclerc,,
63300007,,Pireyre & Pascal Energy,,
2690002,TotalEnergies,Relais Total d'Urvillers,Total,
67170009,BP,BP,,
67170010,BP,BP,,
22310001,E.Leclerc,Station Service Super U,,
91270002,Intermarché,Intermarché Super,Groupement des Mousquetaires,
46000008,Netto,Netto,Groupement des Mousquetaires,
91410001,TotalEnergies,Total,,
82000010,E.Leclerc,E. Leclerc Station Service,E. Leclerc,
81000009,E.Leclerc,Station Service E.Leclerc,,
81380001,E.Leclerc,Station Service E.Leclerc,E. Leclerc,
35000024,Avia,Avia,Avia,
31700009,Total,Station Total,Total,
1000009,Intermarché,Intermarché,Groupement des Mousquetaires,
69410006,Eni,Eni,,
73220002,Carrefour,Carrefour,Carrefour,
5120003,E.Leclerc,Station Service E. Leclerc,,
83160008,Auchan,Auchan,,
78440001,Carrefour,Carrefour Market,,
85440001,Système U,Système U,,
32200001,Carrefour Market,,Carrefour,
95310003,E. Leclerc,,E. Leclerc,
60280003,Intermarché,Intermarché,,
47520003,Intermarché,Intermarché,Groupement des Mousquetaires,
29129001,Intermarché,Intermarché,,
2000008,E. Leclerc,Station Service E. Leclerc,E. Leclerc,
39140003,Système U,Station U,,
84120007,Système U,Système U,,
53110001,Intermarché,Intermarché,Groupement des Mousquetaires,
38520001,Total,,Total,
54220002,Match,Match,,
50380003,Intermarché,Intermarché,,
14100006,Système U,Station U,,
81580001,Super U,Station U,,
24660004,Super U,Super U,Super U,
27340001,Station U,Station U,,
27350003,Total,Total,,
76770003,Total Access,Total Access,,
59000019,Total Access,TotalEnergies,Total,
34500030,E.Leclerc,,E.Leclerc,
64320005,TotalEnergies,Relais Bizanos Star,,
38420003,Intermarché,,Groupement des Mousquetaires,
56270003,Carrefour,,,
94340007,Esso,Esso,,
78470001,Carrefour,Station service Carrefour Market,,
63460003,Intermarché,Intermarché,Intermarché,
74700003,Intermarché,Intermarché,Groupement des Mousquetaires,
62000005,E.Leclerc,Station Service E. Leclerc,E. Leclerc,
14000009,Super U,Super U Caen Beaulieu,,
14000020,TotalEnergies,Total Access,TotalEnergies,
50100007,TotalEnergies,Total Access,Total,
21800010,Carrefour Market,Carrefour Market,,
38431001,Carrefour,Carrefour,Carrefour,
31520005,TotalEnergies,TotalEnergies,Total,
4200003,Intermarché,Intermarché,Groupement des Mousquetaires,
20200016,,Station Vito Fangu,,
95420003,E.Leclerc,Station Service E.Leclerc,Leclerc,
71100019,AS 24,AS 24,,
40390001,U,Station Service Super U,,
68620001,Super U,Super U,,
43400001,Intermarché,Intermarché,Groupement des Mousquetaires,
16120001,Super U,Station U,CHATEAUDIS,STATION U
1100009,Intermarché,Intermarché Hyper,,
57400003,TotalEnergies,TotalEnergies Access,,
83330006,Auchan,Auchan,Auchan,
11400008,E.Leclerc,Station Service E. Leclerc,,
20167012,,Station Vito Aiacciu-Baléone,,
57100006,E.Leclerc,Station Service E.Leclerc,E. Leclerc,
36200003,Mousquetaires,,Groupement des Mousquetaires,
68290002,E.Leclerc,Station Service E.Leclerc,E.Leclerc,
1700004,E.Leclerc,Station Service E. Leclerc,,
64233001,Carrefour,Carrefour,,
83600029,Intermarché,Intermarché,Groupement des Mousquetaires,
77820003,E.Leclerc,Station Service E.Leclerc,,
83490005,Intermarché,Intermarché,,
39380001,Système U,Station U,Système U,
49330004,TotalEnergies,Total Energies,,
83400015,Auchan,Auchan,,
50800005,Intermarché,Intermarché,,
50430003,,Station service AVIA,,
42300013,,Petrol Polygone,,
77164002,Intermarché,Intermarché,,
39400003,Avia,Avia Express,,
38190005,Auchan,Auchan,,
35330002,Intermarché,Station service Intermarché,,
6230002,Esso,Esso,Esso,
63000022,TotalEnergies,Total,,
74190003,Système U,Station U,,
37530002,Intermarché,Intermarché,Intermarché,
76610004,TotalEnergies,Total Relais Rouelles,,
34170004,Netto,Netto,,
40500002,Intermarché,Intermarché,Groupement des Mousquetaires,
69009003,Esso,Esso,Esso Express,
67500001,Carrefour,Carrefour,Carrefour,
34740004,TotalEnergies,Total Access,,
44250003,E.Leclerc,Station E. Leclerc Saint-Brévin,E. Leclerc,
24270005,Carrefour,Carrefour,,
45240003,Super U,Super U,,
23320001,,Carburant Service,,
25310001,Carrefour Contact,Carrefour Contact,,
53200006,Intermarché,Intermarché,,
34400016,Esso,Esso,,
18200005,Intermarché,Intermarché,Groupement des Mousquetaires,
53102002,,E.Leclerc,,
54700009,,Match,,
67340002,Super U,Super U,,
34440004,Super U,Super U,,
41400007,Carrefour Contact,Carrefour Contact,carrefour contact,
28270003,Carrefour,Carrefour,,
29460003,TotalEnergies,Total,,
61260003,,Carrefour Contact,,
73250001,Intermarché,Intermarché,Groupement des Mousquetaires,
54700005,,Roady,,
25000026,,Évole Énergies,,
67330001,,Supermarché Match,,
21400009,Avia,Avia,,
30000006,Esso Express,Esso express,,
74320006,Avia,Avia,,
45320005,Esso,,,
56380003,Carrefour,Carrefour,Carrefour Market Guer - Groupe Carrefour,
25210004,,,Rognon Produits Pétroliers,
38500008,Carrefour,Carrefour,Carrefour Market,
82270002,TotalEnergies,Relais Total du Bois de Dourre,Total,
88560003,Carrefour Contact,Carrefour Contact,,
61300002,Intermarché,Intermarché,,
68124002,E.Leclerc,Station Service E.Leclerc,,
15190004,Carrefour,,,
66210005,Dyneff,Dyneff,,
15200005,Carrefour,Carrefour,,
27210009,TotalEnergies,TotalEnergies,,
70250005,Carrefour,Carrefour,,
4160006,Auchan,Auchan,Auchan,
42220006,,,Carrefour Contact,
89000012,Intermarché,Intermarché,,
53950002,Carrefour Contact,Carrefour Contact,,
76540002,Carrefour,Carrefour,,
3150008,,Relais Paris Lyon,,
42110010,Netto,Netto,Netto,
81700006,Carrefour,Carrefour Contact,,
54134002,Total,Total,,
43750003,Carrefour,Carrefour,Carrefiur,
77410009,Total,Relais Total De Villevaudé,Total,
39220004,Avia,Avia,,
18100011,Total,Relais Total De La Chevrolerie,Total,
81000001,Carrefour,Carrefour,Carrefour,
48100001,Total,Station Total,Total,
90160001,Auchan,Auchan,Auchan,
12400001,Carrefour,Carrefour,Carrefour,
71000001,Auchan,C. C. Auchan,Auchan,
25200001,,C. C. Cora,,
73200008,Intermarché,Intermarché,Intermarché,
76620001,Auchan,Auchan,Auchan,
57520001,Carrefour,Station-service Carrefour,Carrefour,
84400003,E.Leclerc,Station Service E. Leclerc,E. Leclerc,
42360001,TotalEnergies,TotalEnergies,,
42600002,TotalEnergies,Total Contact,,
29890003,E.Leclerc,E.Leclerc,,
73120003,Avia,Courchevel Auto Services,,
88230003,Carrefour,Carrefour,,
38490012,Carrefour,Carrefour,Carrefour,
6600026,Auchan,Auchan,Auchan,
73630004,Carrefour,Carrefour,Carrefour,
68440003,Intermarché Contact,Intermarché Contact,,
19400006,Intermarché,Intermarché,,
73450001,Elan,,Elan,
69500013,Intermarché,Intermarché,,
71100031,Intermarché,,,
77260009,Total,Total énergie,,
46500006,Carrefour,Carrefour,Carrefour,
74950002,Carrefour Market,Carrefour Market,,
38260009,Elan,Elan,Elan,
26600015,Netto,Netto,,
13400017,Intermarché,Intermarché,,
35830002,Esso,Esso,Action Automobile,
29810002,Système U,Station U,,
30290001,Système U,Station U,,
22650001,Total Contact,Total Contact,,
20600009,Esso,Station Esso du Prado,Esso,
2800003,E.Leclerc,Station Service E. Leclerc,E. Leclerc,
45190003,E.Leclerc,Station Service E. Leclerc,E. Leclerc,
66624001,Dyneff,dyneff,,
85200001,Système U,Hyper U,Hyper U,
62223001,E.Leclerc,Station Service E. Leclerc,E. Leclerc,
67350004,Match,Match,Match,
67590001,Auchan,Auchan Schweighouse-sur-Moder,Auchan,
67290002,Carrefour Contact,Carrefour contact,,
67270001,,Match,Match,
67310003,E.Leclerc,E. Leclerc,E. Leclerc,
67370001,Système U,Station U,,
67520001,Auchan,Auchan,,
73800001,Esso,Esso,Esso,
67480002,E.Leclerc,Station Service E. Leclerc,E. Leclerc,
67620003,E.Leclerc,Station Service E. Leclerc,E. Leclerc,
67300004,E.Leclerc,Station Service E. Leclerc,,
67202002,Super U,Super U,Super U,
67960001,Carrefour Contact,Carrefour Contact,,
67380001,Super U,Super U,Super U,
67118002,E.Leclerc,Station Service E. Leclerc,E. Leclerc,
67400004,E.Leclerc,Leclerc Express,,
13007001,Esso Express,Esso Express,,
67211001,E.Leclerc,E. Leclerc,,
67151001,E.Leclerc,Station Service E. Leclerc,E. Leclerc,
67730001,E.Leclerc,Station Service Total - Garage Walter,,
67220003,Super U,Super U,,
67603001,E.Leclerc,Station Service E. Leclerc,E. Leclerc,
67600004,E. Leclerc,Leclerc,E. Leclerc,
67600003,E.Leclerc,Station Service E.Leclerc - Poids lourds,E. Leclerc,
67600003,E.Leclerc,Station Service E.Leclerc - Véhicules légers,E. Leclerc,
67230005,Intermarché,Intermarché,Groupement des Mousquetaires,
1600002,Carrefour,,Carrefour Market,
67150001,Esso,Esso,Esso Express De L'ill,
92160006,TotalEnergies,Total,,
91300019,TotalEnergies,Access TotalEnergies,Elf,
76420006,Total Access,Total Access,,
37000014,Total,Relais St François,Total,
74120006,TotalEnergies,TotalEnergies,,
69600002,Intermarché,Intermarché,,
35400012,TotalEnergies,Total Access,,
35400011,TotalEnergies,Total Access,,
35410002,,,Groupement des Mousquetaires,
35270001,U,U,,
35780001,Intermarché,Intermarché,,
29200017,TotalEnergies,TotalEnergies,Relais Total de Keranroy,
14123008,Total,Total,,
31190003,Carrefour Market,Carrefour Market,,
31830001,Intermarché,,,
1710001,Migrol,Station U,Migros France,
31110002,Intermarché,Intermarché,,
64300003,E.Leclerc,Station Service E. Leclerc,E. Leclerc,
47450002,Intermarché,,,
82200008,Intermarché,Intermarché,,
29228001,E.Leclerc,E. Leclerc,,
95120001,Carrefour,Carrefour,Carrefour,
28500006,Intermarché,Intermarché,,
87000027,TotalEnergies,TotalEnergies,Total,
81600001,E.Leclerc,Station Service E.Leclerc,E. Leclerc,
31530004,TotalEnergies,Total,SAS Cortese Services Energie,
38200019,,Monoprix,Monoprix,
88160001,Total,Station Total,Total,
57000008,Esso Express,Esso Express,,
29000006,E.Leclerc,E. Leclerc,,
29180001,Super U,Super U,,
10190001,,AVIA XPress,,
59380002,Esso Express,Esso Express,Esso,
88307001,E.Leclerc,Station Service E.Leclerc,,
74700006,Avia,Avia,Avia,
61230007,Intermarché,Intermarché,,
66310002,Carrefour,Carrefour,,
77130005,E.Leclerc,Station Service E.Leclerc,,
69670002,Esso,Esso,,
78570005,Intermarché,Intermarché,,
76210006,Esso,Esso,Esso,
69290002,E.Leclerc,Station service E. Leclerc,E. Leclerc,
60230002,E.Leclerc,Station Service E. Leclerc,E. Leclerc,
57580002,U,Station Super U,Super U,
45300003,E.Leclerc,Station Service E.Leclerc,,
66962002,E.Leclerc,E. Leclerc,,
91100015,TotalEnergies,Relais Total de Villabé,Total,
58300004,E.Leclerc,Station Service E.Leclerc,E.Leclerc,
89000005,TotalEnergies,Total Access,Total,
27380003,Carrefour,Carrefour,,
56920001,Intermarché,Intermarché,Groupement des Mousquetaires,
91290006,TotalEnergies,TotalEnergies,,
44100006,TotalEnergies,Total Access Relais Nantes Tertre,Total,
3410001,Auchan,Station essence d'Auchan,Auchan,
13320013,Esso,Relais de la Salle,,
94380004,TotalEnergies,TotalEnergies,,
77186003,TotalEnergies,Total,,
94150005,TotalEnergies,Total,,
91240003,BP,BP,BP,
76130001,Esso Express,Esso Express,Esso,
82210003,Carrefour,,,
87000020,Intermarché,Intermarché Super,Groupement des Mousquetaires,
74430001,Carrefour Market,Carrefour Market,Carrefour,
59000010,Esso,Esso,,
73140001,Carrefour,Carrefour,Carrefour,
52100009,E.Leclerc,E. Leclerc,,
76250001,Carrefour,Carrefour Market,La Dévilloise,
20000006,Total Access,Relais Ceccaldi,,
64200009,Total Access,Relais Marne Verdun,,
45100008,,Relais Orléans La Source,TOTAL,
38780003,Système U,Système U,,
34360001,Total,Total Contact,,
51430004,E.Leclerc,Station Service E. Leclerc,E. Leclerc,
54500007,TotalEnergies,Station Total,Total,
68300003,E.Leclerc,Station Service E.Leclerc,E. Leclerc,
29120006,Intermarché,Intermarché,,
94500007,E.Leclerc,Station Service E. Leclerc,E. Leclerc,
1460003,Intermarché,Intermarché Station Port,,
74500005,Intermarché,Intermarché,,
31500012,Avia,Avia,Avia,
73500005,Intermarché,Intermarché,,
44300013,Esso Express,Esso Express,Esso,
21190002,Carrefour,,,
68260001,E.Leclerc,Station Service E. Leclerc,E. Leclerc,
23240002,Elan,Elan,Elan,
31350004,Avia,Avia Xpress,,
89380006,Total Access,Total access,Total,
35510006,Carrefour Market,Carrefour Market,Carrefour Market,
64121004,Intermarché,Station-Service Intermarché,,
25500007,Casino,Casino,,
56200004,Casino,Station Casino,,
88350002,Système U,Station U,,
32380001,Intermarché,,,
22230003,La Station U,La Station U,,
57300005,Total,Total,,
61200006,E.Leclerc,Station Service E. Leclerc,E. Leclerc,
2200001,Carrefour,Carrefour,Cora,
27200001,Carrefour,Carrefour,,
88250002,Super U,Station U,,
1630003,Intermarché,Intermarché,Groupement des Mousquetaires,
40006001,E.Leclerc,Station Service E.Leclerc,E. Leclerc,
13730001,Carrefour Market,Carrefour Market,,
15004002,E.Leclerc,Station Service E.Leclerc,E. Leclerc,
50290001,Système U,Station U,,
71100002,Carrefour,Carrefour,,
30000016,E.Leclerc,Station Service E. Leclerc,E. Leclerc,
69002006,Esso,Esso,,
56000004,E.Leclerc,E. Leclerc,Vannes Distribution,
19000002,E.Leclerc,Station Service E.Leclerc,E. Leclerc,
71400016,Avia,Avia,,
10600012,Auchan,Auchan,Auchan,
91100021,Euro Pétrol,,,
35520001,Système U,La Station U,,
44490002,Intermarché,Intermarché,,
21320004,Carrefour,,,
67160002,Match,Match,Match,
67250002,E.Leclerc,Station Service E. Leclerc,E. Leclerc,
67500013,Intermarché,Intermarché,Intermarché,
67500003,Auchan,Auchan,,
44800004,E.Leclerc,Station Service E. Leclerc,,
56500005,E. Leclerc,Station Service E. Leclerc,,
44130003,E.Leclerc,Station Service E. Leclerc,E. Leclerc,
44200002,E.Leclerc,Station Service E. Leclerc,E. Leclerc,
31500015,Avia,Avia,Avia,
46270001,Intermarché,Intermarché Contact,,
85290006,Super U,Super U Station,,
80480003,Intermarché,Intermarché,Groupement des Mousquetaires,
21800002,Carrefour,Carrefour,,
51000001,Carrefour,Carrefour,,
56450005,Total Access,,Total access,
93700003,Carrefour,Carrefour,,
5200009,TotalEnergies,TotalEnergies,Total,
54840004,Carrefour Contact,Carrefour Contact,,
56860004,Total,Total,Total,
24270004,Super U,Super U,,
74570004,Carrefour,Carrefour Market,Carrefour Market,
35890001,Carrefour Market,Carrefour Market,,
63430004,Intermarché,Intermarché Super,Groupement des Mousquetaires,
59553003,,U Express,,
50000002,Total,Total,,
1210003,E.Leclerc,Station service E. Leclerc,E. Leclerc,
56400002,Station U,Station U,,
74520004,Intermarché,Intermarché,Intermarché,
78390003,E.Leclerc,Station Service E. Leclerc,E. Leclerc,
35370003,TotalEnergies,Relais Total de Mondevert,Total,
34770002,Esso Express,Esso Express,,
34070020,Eni,Eni,Agip,
6480002,E. Leclerc,Station Service E. Leclerc,E. Leclerc,
30320001,Système U,Station U,,
33370002,Total Access,Total Access,,
33230001,E. Leclerc,Station E. Leclerc,E. Leclerc,
44420002,Système U,Station U,,
56670003,E.Leclerc,,E. Leclerc,
1960005,Intermarché,Intermarché,,
83260001,Carrefour,,Carrefour,
18200001,Carrefour,Carrefour,Carrefour,
77120003,E.Leclerc,Station Service E. Leclerc,E. Leclerc,
60600001,Auchan,,,
31450006,Intermarché,Intermarché,,
76000013,Total,Total,Total,
79160003,E.Leclerc,Station service E. Leclerc,E. Leclerc,
77000003,Carrefour Market,Carrefour,,
77120005,,,Groupement des Mousquetaires,
21140003,Intermarché,Intermarché,Clovienne,
91150007,Esso,Esso,Esso,
68270001,,Station essence Carrefour,Cora,
64122001,E.Leclerc,Station Service E. Leclerc,E. Leclerc,
28100003,Carrefour,Carrefour,,
63000014,Intermarché,Intermarché Super,Groupement des Mousquetaires,
40000001,Carrefour,Carrefour,,
39230004,CocciMarket,CocciMarket,,
44400006,Intermarché,Intermarché,Les Mousquetaires,
76410002,Carrefour,,Carrefour,
38230005,E.Leclerc,E. Leclerc,,
28160004,Esso,Esso,,
78450001,Carrefour,Station Carrefour Market Villepreux,Carrefour,
25000021,Total,Total,,
85500005,E.Leclerc,Station Service E.Leclerc,E. Leclerc,
63650001,Carrefour Market,Carrefour Market,,
89116003,TotalEnergies,Relais Total De La Couline,Total,
45200004,E.Leclerc,E.Leclerc,E. Leclerc,
77300001,TotalEnergies,Total Foch,,
45200006,,Groupement des Mousquetaires,Groupement des Mousquetaires,
61250005,Carrefour,Carrefour,,
39110003,Super U,Super U,Super U,
34740002,Esso,Esso,Esso,
77340003,E.Leclerc,Station Service E.Leclerc,E. Leclerc,
57400001,,Cora,Cora,
77680003,Super U,Super U,,
40100001,Carrefour,Station Service Carrefour,Carrefour,
77100023,Total Access,Total Access,Total,
10000006,Casino,Casino,,
74700001,Carrefour,Carrefour,,
45160003,E.Leclerc,Station Service E. Leclerc,E. Leclerc,
16230004,Avia,Avia,Avia XPress Picoty Réseau,
58660001,E. Leclerc,,,
1000007,E. Leclerc,Station Service E. Leclerc - Cap Émeraude,E. Leclerc,
57290002,E.Leclerc,E. Leclerc,E. Leclerc,
62210001,Carrefour,Carrefour,,
14100004,Esso,Esso,Relais Auto Lexovien,
54520004,Avia,Avia Xpress,,
70180001,Intermarché,Intermarché,,
73000007,Esso Express,Esso Express,Esso,
64440002,Intermarché,Intermarché,,
21000001,,Station service Carrefour,,
31470004,Intermarché,Intermarché,,
56006001,Carrefour,Carrefour,,
44140002,Intermarché,,,
60740001,Carrefour,Carrefour,,
33360002,Super U,Station U,Super U,
53150001,Intermarché,Intermarché,,
14100003,E.Leclerc,E. Leclerc,,
71370003,Intermarché,Intermarché,,
68240004,Carrefour,Carrefour Contact,,
35700001,Intermarché,Intermarché,SAS Rechan,
49070006,E.Leclerc,,E. Leclerc,
58400002,,carburants,Groupement des Mousquetaires,
71210010,Avia,Le Relais de Montchanin,,
29100003,E.Leclerc,Station Service E.Leclerc,E. Leclerc,
76220004,Super U,Super U,,
76700005,E.Leclerc,E. Leclerc,,
76210005,Netto,,Netto,
87100006,Super U,Super U,Super U,
76770002,E.Leclerc,E. Leclerc,,
78000020,Total Access,Total Access,Total,
36300004,E.Leclerc,Station Service E.Leclerc,E. Leclerc,
71600008,E.Leclerc,Station Service E. Leclerc,,
5230008,Total Access,Total Access,,
71390001,Avia,Avia XPress,,
21260001,B1,Station-service,Auchan,
90000014,Total Access,Total Access,,
31170002,Auchan,Auchan,,
31450003,Intermarché,,,
94310002,E.Leclerc,Station Service E. Leclerc,E. Leclerc,
35120002,Super U,Super U,Super U,
50204001,E.Leclerc,Station Service E.Leclerc,E. Leclerc,
25130001,bi1,bi1,,
28000009,Total,Relais Rocade Chartres,Total,
21400001,Avia,Avia XPress,Avia,
12100004,Carrefour,Carrefour,Groupe Carrefour,
34310002,Intermarché,Intermarché,,
18200007,E.Leclerc,E. Leclerc,,
13460003,,Flamants service,,
32000004,E. Leclerc,Station Service E. Leclerc,E. Leclerc,
73390007,Eni,Eni,Agip,
94550001,Esso Express,Esso Express,,
63730001,Auchan,Auchan,,
21300004,Super U,Super U,,
34000009,Esso Express,Esso Express,,
25300005,Système U,Hyper U,Système U,
69380012,Intermarché,Intermarché,,
64000007,Esso Express,Esso Express Hippodrome Pau,Certas Energy France,
64000009,E.Leclerc,Station Service E.Leclerc,Pétrolec-sud,
64000001,Auchan,Auchan,Auchan carburant,
69400014,Total Access,Total Access,Elf,
53600003,Carrefour Market,Carrefour Market,,
64000016,Total Access,Relais de Pau Mermoz,,
64000015,Total Access,Relais de Barincou,Cardy,
89000011,Carrefour,Carrefour market,Carrefour,
72190004,TotalEnergies,TotalEnergies,,
72190004,TotalEnergies,TotalEnergies,,
41000007,E.Leclerc,Station Service E. Leclerc,,
10250002,Carrefour,Carrefour,,
77760003,E. Leclerc,Station Service E. Leclerc,E. Leclerc,
15100005,Carrefour,Carrefour,Carrefour Market,
54000009,Esso,Esso Express Jean Jaurès,Esso,
92800007,Esso,Esso,Esso,
73000012,Total Access,Relais Total de Chambéry,Total Access,
35130003,Intermarché,Intermarché,,
50630001,Intermarché,Intermarché,Groupement des Mousquetaires,
12850002,E.Leclerc,Station Service E.Leclerc,E. Leclerc,
39600001,Avia,Avia Xpress,,
6130007,E.Leclerc,Station Service E. Leclerc,E. Leclerc,
38480007,Esso,Esso - Aire du Guiers,,
24100007,Carrefour Market,Carrefour Market,,
42400004,E.Leclerc,E. Leclerc,E. Leclerc,
38240004,Eni,Station Service Eni,Eni,
22300002,E.Leclerc,E. Leclerc,,
61100005,E.Leclerc,E. Leclerc,,
9270003,Carrefour,Station Service Carrefour,,
76600010,Esso Express,Esso Express,Esso,
29200014,Intermarché,Intermarché,,
9600003,Intermarché,Intermarché,,
41190002,Intermarché,,Groupement des Mousquetaires,
35520003,Intermarché,Intermarché,Groupement des Mousquetaires,
45510002,Intermarché,Intermarché Contact,Groupement des Mousquetaires,
71140001,bi1,Avia XPress,,
76131001,Carrefour,Carrefour,,
14400009,,,Carrefour,
83190005,Intermarché,Intermarché,,
46200003,E.Leclerc,Station Service E. Leclerc,E. Leclerc,
89560001,Total,Total,Elan,
89150004,,,Schiever,
58500001,Avia,Avia,Auchan,
37000016,Carrefour Market,Carrefour Market,Carrefour Market,
21700001,Carrefour,Carrefour,,
42100022,Auchan,Auchan,,
9000004,Intermarché,Intermarché,Groupement des Mousquetaires,
71400013,Total Access,Total Access,Total,
80550001,Carrefour Contact,Carrefour Contact,,
57160002,Carrefour Market,Carrefour Market,,
63100011,Intermarché,Intermarché,,
35590007,Carrefour Contact,Carrefour Contact,,
74360002,Intermarché,Intermarché,Intermarché,
45800003,Carrefour Market,Carrefour Market,,
83510003,Intermarché,Intermarché Lorgues,,
42270002,E. Leclerc,Station service E. Leclerc,E. Leclerc,
68000016,Intermarché,Intermarché,Groupement des Mousquetaires,
71160002,E. Leclerc,Station Service E. Leclerc,E. Leclerc,
82100004,E.Leclerc,Station Service E. Leclerc,E. Leclerc,
62300014,Total Access,Total Access,,
91160009,Total Access,Total Access,Total,
19510002,Total,Total,Total,
59119003,Total Access,Total Access,,
73100012,Total Access,Relais Total Lamartine,,
44110002,Total,Total,,
25500002,Total,Total,Total,
60120006,Total,Total,Total,
68480003,Total,Total,TOTAL,
88450002,Total,Total,,
33340001,Total,Total,,
89100004,Total,Total,Total,
56400010,Total,Total Plougoumelen,Total,
88360001,Total,,,
91360004,Total Access,Total Access,Total,
73202001,Total,,Total,
73700005,Intermarché,Intermarché 24/24,Groupement des Mousquetaires,
74100008,Intermarché,Intermarché,Groupement des Mousquetaires,
77100009,E.Leclerc,Station Service E.Leclerc,E. Leclerc,
88100006,Carrefour,Carrefour,Carrefour,
31520003,Intermarché,Intermarché,,
69210003,Total,Total,,
77200001,Total,Total,Renault,
77170004,Total,Total,Total,
93160001,Total,Total,,
7300006,Total,,,
62100024,Total,Station-service Total,Total,
25480003,Total,Total,Total,
51360001,Total,Total,,
31600007,Total Access,Total Access,Relais Guerin,
64990001,Total,Total,SARL Erratxou,
89600003,Total,AutoFlo SA,Total,
64200002,Total,Station Saint-Martin,SARL Mécalandes,
24000004,Total Access,Total Access,,
91250010,Total Access,Total Access,Total Access,
92600009,TotalEnergies,Les Grésillons,TotalEnergies,
91380007,Carrefour Market,Carrefour Market,,
53410004,Carrefour Express,,,
74130001,Carrefour Market,Carrefour Market,Carrefour,
69680002,Carrefour Market,Carrefour Market,Carrefour,
57160006,Total Access,Relais la Ramusse,,
30100007,E.Leclerc,Station Service E.Leclerc,E. Leclerc,
37550001,Auchan,Auchan,Auchan,
38380004,,Station Communale des Entremonts en Chartreuse,,
89000007,Esso Express,Esso Express,Esso,
1960001,Carrefour,Carrefour,,
31120006,E.Leclerc,E. Leclerc,,
72300004,Shell,Shell,Shell,
25800003,Netto,Netto,Netto,
92100010,Total,TotalEnergies,,
50110003,E.Leclerc,Station Service E. Leclerc,,
38970000,Total,Total,Total,
46090002,E.Leclerc,E. Leclerc,,
5000005,Auchan,,,
75013025,Total Access,Total Access,,
38430001,Carrefour Market,,,
2190005,Shell,Aire du Mont de Nizy,Shell,
2190003,Avia,Avia,Avia,
27130005,Intermarché,Intermarché,Groupement des Mousquetaires,
27520001,Carrefour Contact,Carrefour Contact,,
69005005,Avia,Avia,Avia,
42334001,Carrefour,,,
62138005,E.Leclerc,E. Leclerc,,
70200004,E.Leclerc,E. Leclerc,E. Leclerc,
50110004,Intermarché,Intermarché,Groupe Les Mousquetaires,
56130002,Carrefour,Carrefour,,
37190003,Avia,Avia,Avia,
25510002,bi1,bi1,,
70000004,Super U,Super U,,
42153002,E. Leclerc,,E. Leclerc,
90300002,Super U,Super U,Super U,
50180001,E.Leclerc,Station Service E. Leclerc,E. Leclerc,
27120003,Système U,Station U,,
88000007,Intermarché,Stations-service Intermarché,Intermarché,
44340006,Total Access,Total Access,Total,
92130005,Esso Express,Esso Express,,
56300005,Intermarché,,Groupement des Mousquetaires,
65800004,Intermarché,Intermarché,,
41350001,Auchan,Auchan,,
71600003,E.Leclerc,Station Service E.Leclerc,E. Leclerc,
69360013,Total,Relais Total de Communay,Total,
95100011,Esso Express,Esso Express,,
31600001,Super U,Super U,Super U,
51500002,E.Leclerc,Station Service E. Leclerc,E. Leclerc,
62218002,E.Leclerc,Station Service E. Leclerc,E. Leclerc,
15190001,Esso,,,
45160005,E.Leclerc,E. Leclerc,E. Leclerc,
28240005,Intermarché,Intermarché,Groupement des Mousquetaires,
77210002,Carrefour,Carrefour,,
3300001,Carrefour Market,Carrefour Market,,
47500003,E. Leclerc,Station Service E. Leclerc,E. Leclerc,
40260006,E.Leclerc,Station Service E. Leclerc,E. Leclerc,
93380010,Total Access,Total Access,,
27406001,E.Leclerc,E. Leclerc,,
56930001,Intermarché,Intermarché,,
85180003,Intermarché,Intermarché Super,Groupement des Mousquetaires,
22430001,Super U,Super U,,
28310004,Shell,Shell,,
24290001,Intermarché,Intermarché,,
83980001,Carrefour,,Carrefour,
10100004,E.Leclerc,Station Service E.Leclerc,E. Leclerc,
45550002,Système U,U Express,,
94110005,TotalEnergies,TotalEnergies,,
37500003,E.Leclerc,Station Service E. Leclerc,E. Leclerc,
21460002,Avia,Avia,,
37300008,Total Access,Total Access,,
49124001,Super U,,,
29770001,Total,Total,,
63300001,Carrefour,Carrefour,,
41100004,E. Leclerc,E. Leclerc,,
74340001,Carrefour Market,Station Samoens,Carrefour,
35113002,Carrefour Market,Carrefour Market,,
44770001,Intermarché,Intermarché Super,Groupement des Mousquetaires,
83140001,Carrefour,Carrefour,,
56880001,Intermarché,Intermarché,,
50250002,Intermarché,Intermarché,,
44350004,E.Leclerc,E. Leclerc,,
25220003,Super U,La Station U,Super U,
30140001,Super U,Super U,Super U,
80510004,Carrefour,Carrefour,,
19200003,E.Leclerc,Station Service E.Leclerc,E. Leclerc,
83120001,Carrefour,Carrefour,,
25000024,Total,Total,Total,
34200002,Carrefour Market,Carrefour Market,,
44320002,Super U,Super U,Super U,
62160002,Carrefour,Carrefour - Station Service,Carrefour Market Bully-les-Mines,
62160004,Intermarché,Intermarché,,
89100006,E.Leclerc,,E. Leclerc,
80090003,BP,BP,,
75013024,Total,Total,,
47310005,Intermarché,Intermarché,,
38110001,Carrefour,,,
73420001,E.Leclerc,Station Service E.Leclerc,E. Leclerc,
20620005,Vito,Vito,Vito,
38480005,Avia,Avia Romagnieu,,
72000020,Total Access,,,
76100005,Total,Total,SARL Coquelle,
64400002,Total,Total,SARL Expl des Ets GUIRAUD & Fils,
64110006,Total Access,Relais Pau Jurançon Star,,
78650002,Total,Total,,
25300006,E.Leclerc,Station Service E. Leclerc,E. Leclerc,
56670001,Intermarché,Intermarché,Groupement des Mousquetaires,
45430004,E.Leclerc,E. Leclerc,,
2220001,Carrefour,,,
44860002,Super U,Super U,,
3160001,,,Carrefour,
3000005,Intermarché,Intermarché,Groupement des Mousquetaires,
25390001,Super U,La Station U,,
71000010,E. Leclerc,,E. Leclerc,
25220002,Avia,Avia,Avia,
63100007,E. Leclerc,Station service E. Leclerc,E. Leclerc,
91940007,BP,Esso,BP,
56890003,U,La Station U,Système U,
27300004,E.Leclerc,Station Service E. Leclerc,,
77190004,E.Leclerc,Station Service E. Leclerc,E. Leclerc,
25480001,Carrefour,Station Carrefour,Carrefour,
22200004,Intermarché,Intermarché,Groupement des Mousquetaires,
63450002,Intermarché,Intermarché Contact,Groupement des Mousquetaires,
63670002,Intermarché,Intermarché Contact,,
91200001,Carrefour,Carrefour,Carrefour,
29400003,Esso Express,Esso Express,,
64000011,Intermarché,Intermarché,,
45380001,Intermarché,Intermarché Super,Groupement des Mousquetaires,
33170005,Intermarché,Intermarché,,
62120001,Carrefour,Carrefour,,
40130003,E.Leclerc,Station Service E. Leclerc,E. Leclerc,
40990002,E.Leclerc,E. Leclerc,,
44400001,Super U,Super U,Système U,
40700003,Intermarché,Intermarché,Groupement des Mousquetaires,
21560001,Système U,Station U,,
77270001,E.Leclerc,Station Service E. Leclerc,E. Leclerc,
69210004,Esso Express,Esso express,,
77810001,Auchan,Auchan,,
1340003,Intermarché,Intermarché,,
89690001,Intermarché,Intermarché,,
93500008,Total Access,Total Access,,
64570002,Intermarché,Intermarché,,
93160005,Esso Express,,,
83560008,Intermarché,Intermarché,,
29400001,Super U,Super U,,
29470004,La Station U,Super U,,
77100008,Esso Express,Esso Express,,
91450001,Carrefour,Carrefour,,
93290006,Total Access,Total Access,,
77540002,Carrefour,Carrefour,,
77350004,Intermarché,Intermarché,Intermarché,
65300002,Carrefour,Carrefour,,
53500001,Super U,Super U,Super U,
91520001,Intermarché,Intermarché,Groupement des Mousquetaires,
71100003,Carrefour,Carrefour,Carrefour,
84840003,U,Station Service Utile Lapalud,,
21000009,Esso,Esso,Esso,
14125001,Carrefour,Carrefour,Carrefour,
25000007,Super U,Super U,Super U,
80290008,BP,BP,,
37520002,Super U,La station U,Super U,
37260001,Super U,Super U,Super U,
25000016,,GME,,
64450001,Spar,SPAR,,
74520012,Avia,,Avia,
45370001,Intermarché,Intermarché Contact,Groupement des Mousquetaires,
20290010,Esso,Esso,Esso,
21120004,Avia,Avia,,
95520002,Total Contact,Total Contact,SAS ROUSSEAU CERGY PONTOISE,
33700022,Total Access,Total Access,,
53940001,E.Leclerc,Station Service E.Leclerc,Laval Distribution,
54170001,Total,Total Colombey-les-Belles,,
91150008,E.Leclerc,Station Service E. Leclerc,E. Leclerc,
50110002,Esso Express,Esso Express Port de Cherbourg,Esso,
68100006,Avia,Avia,,
54120004,Intermarché,Intermarché,,
38660002,,Station-service,,
25410004,Intermarché,Intermarché,Groupement des Mousquetaires,
78550006,Intermarché,Intermarché,Groupement des Mousquetaires,
65290001,Intermarché,Intermarché,Intermarché,
77170006,La Station U,La Station U,,
56610001,Super U,Super U,,
58130001,,,Groupement des Mousquetaires,
27100001,Auchan,Auchan,,
11210002,Super U,Super U,,
95190003,Carrefour,Carrefour,Carrefour,
91260002,Intermarché,Intermarché,Groupement des Mousquetaires,
38590001,Super U,Super U,Super U,
64160003,Intermarché,Intermarché,,
23000006,Intermarché,Intermarché,Groupement des Mousquetaires,
68703001,E.Leclerc,Station Service E. Leclerc,E. Leclerc,
25650003,Garage Pourchet,Renault Pourchet,Garage Pourchet,
10700003,Intermarché,Intermarché Super,Groupement des Mousquetaires,
35133001,E. Leclerc,E. Leclerc,,
2300006,Intermarché,Intermarché,Groupement des Mousquetaires,
47300008,Système U,Système U,,
26000015,Total Access,Total Access,Total,
76240002,Carrefour Market,Carrefour Market,,
82000011,Intermarché,Intermarché,Groupement des Mousquetaires,
3100001,Carrefour,Carrefour,Carrefour,
35190003,Système U,Station U,,
92242003,Total,Total,Total,
23300002,Avia,Avia,Avia,
23130002,8 à Huit,,8 à Huit,
26110004,Intermarché,,,
74150003,Intermarché,Intermarché,,
1350004,Carrefour,Carrefour,Carrefour (Champion),
38190004,Esso,,,
38330006,Avia,Avia,,
38113001,Esso,,,
1470002,Intermarché,Intermarché,Groupement des Mousquetaires,
73390008,Eni,Eni,,
3250002,Intermarché,Intermarché Super,,
95870010,TotalEnergies,TotalEnergies,,
74380001,Super U,Super U,,
63122002,Intermarché,Station Service Intermarché,Intermarché,
63110002,,Station service Auchan,,
63360003,Intermarché,Intermarché,Groupement des Mousquetaires,
42410002,E.Leclerc,Station service E. Leclerc,E. Leclerc,
47700002,Intermarché,Intermarché,,
25120001,,Station Libre-service,,
69460004,Carrefour Contact,Carrefour Contact,,
42420001,Carrefour,Carrefour,,
38260002,,,Total Energies,
6300018,Total Access,Total Access,,
38400005,Esso Express,Esso Express,Esso Express,
68460001,Total,Relais de Lutterbach,,
70190004,Intermarché,Intermarché,,
37000007,Carrefour Market,Carrefour Market,,
24240003,Carrefour Contact,Carrefour Contact,Carrefour Contact,
35500004,E.Leclerc,Station Service E.Leclerc,,
69800010,Carrefour Market,Station Carrefour Market Saint-Priest,Carrefour Market,
14500005,E. Leclerc,Station Service E. Leclerc,E. Leclerc,
74970001,Système U,Station U,,
38570003,,Netto,,
35250001,Super U,,,
1160003,,,Groupement des Mousquetaires,
64103001,E.Leclerc,E. Leclerc,,
69220005,Avia,Avia,,
69210005,Super U,,,
95270002,E.Leclerc,Station Service,Carrefour,
62220002,E. Leclerc,Station Service E. Leclerc,E. Leclerc,
72200004,E.Leclerc,Station Service E.Leclerc,E. Leclerc,
41110001,Super U,Super U,Super U,
52300002,Super U,Super U,Super U,
64500005,E.Leclerc,E. Leclerc,E. Leclerc,
73170001,Carrefour Market,Carrefour Market,Carrefour,
74420001,Avia,Station de la Vallée Verte,Avia,
25300013,Intermarché,Intermarché,Intermarché,
44220005,Carrefour,Carrefour,Carrefour,
19100010,Intermarché,Intermarché,,
10000020,Total Access,Total Access,Total,
51067001,Carrefour,Carrefour Cernay,,
76580002,Carrefour,Carrefour,,
44190007,Intermarché,Intermarché,,
50500003,E.Leclerc,Station Service E. Leclerc,E. Leclerc,
13680004,Intermarché,Intermarché,,
13120003,Intermarché,Intermarché,Groupement des Mousquetaires,
75018014,Total,Relais Saint-Ouen Bichat,,
32600002,Carrefour Market,Carrefour Market,,
42500001,Carrefour Market,Carrefour Market,,
60310001,E.Leclerc,Station Service E. Leclerc,,
57150006,E.Leclerc,Station Service E. Leclerc,E. Leclerc,
20090007,Vito,Vito,,
41600006,Total,,,
60160003,Total Access,Relais Montataire,Total,
50000006,Carrefour Contact,Carrefour Contact,,
86100013,Esso,Esso,Esso,
83130005,Netto,Netto,,
60590001,E.Leclerc,Station Service E. Leclerc,E.Leclerc,
19120001,Intermarché,Intermarché,,
19160001,Intermarché,Intermarché Contact,Groupement des Mousquetaires,
57230003,Intermarché,Station-service Intermarché,Intermarché Super Bitche,
42440004,Intermarché,Intermarché Super,Groupement des Mousquetaires,
68150003,E.Leclerc,E. Leclerc,E. Leclerc,
10500002,Intermarché,Intermarché,,
6330002,Intermarché,Intermarché,Intermarché,
50270002,Carrefour,Carrefour,Carrefour,
62740001,Total,Total,,
83250007,Intermarché,Station Intermarché,,
73110002,Carrefour,Carrefour,,
76800002,Esso,Esso,Esso,
53230003,Carrefour,Carrefour Contact,,
95472001,E.Leclerc,Station Service E. Leclerc,E. Leclerc,
77195001,Carrefour,Carrefour,Carrefour,
35360001,Intermarché,Intermarché,Groupement des Mousquetaires,
89380001,,Avia Xpress,,
3400006,Fulli,Aire du Bourbonnais,Fulli,
25410002,Super U,Super U,,
74250003,Avia,Avia,,
76480001,Total,Total,,
73340002,,Les Aillons,,
77170013,Total,Total Access,Total,
61302001,E.Leclerc,Station Service E. Leclerc,E. Leclerc,
89300002,Intermarché,Intermarché,Groupement des Mousquetaires,
23220001,Intermarché,Intermarché Contact,Groupement des Mousquetaires,
77330003,E. Leclerc,E. Leclerc,Groupe E. Leclerc,
29690002,Intermarché,Station Intermarché,,
61200008,Avia,Avia,,
56890001,Carrefour Contact,Carrefour Contact,,
84150001,Intermarché,Intermarché Contact,Groupement des Mousquetaires,
11000007,E.Leclerc,Station Service E. Leclerc,Leclerc,
35140001,Carrefour Market,Carrefour Market,,
35340003,Intermarché,Intermarché Contact,,
44590001,Super U,Super U,Super U,
78800004,Esso Express,Esso Express,,
48000005,Total,Total,Total,
30900002,Carrefour,Station Service Carrefour,Carrefour,
48130001,Auchan,,,
69330002,Carrefour Market,Carrefour Market,,
59350002,Avia,Avia,Avia,
54204001,E.Leclerc,Station service E. Leclerc,E. Leclerc,
87410002,Super U,,,
44230004,Intermarché,Intermarché,Les Mousquetaires,
57650001,Système U,Station U,,
54270001,,Cora,Cora,
41000020,Carrefour,Carrefour,,
12490001,,Station Suau Michel,,
35400010,Total Access,Total Access,,
24300004,Intermarché,Intermarché Super,Groupement des Mousquetaires,
34500026,Total,,Total Access,
27140002,Carrefour Market,Carrefour Market,,
68270002,Esso,Esso,,
74300003,Esso,Esso,,
91814001,Carrefour,Carrefour,,
76680004,Total Access,Relais Du Bosc-mesnil,,
65100005,E. Leclerc,E. Leclerc,,
54000011,Total,Total Tiercelins,,
95300004,,,Total,
54110002,Esso Express,Esso Express,,
27940003,Intermarché,Intermarché,Intermarché,
57400005,Esso Express,Esso Express,Esso,
94700008,Total,Total,Total,Du Fort
68600002,Intermarché,Intermarché,,
10150001,Esso Express,Esso Express,Esso,
64300005,Super U,Super U,,
25300012,Guinchard Jacquin,,Sarl Guinchard Jacquin,
38130002,E.Leclerc,Station Service E.Leclerc,E. Leclerc,
74100005,Esso,Esso,,
20600014,Vito,Vito,,
3430001,Carrefour,Market,Carrefour,
40230004,E.Leclerc,E. Leclerc,,
40000007,Intermarché,Intermarché,,
35800002,Avia,,Brétéché,
42510007,Avia,,,
59720001,Auchan,Station Service C. C. Auchan,Auchan,
31810002,Intermarché,Intermarché Super,Groupement des Mousquetaires,
34500025,Total,Total,,
35470001,E.Leclerc,E. Leclerc,Dacar,
12400002,Total Contact,,Total,
24107001,E.Leclerc,Station Service E.Leclerc,,
35205001,La Station U,La Station U,Lomajac,
71500004,E.Leclerc,Station Service E.Leclerc,E. Leclerc,
21500005,Intermarché,Intermarché,Groupement des Mousquetaires,
29880002,Intermarché,Intermarché,Groupement des Mousquetaires,
58640001,Intermarché,Intermarché,Intermarché,
56250004,Total,Station Total Access,,
18000017,Total Access,Relais Total des Prés-le-Roi,Total,
91620001,Carrefour,C. C. Carrefour,Carrefour,
42800003,Intermarché,Intermarché,,
27110002,E.Leclerc,Station Service E. Leclerc,E. Leclerc,
34140001,Carrefour,Carrefour,Carrefour,
91100019,Esso,Esso,,
68500002,E.Leclerc,Station Service E. Leclerc,E. Leclerc,
46500003,E.Leclerc,Station Service E. Leclerc,E. Leclerc,
29280003,Intermarché,Intermarché,Groupement des Mousquetaires,
35500008,Intermarché,Intermarché,Groupement des Mousquetaires,
30250001,Intermarché,Intermarché,Groupement des Mousquetaires,
51100047,Total Access,Relais du Rouillat,Total,
22140002,Intermarché,Intermarché,Groupement des Mousquetaires,
34070004,Auchan,Auchan Supermarché,,
19100011,E.Leclerc,Station Service E. Leclerc,,
20538001,Vito,Vito,,
21320001,Super U,Super U,,
34570002,Système U,Super U,,
34500027,Total,Total Access,Total,
34070012,Dyneff,Dyneff,,
35230004,Intermarché,Intermarché,,
44380007,Intermarché,Station Intermarché,Intermarché,
78370002,Auchan,Auchan,Auchan,
28300004,Intermarché,Intermarché,Groupement des Mousquetaires,
35490003,Intermarché,Intermarché,Groupement des Mousquetaires,
27120002,Intermarché,Intermarché Super,Groupement des Mousquetaires,
60680003,AS 24,AS 24,,
60680003,Total Access,Total Access,,
37270001,Système U,Station U,,
72610001,E.Leclerc,Station Service E. Leclerc,E. Leclerc,
62000014,Total,Total,Total,
59223004,Total Access,Total Access,,
76610002,Esso Express,Esso Express,esso,
76510001,Intermarché,Intermarché Super,Groupement des Mousquetaires,
80850001,Intermarché,Intermarché,,
76370004,E.Leclerc,,,
54280003,Total Access,Relais Seichamps,,
37130001,Carrefour,,Carrefour,
9300008,Carrefour,Carrefour,,
44630002,Carrefour,Carrefour Contact,,
34500023,Intermarché,Intermarché,,
25500001,,,Cyprien Rognon,
25500001,BP,BP,Cyprien Rognon,
70200005,,,Groupe des Mousquetaires,
44470002,Station U,Station U,,
35730001,U,Station Super U,,
54500005,E.Leclerc,Station Service E. Leclerc,E. Leclerc,
62920001,Total Access,SARL Delabroy,SARL Delabroy,
80110002,Carrefour,,,
14230002,Intermarché,Intermarché,,
86380002,Carrefour,Carrefour Contact,,
77320002,Intermarché,Intermarché,Groupement des Mousquetaires,
21200001,Carrefour,Carrefour,Carrefour,
35300004,Total,,,
70400003,E.Leclerc,Station Service E. Leclerc,E. Leclerc,
60120005,E.Leclerc,Station Service E. Leclerc,E. Leclerc,
66420001,Montaner et Fils,Montaner et Fils,,
61100010,Intermarché,Intermarché,,
84700005,Total Access,Totalenergies,,
31410004,Intermarché,Intermarché,,
84700002,Esso Express,Esso Express,,
95180001,Carrefour Market,Carrefour Market,Carrefour Market,
91760001,Intermarché,Intermarché,Groupement des Mousquetaires,
64200006,E.Leclerc,E. Leclerc,,
26600007,Intermarché,Intermarché,,
45500001,Auchan,Auchan,,
44640002,Intermarché,Intermarché,,
37172001,Auchan,Auchan,,
37700004,E.Leclerc,Station Service E. Leclerc,,
3700004,E. Leclerc,Station-service E. Leclerc,E. Leclerc,
66240001,Intermarché,Intermarché,,
27220001,Carrefour Market,Carrefour Market,,
59200009,Avia,Avia,,
60140003,E. Leclerc,,E. Leclerc,
60000006,Esso Express,Esso Express,,
60290002,E. Leclerc,Station Service E. Leclerc,E. Leclerc,
62480001,Intermarché,Intermarché,,
60100007,Total,Station Total,Total,
60160002,E.Leclerc,Station Service E. Leclerc,E. Leclerc,
59160002,Carrefour,C. C. Carrefour,Carrefour,
40230001,E.Leclerc,Station Service E. Leclerc,E. Leclerc,
71200004,Intermarché,Intermarché,,
88300001,,Match,,
8400003,E.Leclerc,Station Service E. Leclerc,E. Leclerc,
91460008,Auchan,Auchan,,
22300006,Intermarché,Station Intermarché Ploubezre,Groupement des Mousquetaires,
56760003,Carrefour Market,,,
25530001,Carrefour,Carrefour Express,Carrefour Express,
92400020,Total Access,Total Access,Total,
58530001,Esso,Esso,,
89330001,Intermarché,Intermarché,Groupement des Mousquetaires,
34810001,Super U,,,
59221001,,,Carrefour,
21340001,Avia,Avia XPress,,
56230002,Total,Total,,
35150001,Super U,Station U,Super U,
59310006,Auchan,Auchan,,
6000028,Total,Total,Total,
34980002,Intermarché,Intermarché,Groupement des Mousquetaires,
72000021,Total Access,Total Access,,
81600004,E.Leclerc,Station Service E. Leclerc,,
59118001,Match,,Match,
60000011,Carrefour,Carrefour,,
44000001,Carrefour,Carrefour,Carrefour,
57450003,Auchan,Auchan Station Service,,
57804001,E.Leclerc,Station Service E. Leclerc,E. Leclerc,
62143002,E.Leclerc,E. Leclerc,E. Leclerc,
28100002,E.Leclerc,Station Service E. Leclerc,,
82110001,Intermarché,Intermarché,,
78790001,Carrefour Contact,Carrefour Contact,,
5130002,Intermarché,Intermarché,,
39230001,Maximarché,Maximarché,,
77127001,Carrefour,Carrefour,Groupe Carrefour,
25150005,Total Access,Station Services Total,,
61000002,Carrefour,Carrefour Alençon,Carrefour,
20218001,Vito,Vito,,
20213004,Vito,Vito,Vito,
20156001,Vito,Vito,,
20000002,Vito,Station Vito Amirauté,,
20100005,Vito,Vito,,
69490001,E. Leclerc,Station service E. Leclerc,E. Leclerc,
72470005,Intermarché,Intermarché Super,Groupement des Mousquetaires,
21110005,Intermarché,Intermarché Super,Groupement des Mousquetaires,
89340003,Intermarché,Intermarché,Groupement des Mousquetaires,
19100014,Esso,Esso,,
92000018,Total Access,Relais du Pont de Bezons,Total,
55100004,E.Leclerc,E. Leclerc,E. Leclerc,
62180002,Intermarché,Intermarché,Groupement des Mousquetaires,
33700020,Total,Relais de Pichey,,
93170002,TotalEnergies,TotalEnergies,TotalEnergies,
29200008,Carrefour,Carrefour,,
91310004,,,Auchan,
23230001,Carrefour,Carrefour Market,Carrefour,
10800003,Intermarché,Intermarché,Groupement des Mousquetaires,
35150003,Intermarché,Intermarché,SA Excelis,
11130001,Intermarché,Intermarché,,
38320002,Esso Express,Esso Express,Esso,
23008001,E.Leclerc,Station Service E. Leclerc,E. Leclerc,
88200006,E.Leclerc,Station Service E. Leclerc,E. Leclerc,
72000010,Total,Total,,
50570002,Carrefour,Carrefour,,
64140004,Intermarché,Intermarché Carburant,Station Marché,
55000004,E.Leclerc,Station Service E. Leclerc,E.Leclerc,
54200012,Total,Total Porte de France,,
59176001,Intermarché,Intermarché,Groupement des Mousquetaires,
78120005,E.Leclerc,Station Service E. Leclerc,E. Leclerc,
50200001,Carrefour,Carrefour,Carrefour,
80500003,E.Leclerc,Station Service E. Leclerc,E. Leclerc,
89120003,Intermarché,Intermarché,,
49450001,U,Station service U,U,
91290007,Total Access,Total Access,,
82710003,Esso,Esso,,
30210001,Carrefour,Carrefour,,
34200012,Avia,,,
91230003,E.Leclerc,Station Service E. Leclerc,E. Leclerc,
51100002,Carrefour Market,Carrefour Market,,
46000007,Intermarché,Intermarché,,
35310002,Super U,Super U,,
54510001,Auchan,Auchan,,
45650001,Intermarché,Intermarché,Groupement des Mousquetaires,
64260005,Intermarché,Intermarché,,
74140002,,,Carrefour Market,
1500001,,,Carrefour,
3130002,Dyneff,Dyneff,,
31620002,Total,Total,,
35137001,E. Leclerc,E. Leclerc,Kermeleuc,
30240002,,Station Mon Plaisir,,
1120005,Intermarché,Intermarché,Groupement des Mousquetaires,
95340003,E. Leclerc,E. Leclerc,,
83690005,Independent,Station de la Baume,,
35135001,Intermarché,Intermarché,SA Dolem,
62630002,Esso,Esso,,
56410001,Intermarché,,,
73300001,Carrefour,Carrefour,,
35850003,Carrefour Market,Carrefour,Carrefour Market,
35600006,Elan,Elan,SARL Rouxel Garage,
35170001,Intermarché,Intermarché,Groupement des Mousquetaires,
95520001,Auchan,Auchan,Auchan,
69730002,E.Leclerc,Station E. Leclerc,,
35510005,Total,Total,Relais Cesson-Sévigné,
54121001,Total,Total Vandières,,
51303001,E.Leclerc,Station Service E. Leclerc,E. Leclerc,
38360001,Carrefour,,Carrefour,
37340002,Super U,Super U,Super U,
13340001,Carrefour,Carrefour,,
31340001,E. Leclerc,Station Service E. Leclerc,E. Leclerc,
50760001,Carrefour Contact,Carrefour Contact,,
57280003,E.Leclerc,Station Service E. Leclerc,E. Leclerc,
56260001,E.Leclerc,Station Service E. Leclerc - Larmor,E. Leclerc,
91190012,BP,BP,BP,
38420004,Total,Total,,
51460003,Intermarché,Intermarché,,
57970002,Intermarché,Intermarché,Groupement des Mousquetaires,
25250002,Intermarché,Intermarché,Groupement des Mousquetaires,
50710001,Carrefour,Carrefour,,
54600004,Intermarché,Intermarché,Intermarché,
31673001,Carrefour,Carrefour,,
77710001,Intermarché,Intermarché Contact,Groupement des Mousquetaires,
21200006,Intermarché,Intermarché,,
69803001,Auchan,Centre commercial Porte-des-Alpes,Auchan,
93380009,Total Access,Total Access,,
93350003,Total Access,Total Access,,
69830003,E.Leclerc,Station service E. Leclerc,E. Leclerc,
50400003,E.Leclerc,Station Service E. Leclerc,E. Leclerc,
54140001,Intermarché,Intermarché,Intermarché,
54390001,E.Leclerc,Station Service E. Leclerc,E. Leclerc,
76530003,Intermarché,Intermarché,Intermarché,
54320001,Super U,La Station U,Maxedis,
25640008,Intermarché,Intermarché,Intermarché,
59153001,Système U,Système U,,
63270002,Super U,Super U,,
22560001,Intermarché,Intermarché,Groupement des Mousquetaires,
89420003,Avia,Avia,Avia,
92140005,Esso Express,Esso Express,Esso,
65700002,Super U,Super U,,
25290001,Avia,Avia Xpress,Avia,
24600004,E.Leclerc,Station Service E. Leclerc,E. Leclerc,
30500002,Carrefour,Carrefour,,
28400002,E.Leclerc,Station Service E. Leclerc,,
26000008,Esso,Esso,Esso,
66660002,U,Station Super U,,
47160001,Elan,,,
44110003,E. Leclerc,,,
53102001,Système U,Système U,,
95600002,Esso Express,Esso Express,Esso,
51230001,Carrefour,Carrefour,,
57370003,E.Leclerc,E. Leclerc Express,Phaldis,
57410001,Super U,Station U,Super U,
2400001,Carrefour,Carrefour,Carrefour,
2400004,E.Leclerc,Station Service E. Leclerc,E. Leclerc,
2603001,E.Leclerc,Station Service E. Leclerc,E. Leclerc,
2130001,Super U,station U,,
37300009,E.Leclerc,E.Leclerc,,
35850001,La Station U,,,
91190011,Total Access,Station-service Total Access,,
8200005,E.Leclerc,Station Service E. Leclerc,E. Leclerc,
8320002,Intermarché,Intermarché,intermarché,
56870001,,,Carrefour,
22520001,Super U,Super U,Super U,
85603001,E. Leclerc,Station Service E. Leclerc,E. Leclerc,
14700004,E.Leclerc,Station Service E. Leclerc,E. Leclerc,
48170001,Total,Total,,
51303001,E.Leclerc,Station Service E. Leclerc,E. Leclerc,
86580002,Carrefour,Carrefour Contact,,
2100008,Esso,Esso,,
5200001,Super U,Super U,,
4100007,E.Leclerc,Station Service E. Leclerc,E. Leclerc,
31700006,Intermarché,Intermarché,Groupement des Mousquetaires,
53200005,E.Leclerc,Station Service E. Leclerc,,
95100032,Total Access,Total Access,,
72100012,Total Access,Relais Le Mans Jean Mac,Total,
3120003,Intermarché,Intermarché,,
35400002,Total,Total,,
78150005,Système U,Système U,Super U,
69190001,Carrefour,,,
78120003,Carrefour,Carrefour,Carrefour,
78114001,Intermarché,Intermarché,,
65000007,E.Leclerc,Station Service E. Leclerc,E. Leclerc,
64110004,E. Leclerc,E. Leclerc,,
72400006,E. Leclerc,,E. Leclerc,
2360001,Intermarché,Intermarché,,
84507001,E. Leclerc,Station Service E. Leclerc,E. Leclerc,
80110001,Total,,Total,
91660001,Intermarché,,Groupement des Mousquetaires,
89400003,E. Leclerc,,E. Leclerc,
78260001,E.Leclerc,Station Service E. Leclerc,E. Leclerc,
61600002,E.Leclerc,Station Service E. Leclerc,E. Leclerc,
50304001,E.Leclerc,E. Leclerc,,
13160002,Intermarché,Intermarché,Groupement des Mousquetaires,
76500004,Total Access,Relais Carnot,,
8320003,,Fioul Service,,
51400004,Intermarché,Intermarché,Groupement des Mousquetaires,
64300002,Total,Relais du Gave,Total,
47190001,Intermarché,Intermarché,,
34290001,U,Station Essence Super U,,
76420004,Carrefour,Carrefour Market,Apache Distribution SARL,
39150001,Super U,Super U,,
69220001,Carrefour,Carrefour Market,,
69610001,Intermarché,Intermarché,,
38460002,Carrefour,Carrefour Market,,
38260007,Intermarché,Intermarché,,
38140005,Intermarché,Intermarché,,
74140005,Intermarché,Intermarché,,
74230004,Intermarché,Intermarché,,
59210004,Intermarché,Intermarché,Groupement des Mousquetaires,
56700008,Intermarché,Intermarché,,
31190002,Netto,Netto,,
22400001,Carrefour,Carrefour Market,,
44410006,Intermarché,Intermarché,,
77950001,Carrefour,Station Service Carrefour Market,,
68580001,Intermarché,Intermarché,,
68320001,Total,Total,Grage Fuchs,
56150001,Carrefour,Carrefour Market,,
77440001,Intermarché,Intermarché,Intermaché,
42480001,,Granjon Combustibles,,
42300010,Dyneff,Dyneff,,
42290001,Carrefour,Carrefour,,
42260001,Intermarché,Intermarché,,
42210003,,Michalon,,
42153001,Carrefour,Carrefour Market,,
63290001,Total,Total,,
69970001,E. Leclerc,Station service E. Leclerc,E. Leclerc,
74140004,E.Leclerc,Station service E. Leclerc,E. Leclerc,
3100007,E. Leclerc,Station service E. Leclerc,E. Leclerc,
26140004,E. Leclerc,Station service E. Leclerc,E. Leclerc,
66450001,Intermarché,Intermarché Super,Groupement des Mousquetaires,
59240001,E.Leclerc,Station Service E. Leclerc,E. Leclerc,
14800006,Carrefour,Carrefour,,
91490003,Intermarché,Intermarché,Groupement des Mousquetaires,
39150002,Avia,Avia,,
71620002,Total,Total,,
71480001,Système U,Station U,,
37800005,Intermarché,,Groupement des Mousquetaires,
18220001,Carrefour,,Carrefour Market,
71230002,Intermarché,Intermarché,,
71150002,Intermarché,Intermarché,,
21430003,Rousseau Carburant,Rousseau Carburant,Rousseau Carburant,
51120003,E.Leclerc,,E. Leclerc,
21120002,Eni,Eni,,
25350001,Super U,Super U,,
54610001,Avia,Avia,,
88500001,Carrefour,Carrefour,,
90200002,Intermarché,Intermarché,,
88190003,Auchan,Auchan,,
88300005,Intermarché,Intermarché,,
57100002,Carrefour,Carrefour,,
54290001,Carrefour,Carrefour Contact,,
54110001,,Match,,
54230002,Intermarché,Intermarché,,
27009001,,Cora,Cora,
39300001,Super U,Super U,,
71000009,E. Leclerc,,E. Leclerc,
38140001,Carrefour,,,
68130003,E. Leclerc,,E. Leclerc,
62510003,Intermarché,Intermarché,,
52200004,E.Leclerc,E. Leclerc,E. Leclerc,
52140003,Intermarché,Intermarché,,
55700005,Intermarché,Intermarché,Groupement des Mousquetaires,
51340003,Total,Total,,
51370003,Intermarché,Intermarché,,
51100033,Intermarché,Intermarché,,
51000005,Esso Express,Esso Express,,
62160001,Carrefour,Carrefour,,
62221001,Intermarché,Intermarché,,
80370002,,Coccinelle,,
78702001,E. Leclerc,Station Service E. Leclerc - Conflans,E. Leclerc,
76710001,Intermarché,Intermarché,,
60530003,Carrefour,Carrefour Market,,
60250003,Intermarché,Intermarché,,
60210002,Carrefour,Carrefour Market,,
94370005,Esso,Esso,,
4260002,,Le Relais de Rochecline,,
63210003,Carrefour,,,
72100001,,,Carrefour,
44230002,Super U,,,
38790003,Carrefour,Carrefour Contact,,
38510003,Intermarché,Intermarché,,
38460004,,Allarousse Combustibles,,
38470003,Total,Total,,
37420002,Total,Total,,
56800005,Intermarché,Intermarché,,
72016001,E. Leclerc,,E. Leclerc,
72700002,E. Leclerc,,,
57620002,Intermarché,Station-service Intermarché,Intermarché Contact Lemberg,
68320002,Carrefour,,,
13006005,Total,Total,Total,
88500007,Intermarché,Intermarché,,
89350001,,Maxi Marché,,
45260001,Intermarché,Intermarché,,
52100018,Shell,Shell,Shell,
13480002,E.Leclerc,Station Service E. Leclerc,S.A. Sodiplan,
77330004,Total,Total,Total,
76480002,Intermarché,Intermarché,,
95540002,Intermarché,Intermarché,Intermarché,
78600002,BP,BP,,
78300003,E.Leclerc,Station Service E. Leclerc,E. Leclerc,
78230002,Esso Express,Esso Express,Esso,
81100008,E.Leclerc,Station Service E. Leclerc - Castres,E. Leclerc,
54300006,E.Leclerc,Station Service E. Leclerc,E. Leclerc,
50510001,Intermarché,Intermarché,,
26000013,Intermarché,Intermarché,Groupement des Mousquetaires,
76120008,Total,Total,,
56500003,Intermarché,Intermarché,Intermarché,
22530001,Intermarché,Intermarché,,
22440002,Intermarché,Intermarché,Groupement des Mousquetaires,
44390001,Intermarché,Intermarché,Intermarché,
35340002,Intermarché,Intermarché,,
35610001,Intermarché,Intermarché Super,Groupement des Mousquetaires,
72000015,Intermarché,Intermarché,,
61600003,Intermarché,Intermarché,Groupement des Mousquetaires,
13120001,Carrefour,,,
13320004,Esso Express,Esso Express,,
13430001,Intermarché,,Groupement des Mousquetaires,
66170001,,,Groupement des Mousquetaires,
9100006,,Station Service Intermarché,,
64320003,Super U,,,
64120001,Total,Total,SARL Restoyburu,
47400002,E. Leclerc,Station Service E. Leclerc,E. Leclerc,
40140002,E. Leclerc,Station Service E. Leclerc,E. Leclerc,
1540001,Carrefour,Carrefour,Carrefour Market,
69220007,Shell,Station Shell de Taponas,Shell,
42110001,,,Carrefour,
45220001,u express,u express,Super U,
28200005,Intermarché,Intermarché,Groupement des Mousquetaires,
56450002,Avia,Avia,Avia,
56420002,Total,,,
53061001,E.Leclerc,Station Service E. Leclerc,E. Leclerc,
56700004,E.Leclerc,E. Leclerc,,
77210001,Esso,Esso,,
10123001,Carrefour,Carrefour,Carrefour,
10800002,Intermarché,,Groupement des Mousquetaires,
57303001,,C. C. Cora,Cora,
51510002,E. Leclerc,Station Service E. Leclerc,E. Leclerc,
52300003,Intermarché,,Groupement des Mousquetaires,
27610001,Intermarché,,,
27300005,Intermarché,Intermarché,,
76230007,Intermarché,Intermarché,SA Montis,
77430001,Carrefour,Carrefour Market,,
45340001,Système U,Station U,,
45360005,,G20,,
77140003,Carrefour,Carrefour Market,,
12240002,Intermarché,Intermarché,,
36230002,Système U,U Express,,
59920001,Carrefour Market,,,
8000001,Carrefour,Carrefour,,
94100005,Carrefour Market,Carrefour Market,,
94500010,Total,Total Fouchette,Total,
94651002,BP,Station BP,BP,
91360003,Carrefour,Carrefour,Carrefour,
20137009,Vito,Vito,,
64150004,E. Leclerc,Station Service E. Leclerc,E. Leclerc,
65800002,E. Leclerc,,E. Leclerc,
65100005,E. Leclerc,E. Leclerc,,
46130001,E.Leclerc,Station Service E. Leclerc,E. Leclerc,
47300003,E. Leclerc,Station Service E. Leclerc,E. Leclerc,
3410008,E.Leclerc,E. Leclerc,,
50600004,E.Leclerc,,E. Leclerc,
35400007,E.Leclerc,,,
10200002,E.Leclerc,Station Service E. Leclerc,E. Leclerc,
91170003,E. Leclerc,,E. Leclerc,
63200006,Carrefour,,,
21160005,E.Leclerc,Station Service E. Leclerc,E. Leclerc,
16700004,Intermarché,Intermarché,,
58300005,Intermarché,Intermarché,Groupement des Mousquetaires,
58180001,Carrefour,Station service Carrefour,Carrefour,
58270001,Intermarché,Intermarché,,
95390001,E.Leclerc,Station Service E. Leclerc,E. Leclerc,
78955001,E.Leclerc,Station Service E. Leclerc,E. Leclerc,
95500006,E. Leclerc,Station Service E. Leclerc,E. Leclerc,
14600003,E. Leclerc,Station Service E. Leclerc,E. Leclerc,
62290001,E.Leclerc,Station Service E. Leclerc,E. Leclerc,
24110001,E. Leclerc,Station Service E. Leclerc,E. Leclerc,
41200003,E. Leclerc,E. Leclerc,,
33402001,E.Leclerc,Station Service E. Leclerc,Pacadis,
33500004,E.Leclerc,Station Service E. Leclerc,E. Leclerc,
14250002,Carrefour,Carrefour,,
14200006,Système U,Station U,,
14100007,Intermarché,Intermarché,,
10160001,Intermarché,Intermarché,,
10180001,Intermarché,Intermarché,,
8800004,Carrefour,Carrefour,,
8190003,Carrefour,Carrefour,,
9700001,Intermarché,Intermarché,,
11200006,Intermarché,Intermarché,Groupement des Mousquetaires,
50560002,Système U,Station U,,
29800003,Intermarché,Intermarché,,
25800001,Super U,Super U,Super U,
25022001,Carrefour,Carrefour,Carrefour,
68360004,Total,Total,Total,
57930002,Total,Total,,
57600005,,Station-Service Cora,Cora,
15220002,Total,,CONSTANT AUTOMOBILES,
89120001,bi1,bi1,,
39220006,Intermarché,Intermarché,,
38200004,E. Leclerc,E. Leclerc,,
81300001,E. Leclerc,Station Service E. Leclerc,E. Leclerc,
38200004,E. Leclerc,E. Leclerc,,
83170007,E. Leclerc,,E. Leclerc,
5000006,E.Leclerc,Station Service E. Leclerc,E. Leclerc,
72430002,Carrefour,Carrefour,,
72210001,Système U,Station U,,
72000003,Système U,Station U,,
72000002,Carrefour,Carrefour,,
18300001,Carrefour,Carrefour,,
18110001,Carrefour,Carrefour,,
18700001,Carrefour,Carrefour,,
54500004,Esso Express,Esso Express,Esso,
29120001,Système U,Station U,,
64220004,Carrefour,Carrefour,Carrefour Market,
64310001,Intermarché,Intermarché,,
81190002,,La Croix de Mille,,
29590001,Super U,Super U,,
59240002,Carrefour,Carrefour,,
69550003,Intermarché,Intermarché Super,Groupement des Mousquetaires,
1110001,Carrefour,Station Service Carrefour Market,,
85190002,Total,Total,,
32190001,Carrefour,Carrefour,Carrefour,
91130003,Esso,Esso,Esso,
52100019,Shell,Shell,,
15290001,,Etablissements Lacombe,,
77100022,Total Access,Total Access,Elf,
77176001,Esso,Esso,,
19100001,Auchan,,,
33930002,Carrefour,Carrefour Contact,,
62970003,E.Leclerc,Station Service E. Leclerc,E. Leclerc,
57340003,Intermarché,Intermarché,,
12110002,Intermarché,Intermarché,,
24130003,Carrefour,Carrefour Express,,
47140001,Intermarché,Intermarché,,
53140001,U,,,
29300003,Intermarché,Intermarché,Groupement des Mousquetaires,
69200005,Esso Express,Esso Express,Esso,
70110001,Intermarché,Intermarché,,
42370003,Carrefour,Carrefour Market,,
76760003,Super U,La station U,,
76810002,Auchan,Auchan,,
12100006,E.Leclerc,Station Service E. Leclerc,E.Leclerc,
2250001,Carrefour,Carrefour Market,,
13012024,Auchan,Auchan,,
13014001,Carrefour,Carrefour,,
83500005,E.Leclerc,E. Leclerc,,
82000016,Total,Total,Total,
1800001,Carrefour,Carrefour Market,,
19230001,Intermarché,Intermarché,,
49125001,Super U,Super U,,
40420002,Intermarché,Intermarché,,
85260007,Dyneff,Dyneff - Aire des Brouzils,,
40280006,E.Leclerc,E. Leclerc,,
37170007,Total Access,Total Access,,
36200001,Carrefour,Carrefour Market,,
22100007,Système U,Station U,,
56370002,Système U,Station U,,
56250003,Intermarché,Intermarché,,
56400001,Carrefour,Carrefour Market,,
51510001,Esso,Esso Fagnières,Esso Express,
44560001,Système U,Station U,,
44730002,Système U,Station U,,
44360005,Système U,Station U,,
3260001,Intermarché,Intermarché,,
1400005,Intermarché,Intermarché,,
31120009,Total Access,Total Access,,
93130006,Esso,Esso,,
31120001,Carrefour,Carrefour,,
64120004,Carrefour,Carrefour Market,,
31170001,Carrefour,Carrefour Market,Carrefour,
81500003,Intermarché,Intermarché,,
20217005,Vito,Relais Dominique,,
20217001,Vito,Domarchi,Vito,
93320002,Total,Relais Aristide Briand,,
11700001,Dyneff,Dyneff,,
34300006,Intermarché,Intermarché,Groupement des Mousquetaires,
31220006,,24/24,SARL FONTENERGIE,
31530003,Intermarché,Intermarché,,
59430002,Esso,Esso,,
31220002,Carrefour,Carrefour,Carrefour Market,
82600004,Aire C,Aire C,SARL Val Fleuri,
95800003,Esso,Esso Saint-Christophe,,
31270004,Intermarché,Intermarché,,
56200001,Total,Total,,
56450004,Intermarché,Station Intermarché,,
25560001,Super U,Super U,Super U,
24000007,E.Leclerc,E. Leclerc,,
83500013,Total Access,Relais Vignelongue,,
37300004,Intermarché,Intermarché,,
31470005,Intermarché,Intermarché,,
21240004,Total,Total,Total,
2200007,Esso Express,Esso Express,,
1560001,Intermarché,Intermarché,,
21700005,Total,Total contact,,
77100021,Total Access,Total Access,,
77700001,Auchan,Auchan,,
95380001,Auchan,Auchan,,
95170002,Esso Express,Esso Express,,
95400004,Auchan,Auchan,,
95500011,Total Access,Total Access,,
93140002,Esso Express,Esso Express,,
94370008,Total Access,Total Access,,
91800005,Cora,Cora,Cora,
91140003,Costco,Costco,Costco,
31390002,Carrefour,Carrefour,Carrefour market,
74160001,,Station Essence Intermarché,,
60380001,,Station Service Songeons,Municipalité,
42210001,,Station libre-service,,
20290008,Vito,,Vito,
59360003,,,Groupement des Mousquetaires,
72340001,Super U,Super U,,
37170006,Total Access,Total Access,,
62510002,Carrefour,Carrefour,Carrefour,
33700022,Total Access,Total Access,,
77160003,Intermarché,Intermarché,Groupement des Mousquetaires,
61000006,Carrefour,Carrefour,,
31700001,Carrefour,,,
72100014,Total Access,Total Access,,
31240003,Intermarché,,,
21310004,,,Intermarché,
85190001,,La Station U,Hyper U,
76680001,Carrefour,Carrefour,,
19140003,Intermarché,Station service Intermarché,Groupement des Mousquetaires,
71100026,Total Access,Total Access - Relais Chalon sur Saone Arnal,Total,
29650001,Super U,,,
12780002,,Porte du Lévézou,,
57230001,Supermarchés Match,Station-service Match,Supermarchés Match,
82017001,Auchan,C. C. Auchan,Auchan,
74930001,,,Carrefour Market,
93130009,,Relais Brément,Total Access,
42130004,Intermarché,,Groupement des Mousquetaires,
91590001,Carrefour Market,,,
61240001,Total,Total,,
76300005,Intermarché,Intermarché,SA Cynell,
27600001,Auchan,Auchan,,
83130003,K9,,,
80700004,Intermarché,Intermarché,Groupement des Mousquetaires,
20090001,,Station Vito Rocade Nord,,
20090011,,Station Vito Rocade Impériale,,
84500003,Independent,Le Geneste,,
77124001,Carrefour,,Carrefour,
68870001,Essence Hypermarché,,,
24150001,Intermarché,Intermarché,Groupement des Mousquetaires,
35290001,Système U,,,
88170003,,,Super U,
94470002,BP,BP,,
25300007,GME,,,
54250001,,Supermarché Match,,
95130001,Esso Express,Esso Express Franconville,Esso,
20600002,,Station Vito,,
72560001,Independent,,Super U,
71130005,,,Total,
93330005,Total,Total,,
31140012,Esso Express,Esso Express,,
76570001,Carrefour Market,Carrefour Market,,
39100005,,C. C. Cora,Cora,
68220001,,Station Frontalière,,
51700007,Total Access,Total Access,TOTAL,
50260003,Intermarché,Intermarché,Groupement des Mousquetaires,
26150001,Intermarché,Intermarché,,
30900004,Esso Express,Esso Express,,
68330001,,Station Service Match,Match,
22000002,Super U,Super U,Système U,
1000013,Carrefour,Carrefour,Groupe Carrefour,
56380002,,,Intermarché,
82500002,Intermarché,Intermarché,,
33220001,,,E.Leclerc,
28200002,Total,Total,,
22580001,,,Carrefour Market,
35430001,,Station Service Cora,Cora,
27120001,Carrefour,Carrefour,,
26400005,,Carburants services,,
2200014,Total,Total Soissons,,
60240001,,Match,,
21850002,,,Groupement des Mousquetaires,
63200004,Esso Express,Esso Express,,
50340002,Super U,Super U,,
74400001,Carrefour,Carrefour,Carrefour,
45310001,,,Groupement des Mousquetaires,
45430005,Intermarché,Intermarché,Groupement des Mousquetaires,
28310006,Intermarché,Intermarché,Groupement des Mousquetaires,
86800004,Carrefour,Carrefour,Carrefour,
63000009,Esso Express,Esso Express,,
62100001,Auchan,Auchan,,
71250001,Bi1,,,
58310001,Carrefour,Station-service Carrefour,,
29570001,,,Système U,
93600016,Total,Total Les Merisiers,,
62150002,Carrefour Contact,Carrefour Contact,Carrefour,
64420001,Intermarché,Intermarché,Groupement des Mousquetaires,
62118002,U,La Station U,,
38870001,Intermarché,Intermarché,,
74960001,Carrefour,,,
64290001,,,Super U,
40370003,E.Leclerc,Station Service E. Leclerc,E. Leclerc,
17360001,Super U,,,
38480006,E. Leclerc,E. Leclerc,,
56620001,Super U,Super U,Super U,
35380001,Super U,Super U,,
40600002,E. Leclerc,Station Service E. Leclerc,E. Leclerc,
6150007,E. Leclerc,Station Service E. Leclerc,E. Leclerc,
33114001,Super U,Super U,,
44160003,E. Leclerc,Station Service E. Leclerc - Pontchâteau,E. Leclerc,
40200002,E. Leclerc,Station Service E. Leclerc,E. Leclerc,
20131001,Vito,,,
72110001,Super U,Super U,,
28200003,E. Leclerc,Station Service E. Leclerc,E. Leclerc,
22130002,E. Leclerc,E. Leclerc,,
33610008,Shell,Shell,Shell,
74210003,Intermarché,Intermarché,,
5350001,,,Elan,
30470004,Total Access,,Total,
12300004,,,Groupement des Mousquetaires,
8150002,Carrefour,Carrefour,,
25340001,Avia,Avia,,
74210001,Carrefour Market,Carrefour Market,,
3360001,Intermarché,Intermarché Super,Groupement des Mousquetaires,
40380003,Carrefour,Carrefour Contact,,
77141001,Total,Total,,
24750002,E. Leclerc,E. Leclerc,,
23800001,Intermarché,Intermarché Super,Groupement des Mousquetaires,
11100003,Dyneff,Dyneff,,
91280001,Intermarché,Intermarché,Groupement des Mousquetaires,
93270001,Carrefour,Station service Carrefour,,
3000001,Carrefour,Carrefour,Carrefour,
91250004,Total,,,
94880001,Intermarché,Intermarché Super,Groupement des Mousquetaires,
91610001,Carrefour Market,Carrefour Market,,
64121003,Total Access,Total Access,,
77700004,Carrefour,,Carrefour Market,
52220002,Intermarché,Intermarché Super,Groupement des Mousquetaires,
44830002,Super U,,,
37160003,Intermarché,Intermarché Super,Groupement des Mousquetaires,
11300001,Dyneff,Dyneff,Dyneff,
35770002,Avia,Avia,SARL Vern Auto Services,
74200002,Carrefour,Carrefour,Carrefour Market,
24100010,Total,Station Total,Total,
46100006,Total,Total,,
74320001,Carrefour Market,Carrefour Market,,
29233001,Super U,,,
10000019,Total Access,Total Access,Total,
31100010,Total Access,,,
3210001,Intermarché,Intermarché Contact,Groupement des Mousquetaires,
32220001,Intermarché,Intermarché,Groupement des Mousquetaires,
78700002,Carrefour Market,Carrefour Market,Carrefour,
35160002,Total,,Total,
34750001,Intermarché,Intermarché Super,Groupement des Mousquetaires,
39100006,Intermarché,Intermarché Hyper,Groupement des Mousquetaires,
35560005,Système U,Station U,,
93140003,Esso,Esso,,
29600003,Intermarché,Intermarché Super,,
25410007,Netto,Netto,Groupement des Mousquetaires,
71400005,Intermarché,Intermarché,Groupement des Mousquetaires,
74310003,Total,Total Les Houches Nord,Total,
8000010,Total,Relais Total Bayard,Total,
11100004,Dyneff,Cap de Pla,,
91420002,Elan,Station Elan,,
29196001,Carrefour,Station Services Carrefour,,
84210001,Intermarché,Intermarché,Groupement des Mousquetaires,
12150004,Intermarché,,,
56240003,Carrefour,Carrefour,Carrefour,
62300006,Esso Express,Esso Express,,
91630001,Carrefour Market,Carrefour Market,Carrefour,
10400003,Intermarché,,Groupement des Mousquetaires,
73300004,Intermarché,Intermarché,,
40400003,Intermarché,,,
54220001,Esso Express,Esso Express,,
68300004,Total Access,Total Access,,
69330005,Intermarché,Intermarché,Groupement des Mousquetaires,
21500002,Total,Station-Service Total,Total,
69340001,Carrefour,Station Carrefour Francheville,Carrefour,
54270002,Esso Express,Esso Express,,
83300001,Total,,,
45300006,Intermarché,Intermarché,Groupement des Mousquetaires,
13015004,Esso Express,Esso Express,,
69330003,Esso,Esso,,
71200011,Carrefour,Carrefour,,
22490001,Super U,Super U,,
2120004,Intermarché,Intermarché,Groupement des Mousquetaires,
40130004,Intermarché,Intermarché,Groupement des Mousquetaires,
91090001,Intermarché,Intermarché,Groupement des Mousquetaires,
73480001,Avia,Avia,Avia,
68920001,Auchan,Auchan,Auchan,
91700006,Total,Total,,
17100011,Esso,Station Esso,,
71480005,Avia,Avia,,
40250001,Carrefour,Carrefour Contact,,
38300001,Carrefour Market,,,
56230005,Carrefour,Station Carrefour,,
91580001,Netto,Netto,Groupement des Mousquetaires,
95270001,Carrefour Market,Carrefour Market,Carrefour,
31600005,Intermarché,,,
77740002,Total,Total,,
1100002,Carrefour Market,Carrefour Market,Carrefour,
2400007,Netto,Netto,,
72330001,Carrefour Market,Carrefour Market,,
49450005,Intermarché,Station Intermarché,Groupement des Mousquetaires,
78170002,Esso,Esso Express Beauregard,Esso,
62140003,Intermarché,Intermarché,Groupement des Mousquetaires,
85530003,Elan,,,
91540004,Intermarché,Intermarché,Groupement des Mousquetaires,
76520002,Intermarché,Intermarché Super,Groupement des Mousquetaires,
28700004,U,Station Service Super U,,
12130001,Total,,,
2170001,Carrefour Market,Carrefour Market,,
90500001,U,Station Service Super U,,
40270004,Carrefour,,,
1630004,Intermarché,Intermarché Contact,Groupement des Mousquetaires,
83660002,Intermarché,,Intermarché,
77290002,Intermarché,Intermarché,Groupement des Mousquetaires,
40210001,Intermarché,Intermarché,Groupement des Mousquetaires,
78960001,Carrefour,Carrefour,,
43800002,Intermarché,Intermarché,,
56310001,Intermarché,Intermarché,Groupement des Mousquetaires,
64130003,Intermarché,Intermarché,Groupement des Mousquetaires,
1290001,U,Super U Laiz,Super U,
22650002,Carrefour,Carrefour,,
72300003,Carrefour,Carrefour,Carrefour,
53800001,Intermarché,Intermarché,Groupement des Mousquetaires,
57600014,Super U,,Super U,
61140001,Carrefour,Carrefour,,
35170002,Super U,,Super U,
81710002,Total Access,Total Access,,
71380002,Netto,Netto,Netto,
22290001,Super U,Super U,,
74370003,Carrefour,Carrefour contact,carrefour contact,
44110005,Avia,Avia,,
36800001,Carrefour Market,Carrefour Market,,
91250001,Auchan,,,
28190001,Intermarché,Station Service Intermarché,,
81120001,Total,,,
95400003,Esso,Esso,,
8090001,Esso Express,Le Pont Leroy,,
95350002,Carrefour,C. C. Carrefour,Carrefour,
71190003,Carrefour,,,
51500003,Intermarché,Intermarché Contact,,
81130001,Intermarché,Station Service Intermarché Cagnac les Mines,,
91370001,Esso Express,Esso Express,,
80220003,Intermarché,Intermarché Super,Groupement des Mousquetaires,
45720002,Intermarché,Intermarché,Groupement des Mousquetaires,
35000021,Total Access,Total Access,,
27000004,Intermarché,Intermarché,,
60330004,Total Access,Total Access,,
8600003,Intermarché,,,
36700001,Total,,,
25110004,Intermarché,Intermarché,Groupement des Mousquetaires,
54520006,Total Access,Total Access,Total,
69590001,Carrefour,Station Service Carrefour Market,,
11200008,Total Access,Total Access,Total,
77370003,Intermarché,Intermarché Super,Groupement des Mousquetaires,
10200004,Esso,Esso,,
84350002,Système U,Station U,,
10260003,Carrefour,Carrefour Contact,Carrefour,
54170004,Intermarché,Intermarché,,
50200008,Total,,,
45130005,U,La Station U,Hyper U Baule,
56120004,Super U,Super U,,
20090015,Esso,Esso,,
33220007,U,Station service U,,
2310002,Avia,Avia,,
42240001,Carrefour,,,
53300003,Carrefour Contact,,,
6140005,Carrefour,Carrefour Contact Vence,,
33460004,Intermarché,Intermarché,,
22460005,Total,Total,,
30820002,Intermarché,Intermarché,Groupement des Mousquetaires,
50170005,Carrefour Market,Carrefour Market,,
8130004,Total,,,
33350003,Intermarché,Intermarché,Groupement des Mousquetaires,
72200003,Total Contact,Total Contact,Total,
74000007,Intermarché,Intermarché,,
72120001,,,Carrefour Market,
41120002,Intermarché,Intermarché,,
84250001,Intermarché,Intermarché,Groupement des Mousquetaires,
33400009,Esso,Esso,,
35160001,La Station U,La Station U,,
35500006,,,Groupement des Mousquetaires,
35460001,,,Super U,
22610001,,,U,
32100003,Carrefour,,Carrefour,
62217003,Intermarché,Intermarché,,
72800002,,,Groupement des Mousquetaires,
53500004,Carrefour,Carrefour,,
69550002,,Relais de la Gaite,,
48600003,,Ets Pignol,,
25500005,Intermarché,Station Service Intermarché,,
71140003,Intermarché,Intermarché Super,Groupement des Mousquetaires,
3600003,,,Groupement des Mousquetaires,
3000006,E. Leclerc,E. Leclerc,,
1540003,Intermarché,Intermarché,Intermarché,
31130007,U,Station service Super U,,
71000020,Intermarché,Intermarché,Intermarché,
42600003,Super U,Super U,Super U,
24580001,Carrefour,,Carrefour Contact,
38630003,U,U La Station,U Express,
74290002,Elan,,,
34340002,Carrefour,Carrefour,Carrefour,
84160001,Super U,,,
22100001,Carrefour,Carrefour,,
39400002,Intermarché,Intermarché,Groupement des Mousquetaires,
54520007,Total Access,Total Access,Total,
68250003,Intermarché,Intermarché Rouffach,Groupement des Mousquetaires,
60590002,Carrefour Contact,Carrefour Contact Serifontaine,,
56000006,Intermarché,Intermarché,SA Samur,
22100009,Total,Total,,
95610007,BP,BP,BP,
95500012,Total Access,Total Access,,
27930008,Total Access,Total Access,Relais Gravigny,
52130002,,,Groupement des Mousquetaires,
36110001,Carrefour Market,,,
18400001,Super U,Super U,,
1100006,Intermarché,Intermarché,Groupement des Mousquetaires,
38260008,Elan,,,
1200001,Carrefour,Carburants Carrefour market,Carrefour,
77300005,BP,BP,,
86100014,,,Carrefour,
61110002,Intermarché,Intermarché Super,,
33260001,Intermarché,Intermarché,Groupement des Mousquetaires,
94510001,Total Access,Total Access,,
77183001,Intermarché,,Groupement des Mousquetaires,
44880001,Super U,Super U,,
10000018,Total,Total,Total,
10300005,Total Access,Total Access,Total,
84660002,Super U,Super U,,
89100009,Intermarché,Intermarché,Netto,
29250001,Super U,,,
29860003,Intermarché,Intermarché,Groupement des Mousquetaires,
93420004,BP,,,
93150008,E. Leclerc,,,
72120003,Total,Total,,
77650001,,,Groupement des Mousquetaires,
10370001,Intermarché,,Groupement des Mousquetaires,
31780001,Intermarché,,Groupement des Mousquetaires,
34660001,Intermarché,,,
64140005,Total,Relais Mohédan,,
82410003,Carrefour,,,
80430002,Carrefour,,,
50480001,Total,Total,Total,
50200005,Intermarché,Intermarché,Groupement des Mousquetaires,
51800015,,,,
61130001,,,,
82600002,,,,
45000007,,,,
89000003,,,,
31000004,,,,
46240003,,,,
94100013,,,,
83210008,,,,
62143003,,,,
69008008,,,,
57740008,,,,
2110002,,,,
38830002,,,,
79190001,,,,
6200026,,,,
82400003,,,,
57740010,,,,
37270002,,,,
77150005,,,,
24750004,,,,
37270005,,,,
56150005,,,,
89100013,,,,
75014010,,,,
68630003,,,,
74890001,,,,
75017019,,,,
3400004,,,,
18150001,,,,
78630008,,,,
37200004,,,,
3500002,,,,
76340005,,,,
82600002,TotalEnergies,TotalEnergies,,
94100008,Avia,Avia,,
37270007,TotalEnergies,Total,,
61130001,,,,
2110002,,,,
79190001,Station U,Station U,,
82400003,Intermarché,Intermarché carburants,,
24750004,,,,
68630003,Carrefour City,Carrefour City,,
38830002,,Intermarché,,
37200004,TotalEnergies,TotalEnergies,,Centre Atlantique
78630008,TotalEnergies,TotalEnergies,,
,,Europoint,,
,,Schweinfurth,,
,,,,
,Elan,,,
,,,,
,,,,
,Migrol,Migrol Tankstelle Ettingen,Migrol,Ettingen
,,Gillet Millon / Renault,Elan,
,,,,
62140002,Total,Total,,
,AS 24,AS 24,,
,,,,
,,Air Liquide Mâcon Nord,Air Liquide,
,Aral,Aral,Tankstellen Services Sârl,
,,,,
,,,,
,,,Agip,
,,Gazole Pèche,SOCAB,
,,Coop,Coop,
,Air Liquide,Air Liquide,Air Liquide,
,,Air liquide Chemaudin,,
,,,,
,,Q8,,
,,,,
,,garage angoumare,,
,Avia,Avia,,
76210008,,Ets Coustham,,
46340002,,Phica,SARL Phica,
45170002,Total,Total Excellium,Total,
,,MINI PRIX,,
,,Garage Pilou SARL,,
,,,Elan,
,,,,
,,,AD,
,,Petrodak,,
69700002,Total,Total,,
,,,Esso,
,,Total Energies,,
,,,,
,Q8,,,
,,,,
,,,Elan,
,,,,
,TotalEnergies,TotalEnergies Wervik,TotalEnergies,
,Repsol,Repsol,,
,,Station-Service à CB - Accès Restreint et Privé,Circuit de l'Anneau du Rhin,
,,,Karrgreen,
29300005,,Malecot,Total,
,,IDS,,
15800005,Total,Total,,
58140002,Total,Total,,
,,Avia Thevenin & Ducrot,,
,BP,BP Ets MICHEL,,
,,Station à hydrogène,Hysetco,
,,,,
,,,,
,,Gazoil Pêche,Docks & Mer,
14100002,Total,Total,,
,Tamoil,Station Tamoil Thalberg,FEB Sàrl,
,Wit,Ets Frédéric Marée,Ets Frédéric Marée,
62600004,,Frambery,,
,Texaco,,,
62730002,Carrefour,Carrefour Market,,
,Elan,Elan,,
,Jubin SA,Automate,Jubin SA,
,Eni,Eni,,
,TotalEnergies,TotalEnergies,,
,,Hôtel des Mines,,
,Esso,Esso,Esso,
,,,,
,Nervol,,,
93000001,Esso,Esso,,
,,Station essence,,
,Total,,,
,Engie,,,
,AS 24,AS 24,,
,Avia,Avia,Avia,
,Migrol,Migrol Tankstelle Gundeldingen,Migrol,Basel Gundeldingen
,Ruedi Rüssel,,,
,Shell,Shell,,Shell Settelen AG Birkenstrasse
,E.Leclerc,Station Service E.Leclerc,,
,TotalEnergies,TotalEnergies,,
,,La Ceres,,
50200014,Carrefour,Carrefour,,
,Naturgy,,,
30000020,BP,BP,BP,
,Texaco,Texaco,EG Group,
,Total,Total,Total,
,,SCS Satellite Car Servic...,,
,,,Total,
,,,,
,,Yacco,,
,,Ruedi Rüssel,,
,,Les Tigres,,
,,Station GNV Bouloc,GNVert,
,,Wettstein Garage,,
,Esso,Station de la Semois,Esso,
,Elan,Total,,
51390003,TotalEnergies,Total,,
,,Station GNV,GN Drive,
,,,,
78990008,TotalEnergies,TotalEnergies,,
16500001,Avia,Avia,,
,,,,
,Enora,Enora,,
,,,Total,
,,,,
59620003,Intermarché,Intermarché,,
78340004,Esso Express,Esso Express,,
,,,,
,TotalEnergies,TotalEnergies,,
,,Avia thevenin ducrot distribution,,
,BP,BP,BP,
11000017,E.Leclerc,E.Leclerc,E.Leclerc,
,Elan,Elan,,
,,,,
,Tamoil,Tamoil,,
48500002,,Raja,Raja Sarl,
39210003,TotalEnergies,TotalEnergies,,
64230008,Netto,Netto,,
,,Station GNV,endesa,
,,Renault,,
,,,Élan,
,,,,
,Shell,Shell Baslertor,,
,,Garage Le Vaillant,Indipend.,
,Elan,Elan,,
,,,,
,Total,,,
,Shell,Parc-de-Budé,Shell,
,,,,
,,,,
,AS 24,AS 24,AS24,
,BP,BP Petit Lancy,,
,BP,BP,,
67270002,E.Leclerc,Station Service E.Leclerc,E. Leclerc,
,,Tamoil,Tamoil,
,,,,
,,Garage Massoulard,,
,,,,
,TotalEnergies,TotalEnergies,,
,Engie,Station GNV Le Rheu,,
,,,,
40200003,Esso,,Sarl Caignieu & Fils,
7380001,Elan,,,
,Repsol,Repsol,Repsol,
,Lukoil,Lukoil,,
,,,,
,,Station hydrogène,,
51800010,Intermarché,Intermarché,,
,,Station GNC de Villeurbanne,GNVert,
,,,,
,,Station GNV,endesa,
,Elan,Elan,,
,Esso,Esso,,
,Aral,Aral,,
,Texaco,Esso EG 1,,
,,,,
,,,,
,Migrol,,,
,Agip,,,
,,,,
,,,,
,BP,BP,,
,Q8,Q8,Q8,
,Aral,Aral,Aral,
,,Intermarché station-service Champniers,,
,Total,,,
44370006,Citroën,,,
,Shell,Shell,Shell (Switzerland),Basel Flughafenstrasse
,,,Dogocho,
,Elan,Elan,Plaisir cycles,
94370007,Total,Total,,
32120001,Elan,Elan,,
,PMO,PMO Automatic,PMO,
28260003,,,Carrefour,
,,Station du Dourdou,,
,,,,
,Fournier-Cavos,Fournier Cavos,Fournier-Cavos,
,,Garage Chevalier,,
,Avia,Avia,,
,,,,
58430002,Total,,,
,,Elf,,
,Evergaz,Station GNV/BioGNV,,
,AS 24,AS24,,
,Total,Total,Garage de la Gare,
,,,,
,,,,
,,,,
,,,,
,Shell,Shell,Shell,
,,Total énergie contact,,
,,Station-Shop de la Côte,Station-Shop de la Côte,
,,Station La Fleur de Lys,,
,,Station Paupe,,
,,,,
,,,,
,Libreco,Garage Gilbert,,
,,,,
,,Garage du Moulin Blanc,,
,,,,
,,,,
,,,,
,,Gaz'Up,Gaz'Up,
,,,,
33330002,,,Elan,
,Gulf,Gulf,,
,Avia,Avia,,
,,Avia Thevenin Ducrot Distribution,,
,,CNG,,
,Eni,Eni,,
,,,Total,
,TotalEnergies,Total,,
,,,,
,,,,
,Independent,Garage Vaysse,,
,,Agence Blatger,,
,Esso,Esso,Esso,
,,,,
,,,,
,BP,BP,,
,,,Frères Jubin,
,AS 24,AS24 - Ludres 2,,
,,,,
17310003,Total,Total,,
,,,,
,,,,
,Gaz’up,,,
,,,,
,Total,Le Calvaire,,
,Shell,Shell,Shell,
,,Station Endesa CNG Gas,,
,,,,
,Esso,Esso,,
,,,,
,,,,
,AS 24,AS 24,,
,,,,
9000002,,,,
,Engie,,Engie,
,,eurorepair,,
70300006,Avia,Avia,,
,,,,
,,,,
,,,,
,,Esso,,
,,station DEFA,,
,,,,
17139002,,SARL Garage Brillault,,
69110001,TotalEnergies,TotalEnergies,,
,Total,Total,,
,Esso,Esso,,
,,,Flugplatz Düren – Untere Saar – Betriebsgesellschaft mbH,
,,,,
,Avia,Avia,,
,Avia,Avia,,
,Avia,Avia,,
,,,,
,,,,
,,Station ASA,,
,,Station-service Letellier,,
86100005,Total,Total,,
,AS 24,AS 24,,
,,Pitstop,Pitstop,
,Avia,Avia,,
,Migrol,,,
,,,,
,,Range Rover,,
,,,Circuit de Nevers-Magny-Cours,
,,Garage Cobo,,
,,,Elan,
,,,,
22600005,Total,Total,M NEVO GWENAEL,
,Brétéché,Brétéché,Brétéché,
,Elan,Elan,,
24430003,Elan,Elan,,
56700005,Total,Station Total,Total,
68600003,Total,Total Contact,Elf,
,,,,
,Q8,Q8,,
,AS 24,AS 24,AS24,
,,,,
69870001,Total Contact,Total Contact,Total,
,,,,
,,Avia Boutique,,
,,,Migrol,
,TotalEnergies,TotalEnergies,,
,,,,
,Libreco,,,
,,Station Service de Montfranc,,
,,,,
,,Station GNV,endesa,
,,Carrosserie Mosnier,,
,,,,
6320005,TotalEnergies,Total,Total,
,,,,
44500002,Avia,Avia,,
35190004,Avia,,,
,,,,
,,,,
,,Michel SARL,,
68000013,Avia,Avia,,
,,,,
,Q8,Q8 Corbas,,
,AS24,AS 24 Corbas,,
,,Renault,,
,Avia,,,
61100009,Avia,,,
,Avia,,,
,Karrgreen,,,
,,,Elan,
,,Garnier Automobiles,,
,Avia,Statin GNV Fretin,Primagaz,
,AVIA,Station GNV,Primagaz,
,Avia,,Rodeaux Chenot,
93110006,Avia,Avia Xpress,,
,Air Liquide,Station GNV Air Liquide,Air Liquide,
,Avia,Avia,,
,,,Q8,
,,,,
,,,,
,,,,
,,,,
78150007,,Station Super Discount,Sarl sodical,
,,,,
,,Cieutat,,
,Elan,Elan,,
63380002,,SARL Fauverteix,,
12420001,,Garage Citroen,,
,,,,
,Elan,Elan,,
,H2 Mobility,H2 Tankstelle,H2 MOBILITY,
,,,,
,,,,
,,Station Service,,
92000017,TotalEnergies,Total,Total /Spar,
,IP,IP,Economy S.R.L.,
,,,,
,,Tamoil,Tamoil,
,,,,
,,Remo Arnoldi,,
6220007,Total,,,
,,,,
,,,,
,Total,,Total,
,,Oberle,,
,,,,
,,,Tamoil,
,Avia,Avia,Repsol,
,,,,
3410010,,Station Casino Supermarché,,
,TotalEnergies,Total,,
,AS24,,AS24,
,,,,
,,,,
,E.Leclerc,Station Service,,
,,,,
,,,,
,,,,
,,,,
,Elan,Elan,,
,,,,
,,CNG station,Gaz de Bordeaux / GNVert,
,TotalEnergies,Ets JULLIEN,,
15100008,Elan,Elan,Elan,
,Migrol,Migrol Service Riehenstrasse,Migrol,Basel Riehenstrasse
,,,Q8 Oils,
,,,,
,,,,
,AS 24,AS 24,As24,
,,,,
,AS24,,,
79370002,,,Spar,
,,Proxy,,
,Avia,Gpl,,
,,CERN gas station,,
,,,,
,Carrefour,Carrefour,,
,Carrefour,Carrefour,,
,,Station Biogaz GNC,,
,,,,
10130005,,Station du Péage,,
,Shell,Shell,,Shell Settelen AG Türkheimerstrasse
,,CNG,,
,,,,
,,CNG,,
,,Garage Navet,,
,Avia,Avia,Avia,
36600001,Total,Total,,
,Vito,Vito,,
,,,,
,,Garage Bourcier,,
,,,,
,,,,
27230005,Elan,Elan,,
,,GNVert station,GNVert S.A.,
,,GNVert station,GNVert S.A.,
,,GNVert station,GNVert S.A.,
,,GNVert station,GNVert S.A.,
,,GNVert station,GNVert S.A.,
,,GNVert station,GNVert S.A.,
,,GNVert station,GNVert S.A.,
,,,,
,,Esso Express,,
22300001,Casino,C. C. Géant Casino,Casino,
,TotalEnergies,Garage Décultieux,,
,Avia,Avia,,
,,,,
,,AS24,,
,,Garage Vallat Sàrl,,
,Air Liquide,,Air Liquide,
,,,,
,,,,
,,,,
,,,,
,,,,
,,,,
,Texaco,,,
,,,,
,Independent,,,
,GEG,Station GNV,Gaz et Electricité de Grenoble,
,,,,
,,,,
,,,,
,,,,
42230003,,Garage Rebaud,,
17290001,Total,Total Contact,,
,,garage nourry,,
62610002,Auchan,Auchan,,
,Elan,Elan,,
7200009,Elan,Garage Joseph,,
,TotalEnergies,TotalEnergies,,
,,JPN Auto,,
,Total,Total,,
,Esso,Station Esso Garage Hermann,,
,TotalEnergies,TotalEnergies,Taxi Pontal,
,Spar,,,
,TotalEnergies,TotalEnergies Schengen 76,Johanns & Cie sàrl,
,TotalEnergies,TotalEnergies Mondorf,Johanns & Cie sàrl,
,TotalEnergies,TotalEnergies Schengen 102,Johanns & Cie sàrl,
,Garage Dunoyer,,,
,,,Les Hirondelles,
,,,Elan,
5300004,,Garage du Riou,Esso,
,Lukoil,Station Lukoil,Lukoil,
,,Garage Lerouge,Franck Lerouge,
,E.Leclerc,Proxi,,
,,,,
,,,,
,,,,
,,Motul,,
68125002,,,,
64800008,Elan,Elan,,
,,Station service communale,,
,,Le Relais de Lacardayre,Mairie de Massels,
72230011,Intermarché,Intermarché,,
,Q8,Q8,Kuwait Petroleum,
,,,,
,Avia,Avia,Avia,
,Q8,Q8,Kuwait Petroleum,
,Aral,Bad Bellingen,ATR Südbaden GmbH,
13008016,TotalEnergies,Total Rabateau,Total,
,Avia,Avia,,
,,Renault,,
,,,,
,E.Leclerc,E. Leclerc,,
,,,Spar,
,,,,
,,Station service Kebabci,,
,Elan,Elan,,
,,Station service,,
,,,Avia,
,,Vélo à hydrogène,,
,TotalEnergies,TotalEnergies,,
,,Station GNVert,,
,TotalEnergies,TotalEnergies,,
,Tamoil,,,
,,Parking du Marché de la Madeleine,,
,Garage Vergnaud,,,
,,Defossez N.V.,Defossez N.V.,
,,Ovaere,Ovaere,
,,Garage Fau,,
,,Station à Carburant de Berry-au-Bac,,
,,,,
,Repsol,Repsol,,
,Avia,Estación de Servicio Avia Ibardin,,
,Repsol,Repsol,,
,,Station d'Avitaillement Pont-à-Bar Services,,
,,AVIA,,
,,,,
,,,,
,Elan,Elan,GARAGE AJ45,
,,,,
,TotalEnergies,TotalEnergies,,
,TotalEnergies,Total Esch-sur-Alzette,Total,
,,,,
,BP,BP,BP,
,Gulf,Gulf,,
16150002,,Garage Fragnaud,,
,,,,
,Elan,Station Elan,,
,Mobil,,,
31310004,Total,Total Contact,,
83220001,,,Shell,
,,,,
1510002,,,Avia,
,,,,
,,,,
,,,,
,,,,
,,,,
,,,,
,,,,
13210003,,Trinité (24h/24),,
,,,Avia,
,,,Avia,
,,Auto Primo,,
,,Station-service des Raspes du Tarn,Commune Le Truel,
,,,,
,,Tanguy Fioul,Elan,
,,,,
,,,,
,Garage Grilhot,,Garage Grilhot,
80150004,TotalEnergies,Total,,
,,Gaz'Up,Gaz'Up,
,,,,
,,,,
,,,,
,Independent,,E. Leclerc,
,,,,
,,Gazole Fuel Gaz,,
,Elan,Élan,,
,Air Liquide,L/CNG station,Air Liquide,
17200007,Avia,Avia,,
,,,Total,
,,Station GNV Toulouse,Gaz UP,
,,,,
,Total,Total,,
,,,,
39500003,,,,
,,,,
,,Station Carburant,,
,,Gaz Naturel pour Véhicule Metano,,
,,,,
,Gabriëls,Gabriëls,,
,,,,
,Independent,,,
50270003,Total,Total Contact,,
,,,,
,,,,
,Independent,Agence Moulin,,
,Diffus'Agri,,,
,AS24,AS 24,,
,,,,
,,,,
,,,,
,,,,
,,,,
14200002,Esso,Esso,,
,,,,
,,,AS24,
,,,,
,,,,
,,,,
,Total Contact,,,
12150008,,Station Delmas,,
71470002,Avia,,Avia,
,,,,
11560002,Total,Total Contact,,
93000009,,,,
,,,,
,,,,
20200017,Vito,Cap 200,Vito,
,,,,
,,SMG,,
,,,,
,,,,
,,,,
,,,,
,Elan,Elan,,
,,,,
,Avia,Avia,Garage du Grand Bec,
29150005,Total Contact,,,
,,International Diesel Service,,
,Petronor,Petronor,Repsol,
,,,,
,,AS24,,
,,,TotalEnergie,
,,,,
,,Avia Xpress,,
,,,,
,Elan,Elan,Elan,
,AS 24,AS24,,
,,,,
,,BFT,,
,,Shell,,
,,Station service,,
,,Essence pour bateau,,
,,Migrolino,Migrolino,
,,,,
,,,,
,,,,
38980001,Elan,Elan,,
,,,,
,,,,
,,,,
,,épi service,,
93600002,Total,Total,,
,,,,
,,,,
,Total,Total,,
,,Magnen Energie,Garage Fraye,
,Shell,Shell,Shell,
,GNVert S.A.,GNVert station,GNVert S.A.,
,ABM,,ABM,
,Avia,Avia,,
,Intermarché,Intermarché,Intermarché,
,BEBECO,BEBECO,Schweizer Armee,
,,,Elan,
,,,,
,AS 24,AS24,,
,Relais des Gorges d'Héric,Relais des Gorges d'Héric,Relais des Gorges d'Héric,
,,,,
,Mobil,,Mobil,
,,,,
,,,,
,Cavos,Cavos,,
,,,,
,,,Tout faire - Comptoir matériaux et énergies,
,,,,
,,,,
,,,Garage Martin,
,,,Tamoil,
,,station GNVert,GNVert,
,,station GNVert,GNVert,
76360003,Elan,Elan,Renault,
,,station GNVert,Engie,
81600005,Elan,Elan,,
,Elan,Elan,,
,,,,
,,,,
,,Dupuy Sarl,,
,,,,
,Elan,Elan,,
13700006,Independent,DLG,Socarmec,
,,,,
24480002,Elan,Elan,,
24620003,Elan,Elan,,
,,,,
,,,,
,,,,
6550001,Agip,Station service de la Siagne,,
35330001,Elan,Elan,ELAN,
,Q8,Q8,,
,Q8,Q8,,
,Lukoil,Lukoil,,
,,CNG,,
,,,,
,,XV,,
,,,,
,Aral,Aral,,
,Lukoil,Lukoil Truck,,
,AS 24,AS24,,
,,,,
,BP,BP,,
49122003,Elan,Elan,,
,,,,
,,,,
,TotalEnergies,TotalEnergies,,
,,ravitaillement carburant du port,,
,Q8,Q8 Bourg en bresse,,
,,Brétéché,,
33690001,,,Total,
,,,,
,,,,
,,Station service municipale de Rouffiac,Mairie de Rouffiac des Corbières,
,,,,
,,,,
,Total,,,
,,Nafaroil Ibar S.L.,,
,,,,
,Nantes Métropole,Station carburant,Nantes Métropole,
,Elan,Elan,,
,Intermarché,Intermarché,,
75008009,TotalEnergies,TotalEnergies,,
,,,,
,,,,
,,,,
,,Garage Guichard,,
,,,,
,,,,
88230001,Total,Total,,
,,,,
,,,,
,TotalEnergies,Total Energies,,
,,,,
,,,,
,TotalEnergies,Total Energies,,
50750001,,,,
50110005,,,,
,Elan,Elan,,
89310001,Avia,Avia,,
,,,,
,,,,
,Elan,Relais des Vallées,,
37220002,Elan,Elan,,
,Independent,,,
,AS 24,AS 24,,
,Brétéché,Garage Bouron,Brétéché Services,
,,,AS24,
,,,,
,,Station Service Associative Cosmogol,,
,,,,
,,,,
,AS24,,,
,,,,
59470002,Total,Total,,
,,,,
,Avia,Avia,,
,,Total Énergies - Benard Garage,,
,,,,
13014013,,,,
,AS 24,AS24,,
,,Q8 Oil,,
,BP,Station BP,BP,
,,Station Communale Ayen,Utile,
,Agip,Agip,Agip,
,,,,
,Avia,Pneu-Haus Spalenring-Service,,
,,,,
56730001,,,,
,,Essence,,
12330006,,,,
,,,,
,,,,
,,,,
56380004,TotalEnergies,Total,,
,,,,
82350002,,,,
,,les Mousquetaires,,
,,,,
13230003,Independent,SARL Rodriguez,SARL Rodriguez,
,,,,
,,Station service Communale Porte de Lure,,
,,,,
,,Hänßel,,
,,,,
,,,,
,,,,
,,BP,,
,Socar,Socar,Socar,
,,,,
,,Chez Thierry,,
12450002,Total,Total,Total,
,,Avia,,
,Elf,S.A.R.L Gad,Total,
,,,Océane Auto,
,,,,
,Q8,Q8,,
,,,,
,,,,
19190002,Total,Total,,
,,Station-service Joubert essence,Joubert,
,,Station-service Joubert diesel,Joubert,
,,,,
,,,,
,Elan,Elan,Elan,
,Elan,ELAN - relais Pigalle 2,,
,Elan,Elan,Elan,
65410002,Elan,Elan,,
,Elan,Elan,,
,,,,
75011003,Elan,Elan,,
,Elan,Elan,,
,Elan,Elan,,
,Elan,,,
,,,Mairie de Saint Privat,
47390001,Elan,Elan,,
,Elan,Elan,Garage Stroh,
,Elan,Elan,,
,Elan,Elan,,
45630001,Total,,,
,Elan,Elan,,
,Elan,Elan,,
,Elan,Elan,,
,,,,
,Total,Total,,
,AS 24,AS 24,,
,AS 24,AS 24,,
,Dyneff,Dyneff,,
,,,,
,,,,
,AS24,,,
,,,,
,,,AS24,
,,,,
,,,,
,Repsol,BidasOil,Bidasoil Ipar,Petronor
,Total,Total,,
,Esso,Esso,,
,,Station-service Gil Viala,,
,Elan,Elan,,
,,,,
,Shell,Migrol Service Kleinhüningen,Migrol,Basel Kleinhüningen
,ELAN,Station Essence Elan de Culan,,
,Esso,Esso,Antje Gärtner,
,,,,
,Air Liquide,,Air Liquide,
51230003,Intermarché,,,
,,Q8 Langre,Q8,
,,,,
,,,,
,Texaco,,,
,,,,
,,,,
80136003,LM,,LM,
,Total,Total Energie,,
22460003,Carrefour,,,
,,,Tramosa,
,,Station Liberté / Valvoline,,
,,Station service bus,,
,,,,
,,Le Sans Soucis,,
,,,,
54260001,Total,Total,,
,,,,
54460001,Intermarché,Intermarché,,
,Elan,Elan,,
,,,,
57120005,E.Leclerc,E. Leclerc,,
,,Libreco,,
,,,,
,PMO,PMO Automatic,PMO,
,,,Total,
62780001,Total,Total,Total,
,,Station de la Volane,Vulco,
57140001,E.Leclerc,E.Leclerc,,
,,,,
,,,,
,Élan,,,
57450001,Eni,Eni,,
,,,,
,,Combustible de la vallée - Mauger Camille,,
,Total,Total Contact,,
,,Mousquetaires,,
,Elf,,,
,Fournier Cavos,Persijn,,
,,,,
,BP,,,
,,Garage Fauré,,
,Elan,Elan,Total,
,,,,
,,Delmas Carburants,,
,,,,
,,,,
,,Renault Henri George,,
,,Josenea,,
,TotalEnergies,TotalEnergies Willerbach,,
,Esso,,,
,,UL91,,
19140005,Intermarché,Écomarché,,
,,Dufour Energy,,
,Total,Total,Total,
,,,,
,Carrefour Contact,Carrefour Contact,Carrefour,
,Avia,,,
,,,,
,Total Access,Station Elf,Elf,
95000007,Esso,Esso,,
26780005,Dyneff,Station Dyneff,,
,Elan,Station essence Quemin,,
,Elan,Elan,Elan,
,Total,Total,Total,
,Total,Total,Total,
,Elan,Elan,Elan,
,Elan,Station Elan,Elan,
,AS24,AS24,AS24,
,Elan,Garage Gaudio,SARL Gaudio,
,Esso,Esso,Esso,
22980001,Elan,,,
,Avia,Avia,Avia,
,Elan,Garage de la Rossa,,
5500001,Intermarché,Intermarché,Groupement des Mousquetaires,
,Elan,Elan,Elan,
,Elan,Elan,Elan,
,Elan,Garage Girard,,
69630002,Elan,Station Elan,,
92000011,BP,BP,BP,
,Avia,,AVIA,
,Elan,,,
94190003,Intermarché,Intermarché,Groupement des Mousquetaires,
,Dyneff,,,
,AS24,,,
,Avia,Garage Dos Santos,,
,Elan,Elan,Mr LABORDE Jean,
,Elan,Garage Secula,Mr SECULA CRISTY,
,Elan,Elan,SARL Orensanz,
,Elan,Elan,EURL DA COSTA MIGUEL,
,Elan,Elan,SARL LASTECOUERES,
,Elan,,Elan,
,Elan,,,
51600002,Avia,,,
,Elan,,,
,Elan,Elan,Elan,
20118005,Esso,Esso,Esso,
,Avia,Station Service Geslin,,
,Avia,Avia,,
,Elan,Elan,,
,Elan,Elan,,
,Elan,Elan,,
,Elan,,Elan,
,Elan,,Elan,
,Elan,Elan,,
,Elan,,,
,Elan,,Garage Régis Canno,
,Elan,,,
,Esso,Esso,Esso,
,Avia,,,
,Elan,Elan,,
,Avia,Avia,Avia,
,Elan,,TOTAL,
,Dyneff,Dyneff,Dyneff,
,Elan,Elan,,
,Elan,Garage de la Veules,,
,Avia,,,
,Avia,,,
,Avia,Station camions,,
,Elan,,,
,Elan,Elan,,
,Elan,,,
,Elan,Elan,,
,Elan,Elan,,
,Elan,Elan Isle,Elan,
,Elan,,,
,Elan,,,
,Elan,Elan,Elan,
,Elan,Elan,,
,Elan,,,
,Elan,,,
,Elan,,Total,
,Elan,,,
12200003,Esso,Esso,,
,Elan,Elan,,
,Elan,Elan,,
,Elan,Elan,,
,Esso,,,
95260002,Intermarché,Intermarché Super,Groupement des Mousquetaires,
,Elan,Elan,,
40130001,Total,Total,,
,Elan,Elan,Total,
,Avia,,,
,Elan,Garage Harvus,,
,Spar,Spar,Spar,
,Elan,Garage Feurprier,,
,Elan,Station Service Élan,,
,Avia,Avia,,
,AS 24,AS 24,,
,Elan,Elan,,
46140002,Spar,,,
,Elan,,,
,Avia,Avia,,
,Elan,Elan,Total,
,Elan,Elan,Total,
,Elan,Elan,,
71420001,Intermarché,Intermarché Contact,Groupement des Mousquetaires,
62100029,BP,BP,,
,Elan,Elan,,
,Elan,,,
9600001,Intermarché,Intermarché,Groupement des Mousquetaires,
,Elan,Elan,,
44170003,Avia,Avia,,
,Elan,Elan,Elan,
,Elan,Elan,Elan,
,Elan,Elan,,
25430002,Avia,,,
2200011,Total,Relais Maupas,,
,Total,,,
,Total,,,
,Esso,Esso,,
,Total Access,Total Access,,
,Elan,Elan,,
,Elan,Elan,Elan,
,Elan,Elan,,
,Elan,Elan,,
,Elan,Elan,,
81500005,Leader Price,Leader Price,,
,Elan,ELAN,,
7800005,Avia,,,
,Avia,,,
,Carrefour,Carrefour,,
,Elan,,,
,AS24,AS24,,
,AS24,AS24,,
,Elan,,,
,AS24,,,
,Avia,Avia,,
22160001,Casino,,,
,Total,SAS Landri - Station Total,,
,Elan,,,
,,Station Service du Planet,,
,,,,
,,,,
,,,Esso,
,,Tabac-Presse - François Cornière,,
22480003,Total,Total,,
74920001,Total,Total Contact,,
,,,,
,,Lesèche et Fils,Lesèche et Fils Sarl,
,Tamoil,Tamoil,,
,Independent,Station d'Avitaillement,,
,Tamoil,Tamoil,,
,,Relais Val du Cher,,
,,,,
63690002,Total,Total Tauves,,
,Esso,Esso,Esso,
,,Luzaide gazolindegia,,
,,Peio gasolindegia,,
92420003,BP,BP Ultimate,,
,Q8,Q8,,
,Gabriëls,Gabriëls,Gabriëls,
,Coop,Coop Tankstelle,Coop Mineraloel,Basel Hochbergerstrasse
27140006,Total,Station Total,,
,Elan,Elan,,
,Elan,Elan,,
72170005,Total,,,
,Total,Station Total,,
,Total,100LL,,
,Total,Station Total,,
29610003,Total Contact,,,
,Elan,,,
,,,,
,,,,
,Total,Total,,
,,Station Service Communale de la Citarelle,,
,Jubin,Station de la Crête,Jubin,
,Gasopas,,Gasopas,
,Shell,Migrol Service Allschwil,Migrol,Allschwil
,Intermarché,Intermarché,,
,,,,
,,,,
,Esso,,,
,TotalEnergies,TotalEnergies,,
,,,,
,TOTAL,,,
,Esso,Esso,,
,Esso,Esso,,
,,,,
,,,,
,,Carburant,,
,Shell,Shell,,
,,,,
,,,,
,,,,
,Total,,,
,,,,
,AS 24,AS 24,As24,
,,Sarl Argentonesse,,
,Elan,,,
,Shell,,,
73000010,E.Leclerc,Station Service E. Leclerc,,
,Elan,,,
58000002,Carrefour,,,
,Q8,International Diesel Services,Q8,
22540003,Elan,Elan,Elan,
,,,,
75020007,Indépendant,,,
,Total,Total,Total,
,Total,,,
81230004,Elan,,,
,Total,Total,,
,,Station-Service de Ceton,mairie de ceton,
94120011,Total,Total,,
,PMO,PMO Automatic,PMO,
,,,,
95310008,Esso,,,
,,,PMO,
87410003,Carrefour,,,
,,,,
32730004,Dyneff,Dyneff,,
8200010,Total,Relais Total Sedan Marne,Total,
14880002,Elan,,,
,Elan,,,
,Elan,Elan,,
,Avia,,,
17120004,,Chez Chouchou,,
,Igol,,,
,Avia,,,
,Avia,Avia,,
78190008,,,BP,
64800004,Élan,,SARL FERRAN,
84097001,AS24,,AS24,
,Gulf,,Gulf,
,Élan,,,
70220001,,Relais du Kirsch,,
,,GNVert station,GNVert S.A.,
70200007,,Merions,,
70800003,Carrefour,Carrefour Express,,
,AS24,,,
75016011,Elan,Elan,,
,,,,
,,,,
,,,,
,Avia,Avia,,
,,Station GNV Montbartier,Primagaz,
31106001,Casino,,,
,Armorine,Armorine,Armorine,
,Esso Express,Esso Express,G&V,
,Total,,,
,,Cosmos,,
,Q8,Q8,,
,,,Esso,
,Esso,Esso,,
,AS 24,AS 24,Total,
,Agrola,Agrola,,
,Avia,Avia,,
,,Zahav,,
,AS 24,As24,,
,,Station GNV Air Liquide de Noyal,Air Liquide,
,,,,
,,Meuse Nautic,,
,,Self 2000,,
,,,,
,Élan,,,
77240003,TotalEnergies,Total,,
,,,,
71270002,Eurl Comparet Fils,,Eurl Comparet Fils,
85540001,Esso,Auto Primo - Garage Objois,,
,,,,
,Elan,Elan,,
2110001,Total,Total,,
,,,,
,Elan,,,
,Elan,Elan,,
,Élan,,,
,Mini Prix,Mini Prix,Mini Prix,
,Élan,,,
,Total,,Total,
,,,,
,,Air liquide Fauverney,,
8600002,,Boutique Esso,,
,E.Leclerc,Station Service E. Leclerc,,
,,,,
,,,,
,,,,
,,,,
,Elan,Elan,Garage de la Couronne,
,,Cocci Market,,
,,,,
,,,,
,,Relais des Franches,,
,,Station GNV VGAS Chambéry,,
,Esso,Esso,,
86200001,Esso,Esso,Esso,
,Total Énergies,AS24,,
,Elan,Elan,,
,,,,
,,,,
,,SARL Darnige Al Automobiles,,
,Élan,,,
,Agip,Agip,,
,Total Access,Total Access (Poids Lourds),,
,AS 24,as24,,
51100046,Total Access,Total Access,,
,Total Access,Total Access,,
,,,,
,Total,Total Orcières,Ranguis J.P.,
60400003,Intermarché,Intermarché,,
69760001,Totalenergies,Totalenergies,Totalenergies,
,Elan,Elan,,
,,station GNV,,
13112002,Casino,Casino,,
67200001,E.Leclerc,Station service Auchan,,
,Total,Total,,
75016027,Eni,Eni,,
93250005,Societe Regionale De Distribution,Station-service,Societe Regionale De Distribution,
,,,,
89420001,Avia,Avia,,
22400003,Total,Total,,
,V-Gas,Station GNV Bouc Bel Air,OG Clean Fuels,
25600003,Intermarché,Intermarché,,
,Air Liquide,,,
2120005,Total,Total,Total,
,,,,
,,,,
30300008,Esso,Esso Le Mistral,,
44710002,Intermarché,Intermarché,,
,,SACYTRANS,,
,Repsol,Repsol,Repsol,
,,Luzaide,,
79025001,Casino,Géant Niort Est,Casino,
,Gust'Oil,G.S.H.C,,
72120006,,Q8 Oils,,
72220005,Intermarché,Intermarché,,
,,Station Margaine,,
,,Jubin,Garage Haute-Ajoie SA,
8310001,Total,Total Contact,,
10200001,Total,Total,,
14520002,Total,Total Contact,,
93390001,E.Leclerc,E. Leclerc,,
,,PETROLPERRET,,
,,IDS,,
,Gulf,,,
,Elan,Elan,,
,,,,
45270002,Avia,Avia,,
,Shell,Shell,,
,Independent,Relais Saint-Jacques,,
,Tamoil,Tamoil,,
,Tamoil,Tamoil,,
,Avia,Avia,,
24460003,Total,Total,,
95400009,,Filot Auto,,
,,,,
,Avia,,,
78150011,Carrefour,Carrefour,Esso,
74200017,Avia,Avia,,
18350003,Total,Total,,
,Elan,Elan,Elan,
,,v-gaz,,
,Shell,Shell,,
,,,,
56140001,Casino,Casino,Casino,
,Avia,Avia,,
52320001,,,,
,Elan,,TotalEnergies,
,Elan,Elan,Ets KIEBEL Yolande,
,,,,
59510003,Total,Relais Total Des Trois Baudets,Total,
,Avia,AVIA,,
59151003,Total Access,Total Access,Total,
30700003,Total,Total,SARL DUCROS DISTRIBUTION,
,,,Elan,
,,VSC,,
,Avia,Avia,,
,JET,JET,Guerol Zorba,
,Tamoil,Tamoil,Tamoil,
,,,,
,Q8,Q8,,
,Total Access,Total Access,,
,,,,
,Esso,Esso,,
77100024,BP,BP,,
,Moeve,Moeve,,
,Moeve,Moeve,,
77400014,Total Access,Relais de Pomponne,,
,AS24,AS24,AS24,
,AS24,AS24,AS24,
,Esso,,,
,,,,
,AS 24,AS 24,,
,Power,Power,Gabriëls,
,,,,
,,Garage Gervais,,
,,Pompe essence,,
,,,,
,AS 24,AS 24,,
,,Station service,,
,,Postes de recharge BioGNV,,
,,Postes Diesel et AdBlue,,
27250001,Leader Price,Leader Price,,
,MOWAG,MhW Mineralölhandel,Tankpool24,
,,,,
,Q8,Q8,Q8,
,Total,Total,Total,
,Total,Total,Total,
54400001,Match,Match,,
49330003,TotalEnergies,TotalEnergies,,
73660001,TotalEnergies,TotalEnergies,,
,,TotalEnergies,,
,Total,Total,,
,,Station-service Le Nayrac,,
,E.Leclerc,Station Service Choisy,,
,,Le Manureva,Brétéché,
,,,,
35750002,Total,,,
,Elan,Elan,,
,Relais d'Étiolles,,,
,Elan,Elan,,
,Carrefour,,,
,BP,BP,,
,AS 24,AS24,,
,,Oka 9,,
,Esso,Esso,Esso,
,Aral,Aral,Aral,
,Shell,Shell,Shell,
,,,,
,AS 24,AS 24,Total,
,Coop,Coop Tankstelle,Coop Mineraloel,Allschwil
,Elan,Elan,Elan,
,Q8,Q8,,
,indépendant,,,
,Esso,Esso,,
,BP,BP,,
,,Gedimat Vialleix,,
,Total,Total,,
,Total,Total,,
,Total,Station GNV,,
25550002,,Méca Shop,,
,Super U,Super U,,
,,Neumáticos Bidasoa,,
,Esso,Electric Auto Accessoires,Esso,
,,,,
,,,,
,Avia,Avia République,Avia,
,,,,
,DATS 24,DATS 24 Mouscron,Colruyt,
,Power,Power,Gabriëls,
,,Tank König,König,
,Total Énergie,,,
,TotalEnergies,TotalEnergies,,
,Total,Total Contact,,
,,Total,,
,,,,
,,,,
,Coop,Coop Tankstelle,Coop Mineraloel,Binningen
45100006,Esso,Esso,Esso,
,Total,Total Express,Total,
,Elan,Elan,,
,,,,
,,,,
60100003,Avia,Avia,Picoty,
59146002,Total Access,Total Access,Total,
59650009,Elan,Elan,Elan,
62138001,Auchan,Auchan,,
19000003,Intermarché,Intermarché,Groupement des Mousquetaires,
,,Engie,,
,,Engie,Engie,
,Super U,Super U,super u,
,LIQVIS,Station Gnv Bouc-Bel-Air,,
,Tamoil,Tamoil,Tamoil,
,,la Jonquera,,
,Avia,,,
,TotalEnergies,TotalEnergies,,
,,,,
,BP,BP,,
,Elan,Elan,Elan,
,Elan,Elan,,
,,,,
,Total,Total,Total Energie,
,,,,
76390002,Esso,Esso,,
80700002,BP,BP,,
,Elan,Elan,,
,Carrefour Market,Carrefour Market,,
,Avia,Avia,,
,Eni,Leu,,
,,,Endesa,
,,Garage St Cyr,,
,,Bourrel,,
,,Campus Provence,,
,Total,Total,,
,Avia,Station du Minervois,Avia,
,,AS24,,
,Total,Total,Total,
,Elan,Elan,,
20150003,Vito,Vito,Vito,
15400002,Esso,Esso,SARL Jouve,
,,Garage Alevêque,,
,Nervol,Nervol,,
,,,,
,,,,
,Total,Total,,access
,Avia,Avia,,
,Elan,,,
,,Garage Moreau,,
,Elan,Elan,,
,BP,BP,,
,,,,
61440001,,Garage Letallec,,
16110003,Casino,Casino,,
,,,,
,Elan,Elan,,
18140003,Esso,Esso,,
69360008,BP,BP,,
,,,Spar,
14100009,Total,,,
,Avia,Avia,,
,Avia,,,
,TotalEnergies,Total,,
2000003,Carrefour,Carrefour,Beresa,
,,24/24,,
38121001,,Station du Grand Chemin,,
,,,Armorine,
,E.Leclerc,Station Service E. Leclerc,,
64450002,Elan,Elan,SARL SERIS Philippe,
,,S.A.R.L Boterf,,
,,,,
44320003,Total,Total,Garage Bois St Lys,
,,,Frères Jubin,
,,Libreco,,
40190004,Esso,,Esso,
45120009,Intermarché,,,
,,,,
,,,Elan,
,,Le Troisième Lieu,,
,Tamoil,Tamoil,,
69400016,Dyneff,Dyneff,,
30410002,,Station-service Geoffroy,,
,,Station-service du Clavier,Esso,
,,Full automatic (CB and cash),"CHF and EURO cash, CHF for CB (fees)",
,AS 24,AS 24,,
,Elan,Elan,,
,Elan,Elan,,
67000025,TotalEnergies,TotalEnergies,,
,,,,
,,Seve Claudius,,
45170007,Total,Total,,
,Ecowgaz,,,
3150007,,PowerFuel,,
56100013,Total Contact,Total Contact,,
75020014,Total,Total Mortier,,
,Elan,Elan,,
,,,,
,Esso,Esso,,
,Elan,Elan,Jean-Claude Beaugrand,
,Elan,Elan,Elan,
,Shell,Shell,Shell,
39190006,,Maximarché,,
30000009,Campus,Campus,Campus,
,Engie,,Engie,
,Engie,,Engie Solutions,
,ENGIE,ENGIE,GDF Suez,
,AS 24,AS 24,,
,E. Leclerc,,,
,,,,
,BP,BP,BP,
,Shell,Shell,Shell,
33520005,Esso Express,Station-service Esso Express,,
,,,Elan,
,Jubin,Bonny SA,Jubin,
,,Garage Meyer,,
,,,,
,,,,
,E. Leclerc,,E. Leclerc,
,,,,
,Super U,Super U,Super U,
,Elan,Elan,,
,,Station essence (automate),,
,Carrefour,Carrefour,,
,Elan,Elan,,
,,Station Service Ségur,,
,Aire des Fenouillèdes,Aire des Fenouillèdes,,
59880002,Total,TotalEnergies Contact,,
,,Station GNV SIMOUV,SIMOUV,
,AS 24,AS24,AS24,
,PMO,PMO,PMO,
,,AVGAS 100LL,Aéroclub de Narbonne,
,,,,
14500007,,Station V espace de coworking,,
,Engie,,Engie,
,,,Keolis Grand Nancy,
,,,Keolis Grand Nancy,
,Wins,Wins,,
,Elf,Elf,,
,BP,BP,,
,Total,Total,,
,Dyneff,Dyneff,Dyneff,
,Aral,Aral,Aral,
,Moeve,Moeve,,
,BP,BP,,
,Avia,Avia,Circuit Dijon-Prenois,
,,,,
,,,,
,Elan,Elan,Elan,
,AS 24,AS24 PL,,
88420002,Intermarché,Intermarché,,
62128009,BP,BP Aire de Wancourt Est - Voitures,,
,Repsol,Repsol,Repsol,
,,,,
,,,,
,AS 24,AS 24,,
,Elan,Elan,,
,TotalEnergies,TotalEnergies Petraver,Petraver,
,Elan,Elan,,
,,,,
,,La Pompe,,
66500003,Intermarché,Intermarché,Groupement des Mousquetaires,
,Total,Total,,
,,access Tankcenter Schönbach,,
,,,,
,,,,
,TotalEnergies,TotalEnergies,Garage Rieger,
,,,,
,,,,
,TotalEnergies,TotalEnergies,,
,,Station hydrogène,,
,Freie Tankstelle,Freie Tankstelle,,
,Atawey,,Commune de l'ile d'yeu,
,Seven,,,
,Elan,Elan,Café de la Place,
,,La Cabane,,
60490008,Total Access,Total Access,Total,
,Elan,Station Henri IV,Nicolas SANCHEZ,
,,,,
,,Station des Îles,,
,,TotalEnergies,,
68110006,Total Access,Total Access,,
62100026,Total,Total,Total,
71250006,Total,Total,,
29340001,Total,Total Contact,Total,
62100025,Total,Total,,
24310001,Total Access,Total Access,,
,,,,
,,,,
,Tamoil,,,
,,,,
,,Jubin,,
,,,,
44330002,,Garage Leray,,
,Independent,Garage Angoumare,sarl,
32500003,Avia,,,
,Avia,Avia,Avia,
,,,,
,Elan,Élan,,
,,,,
,Elan,,,
,E.Leclerc,Station Service,,
,,,,
,,,,
75016019,Agip,Agip,,
,Q8,Q8,Q8,
,Elan,Elan,,
,TotalEnergies,TotalEnergies,,
,,,,
38240001,AS 24,AS 24,,
,,TX Express,,
,,,,
,Rudi Rüssel,Rudi Rüssel,,
,,,GRDF,
,,,CERN,
,,Station ENGIE Gaz Naturel Véhicule,ENGIE,
,Elan,Elan,,
,BP,BP,,
,,,,
,AS 24,AS24,,
,,,,
,BP,BP,,
,,,,
,Auchan,Auchan Supermarché,Auchan,
,TotalEnergies,TotalEnergies Am Rheinübergang,,
,Elan,Elan,,
,,,,
,G&V,G&V Express,G&V,
,E.Leclerc,Station Service E.Leclerc,Seven,
,Avia,Avia,,
14140003,Elan,Elan,,
,,Station multi-énergies V-GAS de Bourg-en-Bresse,V-Gas,
,,Proviridis Vgas,V-Gas,
,Esso,Esso,,
,Coop Pronto,Coop Pronto,,
,TotalEnergies,TotalEnergies,,
,Shell,Shell,,
,Dyneff,Dyneff,,
,Aral,Aral,TRB GmbH,
,Shell,Shell,,
,Shell,Shell,Shell,
,TotalEnergies,Mercury,,
,Repsol,Repsol,,
,TotalEnergies,TotalEnergies,,
,,,,
,,Station service,,
,,Liqvis,,
,,,,
80000018,Esso,Esso,Esso,
,Intermarché,Intermarché,,
,Total,,,
13270013,Total Access,Relais Total de la Marronède,,
,,Station Biogaz GNC,,
,Total,Total,,
,ina,Epicerie de Varaire,,
,Q8,Q8,Q8,
,TotalEnergies,TotalEnergies Express,TotalEnergies,
,AS 24,AS24,,
60110004,TotalEnergies,TotalEnergies,,
,,Garage Relais de la Meyrinoise SA (Tamoil),,
37400008,Carrefour Contact,Carrefour Contact,,
33930003,,Station du Centre,,
,,,,
,Aral,Aral,,
,,ED,,
,Shell,Shell,Shell,
,TotalEnergies,TotalEnergies Metzer Straße,Total Deutschland GmbH,
,Esso,Esso,Esso,
,,Shell,Shell,
,Shell,Shell,,
,Aral,ARAL,,
,Shell,Shell,,
,Agip,Agip,,
,Shell,Shell Tankstelle Markus Paul,,
,,Tank-Eck,,
,,Aux Saveurs de Tom,,
,Total,Total,,
,Avia,AVIA,,
,TotalEnergies,Total Énergies,,
,Total Contact,Total Contact,,
,Engie,,Engie,
,Esso Express,Esso Express,Esso Express,
94100012,Carrefour,Carrefour des Nations,,
,TotalEnergies,TotalEnergies,La Chapelloise,TotalEnergies
,,Freie Tankstelle,Birgit Sedelmeier,Freie Tankstelle
,,,,
81260003,TotalEnergies,TotalEnergies,Renault Vialaret,
,TotalEnergies,TotalEnergies,,
,TotalEnergies,Relais Total de Venoy,Total,
,,GNVert station,Engie,
,BP,,,
,TotalEnergies,Total,Garage Berthelem,
2600007,Total,Total,Garage de la Forêt,
,,Petrole Fioul,,
,,,,
,Migrol,Migrol Tankstelle Wasgenring,Migrol,Basel Wasgenring
,DATS 24,DATS 24 Péruwelz,Colruyt,
,Gabriëls,Gabriëls,Gabriëls,
,Avia,Avia,Avia,
29160002,TotalEnergies,Total,,
,E.Leclerc,Station Service Garage Meyer,,
,TotalEnergies,TotalEnergies,,
,,Relais de Mielan,,
,,Station GNC,,
,E.Leclerc,Station Service E. Leclerc,,
,,,TotalEnergies,
,,,,
58470004,Avia,Avia,Avia,
,Garage combe,Station essence Garage combe,Garage combe,
,,,,
40660004,,Garage Montier,Garage Montier,
,Intermarché,Intermarché (poids lourd),Groupement des Mousquetaires,
,,YS blue,Ysblue,
22400007,TotalEnergies,Total Access,Total,
,AS 24,AS 24,,
33250002,TotalEnergies,Station Total,,
,TotalEnergies,Total,,
,Elan,Elan,Garage Hoerle,
,,Garage Claus,,
67620001,TotalEnergies,Total,Total,
,Avia,Avia,,
15110001,Total,Total,Garage Fabre,
,,,,
,TotalEnergies,TotalEnergies,Total,
,Esso,Esso,,
,Elan,Elan,Elan,
71500005,Avia,,,
,,Station Communale,,
,Elan,Elan,Elan,
,TotalEnergies,TotalEnergies,,
,,Station service communale,,
,TotalEnergies,TotalEnergies,,
,TotalEnergies,Total,,
,,Freizeitcenter Oberrhein,,
,,Station service 24/24,,
,,,,
,,,Alexandre Pascal,
,,,,
,,Öl Schneider,Oel Schneider GmbH,
,,Goedert,Goedert,
,Esso,Esso,Esso,
,ARAL,ARAL Tankstelle Christian Müller,,
,,Station Gaz Naturel Véhicules,Bretagne Mobilité GNV,
,Texaco,Tahon,Tahon,
,,Ets Aubry Et Fils,,
,AS 24,AS 24,,
,,E.s.a.m.e.,,
,,Carrosserie Du Moulin,,
38330005,Avia,Avia,,
1000004,Total,Station Total,Total,
,Independent,Station Fréchet EURL,,
,,,,
,,,,
,,,,
,Carrefour Contact,Carrefour Contact,,
,Gabriëls,Gabriëls,Gabriëls,
,Spar,,,
,,,,
,Total,,,
,TotalEnergies,TotalEnergies,,
,TotalEnergies,TotalEnergies,,
,BP,BP,BP,
,Intermarché,Intermarché,Groupement des Mousquetaires,
,,Hosson Combustibles,,
24160002,TotalEnergies,Total Excideuil,,
,,Brossier énergie,,
,TotalEnergies,TotalEnergies Contact,,
,,,,
,,Station-service communale,Mairie de Landivy,
,,,,
,TotalEnergies,GT Auto Pneus,TotalEnergies,
,,,,
19210002,Système U,Station U,,
,,Station-service Aral,,
,,,,
,,,,
,,,,
,,Combet services,,
,Elan,Elan,SARL PEDURTHE,
57270002,TotalEnergies,TotalEnergies,SARL GMS AUTO,
,,,,
,AS24,AS24,AS24,
,,,,
,Avia,Avia,,
,,,,
,,,,
,,,,
,,,,
,,,,
,TotalEnergies,TotalEnergies,,
,Total,Total,,
,Naturgy,L/CNG station,Gas Natural Europe,
,Elan,Elan,,
,,The Gazoline Stand,,
12270001,Intermarché,Intermarché,Intermarché Contact,
,Repsol,Repsol,Repsol,
,,,,
,,Elephant Bleu,,
,,,,
,TotalEnergies,Total Contact,Total,
,,,Marguet,
,,,,
,,,,
,Total,Total,SARL Automobiles du Centre,
,Elan,,,
,Total,,,
,Elan,Elan,,
,Eni,Eni,,
,Total,,,
,,Station multi-énergies d’Apprieu,GEG,
,TotalEnergies,TotalEnergies,Busschaert,
,,Mini Prix,,
,TotalEnergies,Total Dudelange,,
,Q8 Easy,Q8 easy,,
33440001,,Garage Vincent,,
57350001,Auchan,Auchan,,
,TotalEnergies,TotalEnergies,,
,,,,
75019017,TotalEnergies,Relais des Chaufourniers,Total,
,TotalEnergies,Total,,
15000014,Total,Total,,
,Avia,,,
,,ARAL,,
,,Proxi,,
,,Auvergne Carburants,,
,,,,
,TotalEnergies,TotalEnergies,,
,TotalEnergies,TotalEnergies,,
,Elan,Elan,Carrosserie Moderne Pernet et Fils,
,BioGNV du Confluent,Station BioGNV,,
,,,PMO,
,Shell,Elizatxo Shell,Disa,
,AS 24,AS 24,,
,PMO,PMO,PMO,
,,,,
,Shell,Shell,Shell,
,Aral,Aral,ATR Südbaden GmbH,
,TotalEnergies,Total Contact,,
10310001,TotalEnergies,Total,,
,Intermarché,Intermarché,,
,TotalEnergies,TotalEnergies,,
,,GNVert station,GNVert S.A.,
,Gabriëls,Gabriëls,Gabriëls,
,Super U,Super U,Super U,
,,,,
,Endesa,Endesa,,
,,Shell,Shell,
,Europam,Europam,Europam S.p.A.,
,TotalEnergies,TotalEnergies,,
,,Bio GNV,Agribiomethane Carburant,
,AS 24,AS 24,,
,8 à Huit,8 à Huit,8 à Huit,
,Esso,Esso A50 Aire de la baie de La Ciota,,
,Tamoil,Tamoil,,
,Esso,Esso,,
,Esso,Esso Truck Fuel,,
26250003,Esso,Esso,,
,Proxi,Proxi,,
,,,,
,V-gas,Station GNV Mat de Ricca,OG Clean Fuels,
,Total,,,
,Intermarché,,,
,,Désafectée,,
,Agip,Agip,Agip,
,,Super U PL,,
,,,,
,,,,
,Shell,Shell,Shell,
,Avia,AVIA Thevenin & Ducrot Distribution,,
,Avia,AVIA Thevenin & Ducrot Distribution,,
3600004,TotalEnergies,Station du Centre,,
,TotalEnergies,TotalEnergies,Total,
38500003,,LIDL Carburants,,
,,,,
,,,,
,,Au coin perdu,,
,,,,
,,,,
,,,,
,,Relais Service de Born,ESAT Clairvivre,
,Intermarché,Station Carburant Intermarché,,
,Elan,Elan,,
,Super U,Super U,Super U,
,Avia,Avia,,
42100021,TotalEnergies,TotalEnergies,,
,AS24,,,
,Esso,Esso,,
,AS 24,As24,,
,ecoStop,ecostop,,Basel Feldberg
,Intermarché,Intermarché,,
95560003,Esso,Esso,,
30126009,Auchan,Auchan,Auchan,
,,"SP 98, SP 95-E10, gasoil, station de gonflage.",,
,Eni,Eni,ENI,
,,Jubin Station des Moraines,,
14640001,TotalEnergies,TotalEnergies,,
,,,,
,TotalEnergies,TotalEnergies,,
,Gulf,Gulf,,
,,,,
,,Station GNV Altens MORET-LOING-ET-ORVANNE,Altens,
,TotalEnergies,,,
,Avia,,,
17520002,Total,TotalEnergies,La mécanique Jarnacaise,
69100022,TotalEnergies,Total,Total,
,,,,
,Aral,Aral,Sven Meyer,
,,,,
,Système U Poids Lourds,,,
,TotalEnergies,TotalEnergies,,
,Migrol,Migrol Tankstelle St. Alban,Migrol,Basel St. Alban
,TotalEnergies,Total Energies Contact,,
,TotalEnergies,Station TotalEnergies PL,,
,AS 24,AS24,,
,,TotalEnergies Contact - Sutter,Total Energies,
,Carrefour,Carrefour City,,
,,gazoil port guillaume,,
,TotalEnergies,TotalEnergies,,
,,,,
,TotalEnergies,TotalEnergies,,
,,Total,,
,Oel Schneider,Oel Schneider Saarbrücken-Rodenhof,,
30130013,Intermarché,Netto,,
17000011,Esso Express,Esso Express,,
,,,,
,TotalEnergies,Total Access,,
,SOCAR,Socar Meyrin,Socar,
,Shell,Shell,Shell,
,Shell,Shell,,
,BP,Station BP,BP,
,,,,
,TotalEnergies,Total Essey-et-Maizerais,Garage Marc,
,Casino,Casino Express,,
31000016,TotalEnergies,TotalEnergies Access,,Toulouse Roseraie
,Total Énergie,,,
,,GNVert station,GNVert S.A.,
,,Quai des énergies,CNR;Engie,
33990003,TotalEnergies,TotalEnergies,Garage Dulucq,
,,Station Essence Peugeot,,
33750007,TotalEnergies,Total,,
44130002,TotalEnergies,Total,,
49690001,TotalEnergies,Total,Garage Claude Poireau,
,,Gasolinera Boya,,
,,Hympulsion,,
,AS 24,AS 24,,
55200001,MATCH,MATCH,,
,gaz-up,gaz-up,,
,TotalEnergies,TotalEnergies,TotalEnergies,
,Dyneff,Dyneff,,
,Elan,Elan,Elan,
,Repsol,Repsol,,
,Repsol,Repsol,,
,,DSR Auto Passion,,
,Q8,Q8,Q8,
,AS24,AS24,,
,,Peugeot,,
36110004,TotalEnergies,Total,Garage Philippe Tricoche,
,Endesa,,,
,,SOGEP - Société Genevoise des Pétroles,,
,,,,
49630003,Total,Total Contact,,
,,Station communale de Feniers,,
,TotalEnergies,Total,,
,TotalEnergies,TotalEnergies,,Quiévrain
38800003,TotalEnergies,Relais Villancourt,KURSER,
,T-Express,T-Express,,
,,,,
,BP,BP,,
,Engie,,Engie,
,Avia,Station Essence Avia,Garage Patraut,
,,Van Daele,Total,
70000002,TotalEnergies,Station du Lac,Total,
,,Tankcenter Saarbrücken,,
,E.Leclerc,E. Leclerc,,
,,Station H₂,,
,Avia,Avia Relais de Lux,,
81190001,TotalEnergies,TotalEnergies,TotalEnergies,
76220001,Auchan,Auchan,,
,Total,Station Service,,
,,,,
,,Station Bio-GNV,Témob,
,,Essence 32,,
,Vendée Énergie,Station Bio GNV,Vendée Énergie,
,Vendée Énergie,Station Hydrogène Vert,Vendée Énergie,
,HyPort,Station hydrogyène HyPort,HyPort,
,Carrefour Market,Carrefour Market,,
,Shell,Shell,Shell,
33730001,TotalEnergies,TotalEnergies,DVS Auto,
,Carrefour,carrefour contact,Avia,
,Independent,,,
76280004,TotalEnergies,TotalEnergies,,
,TotalEnergies,TotalEnergies,,
76600023,TotalEnergies,Total Automat',,
,,,H2 Metz,
,TotalEnergies,Total Contact,,
,Avia,,,
,Total Contact,Station service,,
93700006,Esso,Esso,,
22320005,Carrefour,Carrefour,,
13600006,Avia,,,
13920004,Carrefour,Carrefour Market,,
,,,,
,Gabriëls,Gabriëls,,
,Shell,Shell,Shell,
,AS 24,AS 24,,
,Esso,,,
,,Station Garage du Prévoux,PNEUS Jeanneret SA,
,TotalEnergies,TotalEnergies,,
,TotalEnergies,TotalEnergies,,
,,De la Brière,De la Brière SARL,
13115001,Total,,,
,Shell,Shell,Shell,
71400012,Total Access,Total Access,,
83340006,Avia,,,
,E. Leclerc,,,
,,Leitstelle des Rettungsdiensts,,
,,,,
,Avia,Station Service Bateau,,
13750004,TotalEnergies,Total,,
,Aral,Aral,,
,Aral,Aral,,
13010012,Independent,Claudel Automobiles,,
,Super U,Super U,Super U,
,,,,
,AS24,,,
19350001,Carrefour,Carrefour Contact,,
,,,,
,Shell,Shell,Shell,
,Meroil,Meroil Puigcerdà,Meroil,
,,,,
,,,,
,,,,
,,Station Paupe,,
,AS24,AS24 Nantes est,AS24,
,,Garage Pascal,,
,TotalEnergies,TotalEnergies,,
43360003,Avia,Avia,,
,,Station service,,
,,Garage Viannes,,
,TotalEnergies,TotalEnergies,,
34410007,Dyneff,Dyneff,,
,TotalEnergies,,,
67660002,TotalEnergies,Total,Total,
44470007,TotalEnergies,TotalEnergies,,
,TotalEnergies,Total Energies,,
,Avia,Avia,,
36300002,Avia,Avia,,
,Avia,Avia,,
,,Garage Peugeot,Julien Faucher,
74190005,Avia,Avia,,
75014008,Avia,Avia,,
,Avia,Avia,,
,Avia,Avia,,
,Avia,,,
19330001,Avia,Station essence Avia,,
,Avia,,,
,Avia,,,
,Avia,Avia,,
,Elan,Elan,,
,Avia,Avia,,
,,Au machon du lavoir,,
,TotalEnergies,Gas Station,,
,,Brétéché,breteche,
,TotalEnergies,TotalEnergies,,
,TotalEnergies,TotalEnergies,,
,Total,Total,,
42680001,TotalEnergies,TotalEnergies,,
,,Garage Lac,,
,,Station Poids Lourds,,
,Avia,Avia,,
,,Garage Rougié,,
,Renault,Agence Gay,,
81370002,Total Contact,Total Contact,Total,
,Elan,Tabac Presse Saint-Antoine,,
,Elan,,,
,,,,
,,Tankstelle am Saarbasar,Petra Wax,
,La station,Station U,,
,Intermarché,Intermarché,,
,Super U,Super U,Super U,
,,,,
,,Station service de Générargues,,
,Citroën,Garage Godon,,
,Peugeot,Garage Barthe,,
,AN Energéticos,AN Energéticos - Etxalar,Cooperativa Usoa,
,,Station Service Municipale,,
,,,,
,Super U,Super U,,
,,,,
,Avia,Avia,,
,Avia,Avia,,
,Avia,Avia,AVIA,
,Avia,Avia XPress,,
,Avia,Avia,,
,Avia,Avia,,
,,,,
,TotalEnergies,Total Access,,
,Total,Total,Garage Gauvrit,
67000026,TotalEnergies,Total Access,Total,
,Elan,Elan,,
,Elan,Elan,,
,Avia,SARL Laforesterie,,
59600006,Total,TotalEnergies,Total,
,Total,Total,Total,
,TotalEnergies,TotalEnergies,,
,Total,Total,,
13640001,Total,Total Contact,,
,TotalEnergies,Total,,
,Esso,Esso,,
,,Gaz'up,,
,Avia,Avia,,
,Total,Relais Les Volcans d'Auvergne Ouest PL,,
,,Station-service du Val d’Arly,,
,Super U,Super U,,
,Super U,Super U,,
,,Haut-Verdon,,
,,,,
,Shell,Shell,Frank Hillebrand GmbH,
,AS24,AS 24,AS 24,
,BP,BP,,
,Shell,Shell Autohof Dreiländereck Binzen,Wolfgang Grethe,
83200006,Auchan,Auchan,,
44350003,TotalEnergies,Station Total,Total,
,Shell,Shell Truck,,
,Avia,Station AVIA Allier Saulzet Restauration,,
37300006,Esso Express,Esso Express,,
,Elan,Garage Le Hée Conan,,
19360001,Casino,C. C. Géant Casino,Casino - FERMÉ,
83600019,Total,Total - Relais Corniche d'Azur,,
6150012,Auchan,Auchan Station service,Auchan,
,,,,
10430001,Intermarché,Intermarché Rosières,SAS Rodis,
84000019,TotalEnergies,TotalEnergies,,
,Avia,Avia,,
,Avia,Avia,Établissement Henriet,
,,,,
,TotalEnergies,Total,,
,Shell,Shell,Shell Station Dieter Huth GmbH,
,Coop Pronto,Coop Pronto,G. Persico GE Charmilles GmbH,
,Avia,Avia,,
,Total,Total,,
,Intermarché,Station Service Intermarché,,
,Air Liquide,L-Cng station,Air Liquide,
77140013,Auchan,Auchan,,
,Elan,Elan,,
,Avia,Avia,,
,Avia,AVIA,,
,Avia,Avia,ESAT,
,Avia,Avia,,
,Avia,Avia,,
,Tamoil,Tamoil,,
,,,Saarbahn GmbH,
,TotalEnergies,TotalEnergies Martin-Luther-Straße,Herr Galgenmüller,
13750004,AS 24,AS 24,,
,Engie,Station ENGIE Gaz Naturel Véhicule,Engie,
,Avia,,,
,station U,,,
,Aral,Aral,Aral,
,Aral,Aral,,
35000013,Malo express,,,
,TotalEnergies,Total,Mr RASCHETTI Fabrice,
,Tamoil,Tamoil Pierre-à-Bochet,Tamoil,
,Aral,Aral,,
,,,,
,,,Eroski,
,,MTB,MTB,
,,,Énergie en Finistère,
,,Station Service SuperU Binic,,
,,Station Service SuperU Binic (Guichet),,
,TotalEnergies,Total,,
,TotalEnergies,TotalEnergies,,
,AS 24,AS 24,,
,AS 24,AS 24,,
,Elan,TotalEnergie,,
,Avia,Avia,,
,Avia,Avia,,
,TotalEnergies,Total Contact,M. Castagnet Jean-Claude,
,,Valibhay Ets.,,
,Independent,Waag,Waag,
,Engie,,,
,TotalEnergies,TotalEnergies,,Bernissart
,TotalEnergies,Total Access,Total,
,Intermarché,Intermarché,,
83510005,Esso Express,Esso Express,,
,AS 24,AS 24,,
39330001,Intermarché,Intermarché,DATS 24,
,Delmas Carburants,Delmas Carburants,,
82400012,Netto,,,
,Avia,Avia,,
79600001,Avia,Avia,,
,TotalEnergies,TotalEnergies,,
33130006,Esso Express,Esso Express,,
,,,,
,,Causse Service,,
,,,,
,TotalEnergies,TotalEnergies,De Cecco,
,Energies en Finistère,Station Biogaz pour Véhicules,Syndicat Départemental d’Énergie et d’Équipement du Finistère,
79004001,E.Leclerc,Station Service E. Leclerc,E. Leclerc,
,Système U,La Station U,Système U,
17160003,Casino,Casino,,
,Super U,Station-service Super U,,
,,,,
,Hyris,Hyris - Avia - Nice,Hyris,
77310006,BP,ESSO,,
,Avia,Avia,,
,Carrefour,Station service Poids Lourds,,
,Total,Total,Total,
,,Station GNV,GazUP,
,Esso,Esso,,
,,,,
,V-GAS,V-GAS,OG Clean Fuels,
,,,,
,Shell,Shell,Shell,
,Total,,AS24,
,,Station GNV Altens MORET-LOING-ET-ORVANNE,Altens,
,,Intermarché Longeau,Intermarché,
,Total Contact,Total Contact,Elan,
,,,,
23300012,TotalEnergies,TotalEnergies,,
,,,,
,,,,
,Q8,Station IDS,,
,Avia,Avia,,
33220003,Station-service de La Trapelle,Station-service de La Trapelle,,
,,HYmpulsion,HYmpulsion,
,Shell,Shell,,
,Super U,La Station U,Super U,
33100001,Auchan,Auchan,,
,,,Edeis,
,Carrefour,Carrefour,,
,,,,
76140002,Leader Price,Leader Price,,
,,Station GNC Riom,,
,Independent,Spirit,,
,Gabriëls,Gabriëls,Gabriëls,
,,,Stef,
,Avia,AVIA - Gasolinera Uranzu,Avia,
,Repsol,Repsol,Repsol,
,Easygas,Easygas Hondarribia,Easygas,
,Easygas,Easygas Hondarribia,Easygas,
,,Tortuga Zalain,,
,Petromiralles,Estación de Servicio Petromiralles Bera,,
,Repsol,Repsol,,
,Repsol,Petrocat,Petrocat,
,Repsol,Petrocat,Petrocat,
,Landibar,Landibar,,
,Petronor,Petronor,Repsol,
,Dyneff,Dyneff,,
,BP,BP,,
,BP,BP,BP,
,,,,
,Repsol,Repsol,Repsol,
,Galp,Galp,Galp,
,Galp,Galp,Galp,
,Repsol,Repsol,Repsol,
,Repsol,Repsol,Repsol,
,,H2 Créteil,,
,TotalEnergies,Total,,
,TotalEnergies,TotalEnergies,,
,E.Leclerc,Station service du Camas,,
,,,,
,,Hydrogène,GNVert,
,,,,
,Aral,Aral Tankstelle Stefan Kröner,ARAL,
,Total,Total,Relais Total du Mont-Saint-Michel,
,,,,
51100057,Shell,Shell,Shell,
,,,Vendée énergie,
91140002,TotalEnergies,Total Access,,
,Carrefour,Carrefour,,
,Air Liquide,Air Liquide,Air Liquide,
,Tamoil,Tamoil Perly,,
,Shell,Shell,,
,TotalEnergies,Total,Elan,
,ED,ED-Tankstelle Hornbach,Autohaus Hornbach GmbH und Team,
,,Tankstelle Lambert,,
,TotalEnergies,Total,,
,TotalEnergies,TotalEnergies - Porte de Clignancourt,,
,,Station Hydrogene Hysetco,,
,Air Liquide,L/CNG station,Air Liquide,
,Total,,,
85100003,TotalEnergies,Setacam,,
,Gabriëls,Gabriëls,Gabriëls,
,,,AVIA,
,Texaco,Esso EG 1,,
,Aral,Aral,,
,Shell,Shell Migrol Basel Nord-Weil,Migrol,Migrol
,RS Trucks,RS Trucks,,
,Intermarché,Gaz Intermarché,Intermarché,
,U,U Énergie,Super U,
,TotalEnergies,,,
,TotalEnergies,,,
,,Station Hydrogene Hysetco,,
,,Station Hydrogene Hysetco,,
,,Station Hydrogene Hysetco,,
,,,,
,,,,
,,GEG,Gaz et Électricité de Grenoble,
,DATS 24,DATS 24,,
,,,,
,Independent,Jouany et Fils,,
,,Garage Delsouc Michel,,
,,,,
,Shell,Shell Express,,
,Armorine,Armorine,,
,,,,
,Shell,Shell Allschwil,Shell (Switzerland),Allschwil
,,Globus Tankstelle,Globus,
,,,,
,Soccar,,,
,TotalEnergies,TotalEnergies,,
,,,Engie,
,Netto,Netto,,
,,,,
,,,,
,,,,
,Carrefour,Carrefour,,
20214001,Esso,Eni,,
,,Avitaillement avion,,
,BP,BP,BP,
15250003,TotalEnergies,Total,,
,AS24,AS 24,,
,,Station BioGNV,,
,,Station de la Petite Gare,,
5230004,Élan,,,
,,,Communauté de communes Champsaur-Valgaudemar,
,,,,
,,,,
,,,,
,,Station AuxHYGen,Hynamics,
,BP,BP,,
38470002,Super U,,,
,,Station hydrogène port de Cherbourg,SPIE,
,HysetCo,HysetCo,HysetCo,
61140004,Intermarché,Intermarché,,
34400018,TotalEnergies,Total Access,Relais La Pétiole,
,,,,
,,,,
,,Station Meyrina,,
14100008,Avia,Avia,,
57124001,Shell,Shell,Avia,
,Système U,Station Super U,,
,,,,
,Intermarché,Intermarché,,
,,,,
,,,,
,,,,
,Total Contact,Total Contact,,
,TotalEnergies,TotalEnergies,,
,Auchan,Auchan,Auchan,
,Shell,Shell,,
,Avia,Avia,,
68390004,TotalEnergies,Relais Total De Battenheim,Total,
,,,,
,,,,
,AS 24,AS 24,AS 24,
,Fina,,,
,Liqui-Moly,Brennstoffe Köhler,Brennstoffe Köhler GmbH,
41350008,Total Access,Relais Vineuil Denis Papin 2,,
,,Ets QUARGNUL,,
27000006,Intermarché,Intermarché,Intermarché,
,Globus,Globus Saarbrücken-Güdingen,Globus,
,TotalEnergies,Total Contact Chavanay,,
,Intermarché,Intermarché,,
,Total,Total,Total,
77500009,TotalEnergies,TotalEnergies,,
,U,U Ėnergie,,
,,Hyperservice,,
,,Esso,,
,HEM,HEM,,
,,,,
,,,,
,Jubin,Jubin,,
,,G20,,
85440002,TotalEnergies,Total,,
,,,,
,,Station avitaillement avion,,
,,,,
,Caux Distribution,Caux Distribution,Caux Distribution,
61700003,Carrefour,Station-Service Carrefour Market Domfront,,
,Carrefour,Carrefour,Carrefour,
,Esso,Esso Charles de Gaulle,,
,,,Elan,
,,,,
,Elan,Elan,,
,AS 24,AS 24,,
93250004,Esso,Esso du Chalet,Esso,
63000025,TotalEnergies,TotalEnergies,,
74300011,,Spar,,
,Independent,Grenacher SA,Grenacher SA,
35650003,Intermarché,Intermarché,,
71380003,Carrefour,Carrefour Market,,
83700008,Auchan,,,
25200007,Total Access,Total Access,Total Access,
36330001,Shell,Station Shell,Shell,
,Esso,Esso,EG Group,
,Q8,Q8 Brackman,Q8,
,Esso,Esso,EG Group,
,E.Leclerc,Leclerc,,
,AS 24,AS 24,,
,V-GAS,V-GAS,Proviridis,
,Total,Total,,
,E.Leclerc,Station Service E. Leclerc,,
,ED,Tankstelle ED,,
,,,,
,,,,
,Aral,Aral,Stefan Bernhard,
,Ruedi Rüssel,,,
,,Station service municipale,Commune d'Arvieu,
,Air Liquide,Station GNV Air Liquide,Air Liquide,
,TotalEnergies,Total,,
,,,,
,,Avia,Avia,
,Esso,Esso,ESSO,
,Intermarché,Station Intermarché,Groupe les Mousquetaires,
,Elan,Elan,,
,Air Liquide,CNG station,Air Liquide,
,TotalEnergies,Carburant TotalEnergies,,
,Intermarché,intermarché,,
94150006,TotalEnergies,Total Access - Relais Rungis Lindbergh,Total Energies,
,Coop,Coop Tankstelle,Coop Mineraloel,Therwil
,,,,
,AS 24,AS24,,
,,,,
,,L'Étape,,
,,,,
95220006,TotalEnergies,TotalEnergies,Total,
,,,,
,,,,
,TotalEnergies,TotalEnergies,TotalEnergies,
,Shell,Truck Shell,Shell,
,TotalEnergies,TotalEnergies,TotalEnergies,
,Total,Total,,
,Total,Total,Total,
,Dyneff,Dyneff,,
,Q8,Q8,,
,,,,
67500012,Auchan,Auchan,,
,,Station du Dévoluy,,
,Esso Express,Esso Express,,
,Total,Total,,
,Avia,Avia,,
,,,,
,Aral,ARAL,Aral,
,,Fache Carbures,,
,AS 24,AS 24,AS 24,
,Gaz'up,Gaz'up,Enerjump,
,,,,
,,,,
,Carrefour,Carrefour,Carrefour,
,Carrefour,Carrefour,,
,Intermarché,Intermarché,Intermarché,
,Total,Total énergie,,
,,Yacco,,
,,,,
,Socar,Socar,Socar,
,,,ACOL,
,,Carrefour Express,,
,Gulf,Gulf,Gulf,
,Esso,Esso,,
74300008,Esso Express,Esso Express,,
,,,,
,,,,
,Esso,Esso Terre Rouge,Esso,
,Carrefour,Carrefour,,
,,,,
,,,,
,,station ZT,,
,,,,
,Shell,Shell,Shell,
,,Station Hydrogène,ACO,
,,,,
,,,,
,,,,
,AS 24,AS 24,,
73190001,Carrefour,Carrefour,,
,TotalEnergies,TotalEnergies,,
,TotalEnergies,TotalEnergies,Garage Renault Olivier Osmont,
,Total,Total Contact,,
,,Proxi,,
,TotalEnergies,TotalEnergies,TotalEnergies,
,Esso,Esso,Carlo Bernard,
,,Spar,,
,Independent,Petrolys,,
,Total,Total Énergie,,
,Total,Total,Total,
,Aral,Aral,Aral,
,Esso,Esso,Esso EG,
,BP,BP,,
,TotalEnergies,TotalEnergies,,
29870003,Total,Total,,
3110001,Total,Total,Total,
67540004,Total,Relais Oswald Est,Total,
,Air Liquide,L/CNG station,Air Liquide,
,,GEG,Gaz et Électricité de Grenoble,
92400019,TotalEnergies,TotalEnergies,,
68500001,Total,Total,,
28100006,Total Access,Total Access,Total,
,,,,
,Migrol,Migrol Service,,
,Mini Prix,Mini Prix,,
,Eni,Eni,,
,,,,
,Shell,Shell,,
,Engie,Engie,,
,E.Leclerc,Station Service E.Leclerc,,
,Air Liquide,,Air Liquide,
,bft,Tankstelle & Werkstatt Kupper,Kupper,
,,,,
,Elan,ELAN,,
,Avia,,Avia,
,,,,
,Avia,AVIA Gaz Naturel,,
,Esso,Esso,Esso,
,Total,Total,,
,,Power shop,,
,,Chez Moise,,
,Esso,Esso,,
,Q8,Q8,,
,,GEG,Gaz et Électricité de Grenoble,
,,Motrio,,
,Avia,Avia,,
,E. Leclerc,Station service E. Leclerc,E. Leclerc,
20260005,Vito,Vito,BP,
,AS 24,AS24,,
64130004,Total,Total,SARL SS des Pyrénées,
,AS24,,,
,Engie,,,
,Total,Total,Total,
,,,Super U,
,,Chez Daucourt,,
,,Franprix,Groupe Casino,
28410003,Carrefour Contact,Carrefour Contact,Carrefour,
,,,,
,,Station Engie Gaz Naturel Comprimé (GNC),Engie,
,,Station service ADBM,ADBM,
,Fulli,Fulli - Aire du Bourbonnais (poids lourds),Fulli,
95800007,,,BP,
,E.Leclerc,Station Service E.Leclerc,,
,,Garage Pelhate,,
63100003,Auchan,Auchan,Auchan,
,dyneff,Comptoir Rural de l'Aude,,
73000001,Carrefour,Carrefour,Carrefour,
,,,,
50170006,Total,Total,,
18000011,Auchan,,,
,Intermarché,Intermarché,Intermarché,
,Orlen,Orlen,Fam. Ludwig,
,,Garage Lautrec,,
,Shell,Shell,,
,Peugeot,GGE Lievrre,,
,Total,Total,,
,Elan,ELAN,,
,Carrefour,Carrefour,,
,,,,
,V-Gas,,Proviridis,
,E.Leclerc,Station Service PL E. Leclerc,,
,,,,
,,Agrola,,
,,,,
,,Dépot carburant Heliport,ADP,
54000010,Total,TotalÉnergies des Trois Maisons,,
,,,,
71300001,Casino,Casino,Casino,
,,,,
,Carrefour,Carrefour,,
,,,,
,,,,
,,,,
,,V-Gas Manosque,,
,,International Diesel Service,,
,Primagaz-Avia,Primagaz Avia Salaison,Primagaz,
,BP,BP,,
,Total Access,Total Access,,
,Total Access,Total Access,,
,Carrefour,Carrefour,,
,AS 24,AS 24,,
,Vito,Vito,,
34500028,Total,Total Access,,
,Franprix,,Franprix,
,Coop Pronto,Coop Pronto,,
,,,,
59000018,Total Access,Total Access,Total,
13100008,Casino,Casino,,
,Tamoil,Tamoil Perly,,
,,,Mairie d'Orange,
,,,,
,AS 24,AS 24,AS24,
,,,,
,Esso Express,Esso Express,,
,Elan,Elan,SA Curis Michel,
,,Station Hydrogène,,
,Texaco,Texaco Tahon,Tahon,
,Aral,Station Kurek,,
,Ruedi Rüssel,,,
,,,,
,E.Leclerc,Station Service E. Leclerc,,
,,,,
,Elan,Elan,,
,Total Contact,,Avia,
,Power,Power,,
,,,,
,,,,
12350001,,Barrau Franck,,
,Esso,Buffel,,
,Elan,Elan,,
,Shell,Shell,Royal Dutch Shell,
,Super U,Super U Drive,,
,AS24,AS 24,AS 24,
,Total,Total,,
,,,,
,,Garage Pierre Basque Agent Renault Dacia,,
,ELAN,,,
,,Au Pont de France,,
,Wit,Station Le Seau,Station Le Seau,
,AS 24,AS24,,
,AS 24,AS 24,AS 24,
,,,Migrol,
,,,,
,,Station Vito Tino Rossi,,
,BP,BP,,
,Esso,,,
,,Spar,Spar,
,AS 24,AS24,,
,,,,
,Super U,La Station U,La Motte,
,Intermarché,Intermarché,,
,,Atsa&Co,Atsa&Co,
,Esso,Esso,,
20167011,Esso,Relais Esso Acqualonga,,
,Esso,Esso EG 2,,
,Total,Total Energies,,
,,,,
,E.Leclerc,Station Service E. Leclerc,E. Leclerc,
,Total Access,Total Access,Relais Les Trois Marches,
,,Station Leclerc Service,,
,Aral,Aral,,
,,,,
,AS 24,AS 24,,
,AS 24,AS24,Total,
,G&V,G&V Ploegsteert,Esso Express,
,,,,
,,,,
,,,,
,,,,
,,,,
,,,,
71620001,,Maximarché,,
,,,,
54130001,,Match,,
,,,,
60700002,Intermarché,Intermarché,,
,,TICE - Station service,,
,,Garatea,,
,Elan,Elan,Elan,
,,,EuroAirport Bâle Mulhouse,
,,,,
,Total,Total,,
,,Station JET et 100LL,,
91540005,BP,Bp,,
76400004,Élan,,,
91210008,Total,Total,,
,Total Access,Total Access,,
,,,,
,,,,
,,,,
37190001,Total,Total Contact,,
,Total Access,Total Access,,
86380001,Total,Total,,
,Esso,Esso,,
,,,,
9140002,Total,Total contact,,
,Migrol,Migrol Plan-Les-Ouates,Migros,
,Coop,Coop Perly,Coop,
,Shell,Shell Perly,Shell (Switzerland),
,BP,BP Perly,,
,,,,
,AS 24,AS24,,
,,Ponton carburants,,
92230009,Avia,,,
,Total,Total Rodange,,
,Total,Total Rodange,,
,Shell,Shell,,
,,,,
,,Car Motors,,
,,,,
,Miniprix,Garage de Crassier,,
,,,,
26000018,,,Gamm Vert,
21300007,Total,Total,,
,Carrefour,Carrefour,,
64320004,Casino,Casino,,
91230004,Super U,Super U,,
,Esso,Esso,Heinz Drischel GmbH,
,,,,
,,,,
,,SARL Germand et Fils,,
,,,,
,,,Éléphant Bleu,
,,,,
,Total,,,
,,,,
,endesa,station GNV,endesa,
,,,,
,,lot 1454,Mairie de La Valette du Var,
,,Garage de Juliénas,Garage de Juliénas,
,,,,
,,Station-shop Helvetia,,
,Air BP,AVT,Air BP,
,,,,
,,,,
,,Station Service,,
,,,,
,,marine fuel,,
,,,,
,,bp shop,,
93440004,,,Total,
,Migrolino,Migrolino,Socar,
,Tamoil,Tamoil,,
,Migrol,Migrol,Shell,
42130005,,,Netto,
26240007,,,,
,,,,
,,Gaz'up,Gaz'up,
,,De Vrieze,,
,,,Elan,
77880001,Total,Total Contact,Total,
,,,,
,,Garage Torrent,,
,,,,
,,,,
,,,,
,,Garage Rosset,,
,Shell Express,Shell Express,Shell,
,Esso,Esso,End oHG,
,,,,
,,XPO,,
,Intermarché,Intermarché,,
,Intermarché,Intermarché (LPG),,
,Independent,,,
,,,,
,,Viré Automobile,,
,,,Q8,
,,,,
,,,,
,,,,
,Tamoil,Tamoil,Tamoil,
,,,,
,,,,
,Independent,Caserne des Pompiers,SDIS 77,
,BP,,,
,Socar,,,
,Shell,,,
,,garage Motrio,,
,,,,
,,,,
,,Garage Rivollet,,
,,,,
,Station Primeurs,,,
,,,,
,,Esso,,
,,,YACCO,
,,,,
,,,,
,,PMO,,
,,Garage Lacoste,,
,Renault,Carrière et Fils,,
,Elan,,,
,,,,
,,,Q8,
,,,,
,,,,
,,,,
,,,,
,,,,
,,Miniprix,,
,,,,
,Avia,Avia,,
,,Tamoil Pierre-à-Bochet,Tamoil,
,,Station Avitaillement TR0,,
,,,,
,,Ravitaillement aéronef,,
,Eni,Eni,,
,Total,Total,Total,
,,,,
,,,,
,,,,
,,Brétéché,,
,,,,
,,,,
,,,,
,,,Esso Exxon Mobile,
,,,,
,Eni,Eni,,
,Eni,Eni,,
,Avia,Avia,,
,,,,
,,,,
,,,,
,,,Endesa,
,Opel,,Garage Esch,
,,Station privative,Acolyance,
,,Combustibles de l'Ouest,,
,,,,
,,,,
,,,,
,,,,
,Elan,Elan,,
,,Coop Pronto,,
,,Garage Berthon,Avia,
,,Le Relais de l'Argonne,,
,AS 24,AS 24,,
41160001,Carrefour,Carrefour Contact,,
,,,,
,,Garage Lelarge,,
,Avia,Avia,,
25510001,Avia,Avia,,
,,Station Service Municipale,Commune de Saint-Jean-du-Bruel,
88500003,,,Total,
,,,,
62100019,BP,Station BP,BP,
,,Station service 24/24,,
,,CNG,,
,,,,
51700009,,,LECLERC,
,AdBlue 4you,GreenChem,,
,Elan,Elan,Elan,
,AS24,AS24,AS24,
,Elan,Elan,,
,Intermarché,Station d'Essence Intermarché,Groupement des Mousquetaires,
34000001,Dyneff,Dyneff,,
,Agip,,,
,Elan,Elan,,
88000002,Auchan,Station Service Auchan Epinal,Auchan,
35480002,Elan,Elan,,
40000011,Esso Express,Esso Express,,
,Elan,Elan,,
71210001,Géant Casino,Géant Casino,,
,Dyneff,Station Dyneff,,
,Total,Station de l'Armance,Total,
,Elan,,,
,Dyneff,Dyneff,Dyneff,
28403001,BP,BP,,
,Elan,,,
,Avia,Avia,,
80290003,BP,BP,,
,Netto,Netto,Groupement des Mousquetaires,
,Dyneff,Dyneff,,
77170012,Total,Total,,
,AS24,AS 24,,
,AS 24,AS 24,AS 24,
51330002,Esso,,,
,Total,AS24,AS24,
35680001,Elan,Elan,Elan,
,Total,Total,,
,,,,
,,,,
,,,,
,,,,
,,,Elan,
,Total Access,Total Access,Total,
,Esso,Esso,Esso,
,Texaco,Texaco,,
27200002,Total,,Total,
,Elan,Elan,Garage Allard,
,,,,
,Esso Express,Esso Express,,
,Air Liquide,,Air Liquide,
,Air Liquide,,Air Liquide,
,AS24,,AS24,
,Air Liquide,,Air Liquide,
,GN Drive,,,
,Air Liquide,,Air Liquide,
,Air Liquide,,Air Liquide,
,Air Liquide,,Air Liquide,
,Air Liquide,,Air Liquide,
,Engie,,Engie Solutions,
,Naturgy,,Gas Natural Europe,
55000001,Auchan,Auchan,Auchan,
,,,,
,,,,
,,IDS,,
,Elan,,,
,,Relais de Meudon,Margot,
,,,,
,,,,
,,,Shell,
,Avia,Avia,Avia,
27130004,,Libreco,,
,Independent,Ruedi Rüssel,,
,bft,bft,BFT,
,AS 24,AS 24,,
,Aral,Aral,Manske GmbH & Co. KG,
,Elan,Elan,,
16150004,Elan,Elan,,
,,Tankstelle Jürgen Knaul,,
,,ReNo Station,,
,Esso,Esso,Esso,
,Aral,Aral,,
